record_id	matchup	field	current_main_value	proposed_value	source_provenance	reason	category
1786823202677-ahytyi	Islam Makhachev|Ian Machado Garry	boutContext.provenance.sourceUrl	null	"https://www.ufc.com/news/official-weigh-results-ufc-330-makhachev-vs-machado-garry"	src/upcomingData.js @ 1adfd22 (official UFC 330 weigh-in page, retrievedAt 2026-08-14)	official bout-metadata provenance nulled by 65f32e1; restored verbatim from its authoritative source	restored official provenance
1786823202677-ahytyi	Islam Makhachev|Ian Machado Garry	boutContext.provenance.retrievedAt	null	"2026-08-14"	src/upcomingData.js @ 1adfd22 (official UFC 330 weigh-in page, retrievedAt 2026-08-14)	official bout-metadata provenance nulled by 65f32e1; restored verbatim from its authoritative source	restored official provenance
1786823202677-ahytyi	Islam Makhachev|Ian Machado Garry	boutContext.provenance.authority	null	"official"	src/upcomingData.js @ 1adfd22 (official UFC 330 weigh-in page, retrievedAt 2026-08-14)	official bout-metadata provenance nulled by 65f32e1; restored verbatim from its authoritative source	restored official provenance
1786823202677-ahytyi	Islam Makhachev|Ian Machado Garry	_provenance.boutContext.division	"Welterweight"	<removed>	n/a - field absent from all 168 non-UFC330 ROI records	accidental duplicate grafted by 65f32e1; not part of the established schema	removal of accidental duplicated provenance structure
1786823202677-ahytyi	Islam Makhachev|Ian Machado Garry	_provenance.boutContext.isTitleBout	true	<removed>	n/a - field absent from all 168 non-UFC330 ROI records	accidental duplicate grafted by 65f32e1; not part of the established schema	removal of accidental duplicated provenance structure
1786823202677-ahytyi	Islam Makhachev|Ian Machado Garry	_provenance.boutContext.provenance	null	<removed>	n/a - field absent from all 168 non-UFC330 ROI records	accidental duplicate grafted by 65f32e1; not part of the established schema	removal of accidental duplicated provenance structure
1786823202677-ahytyi	Islam Makhachev|Ian Machado Garry	_provenance.boutContext.scheduledRounds	5	<removed>	n/a - field absent from all 168 non-UFC330 ROI records	accidental duplicate grafted by 65f32e1; not part of the established schema	removal of accidental duplicated provenance structure
1786823202677-ahytyi	Islam Makhachev|Ian Machado Garry	unitsWagered	1	1	user decision 2026-08-17 (explicit, final)	user-ratified: both NO BET records store 1; already 1 in ROI, asserted not inferred	user-ratified unitsWagered: 1
1786823202677-ahytyi	Islam Makhachev|Ian Machado Garry	_provenance.captureMode	"live"	"live"	refresh commit 65f32e1 (intentional final pre-fight capture, user-confirmed authoritative)	preserved byte-for-byte; no recomputation	unchanged intentional August 15 final prediction
1786823202677-ahytyi	Islam Makhachev|Ian Machado Garry	_provenance.featureVector.v1.age_dif	-1.3953488372093024	-1.3953488372093024	refresh commit 65f32e1 (intentional final pre-fight capture, user-confirmed authoritative)	preserved byte-for-byte; no recomputation	unchanged intentional August 15 final prediction
1786823202677-ahytyi	Islam Makhachev|Ian Machado Garry	_provenance.featureVector.v1.atd_dif	0.7333333333333333	0.7333333333333333	refresh commit 65f32e1 (intentional final pre-fight capture, user-confirmed authoritative)	preserved byte-for-byte; no recomputation	unchanged intentional August 15 final prediction
1786823202677-ahytyi	Islam Makhachev|Ian Machado Garry	_provenance.featureVector.v1.avg_sig_str_pct_dif	0.39999999999999925	0.39999999999999925	refresh commit 65f32e1 (intentional final pre-fight capture, user-confirmed authoritative)	preserved byte-for-byte; no recomputation	unchanged intentional August 15 final prediction
1786823202677-ahytyi	Islam Makhachev|Ian Machado Garry	_provenance.featureVector.v1.avg_sub_att_dif	0.8714285714285714	0.8714285714285714	refresh commit 65f32e1 (intentional final pre-fight capture, user-confirmed authoritative)	preserved byte-for-byte; no recomputation	unchanged intentional August 15 final prediction
1786823202677-ahytyi	Islam Makhachev|Ian Machado Garry	_provenance.featureVector.v1.avg_td_dif	1.5571428571428574	1.5571428571428574	refresh commit 65f32e1 (intentional final pre-fight capture, user-confirmed authoritative)	preserved byte-for-byte; no recomputation	unchanged intentional August 15 final prediction
1786823202677-ahytyi	Islam Makhachev|Ian Machado Garry	_provenance.featureVector.v1.avg_td_pct_dif	1.0869565217391306	1.0869565217391306	refresh commit 65f32e1 (intentional final pre-fight capture, user-confirmed authoritative)	preserved byte-for-byte; no recomputation	unchanged intentional August 15 final prediction
1786823202677-ahytyi	Islam Makhachev|Ian Machado Garry	_provenance.featureVector.v1.cardio_dif	-1.304166666666667	-1.304166666666667	refresh commit 65f32e1 (intentional final pre-fight capture, user-confirmed authoritative)	preserved byte-for-byte; no recomputation	unchanged intentional August 15 final prediction
1786823202677-ahytyi	Islam Makhachev|Ian Machado Garry	_provenance.featureVector.v1.control_time_dif	1.0944444444444443	1.0944444444444443	refresh commit 65f32e1 (intentional final pre-fight capture, user-confirmed authoritative)	preserved byte-for-byte; no recomputation	unchanged intentional August 15 final prediction
1786823202677-ahytyi	Islam Makhachev|Ian Machado Garry	_provenance.featureVector.v1.deep_round_dif	0	0	refresh commit 65f32e1 (intentional final pre-fight capture, user-confirmed authoritative)	preserved byte-for-byte; no recomputation	unchanged intentional August 15 final prediction
1786823202677-ahytyi	Islam Makhachev|Ian Machado Garry	_provenance.featureVector.v1.elo_dif	3.225806451612903	3.225806451612903	refresh commit 65f32e1 (intentional final pre-fight capture, user-confirmed authoritative)	preserved byte-for-byte; no recomputation	unchanged intentional August 15 final prediction
1786823202677-ahytyi	Islam Makhachev|Ian Machado Garry	_provenance.featureVector.v1.height_dif	-0.5494505494505495	-0.5494505494505495	refresh commit 65f32e1 (intentional final pre-fight capture, user-confirmed authoritative)	preserved byte-for-byte; no recomputation	unchanged intentional August 15 final prediction
1786823202677-ahytyi	Islam Makhachev|Ian Machado Garry	_provenance.featureVector.v1.kd_dif	-0.19600000000000006	-0.19600000000000006	refresh commit 65f32e1 (intentional final pre-fight capture, user-confirmed authoritative)	preserved byte-for-byte; no recomputation	unchanged intentional August 15 final prediction
1786823202677-ahytyi	Islam Makhachev|Ian Machado Garry	_provenance.featureVector.v1.ko_dif	0	0	refresh commit 65f32e1 (intentional final pre-fight capture, user-confirmed authoritative)	preserved byte-for-byte; no recomputation	unchanged intentional August 15 final prediction
1786823202677-ahytyi	Islam Makhachev|Ian Machado Garry	_provenance.featureVector.v1.layoff_dif	-0.035	-0.035	refresh commit 65f32e1 (intentional final pre-fight capture, user-confirmed authoritative)	preserved byte-for-byte; no recomputation	unchanged intentional August 15 final prediction
1786823202677-ahytyi	Islam Makhachev|Ian Machado Garry	_provenance.featureVector.v1.lose_streak_dif	0	0	refresh commit 65f32e1 (intentional final pre-fight capture, user-confirmed authoritative)	preserved byte-for-byte; no recomputation	unchanged intentional August 15 final prediction
1786823202677-ahytyi	Islam Makhachev|Ian Machado Garry	_provenance.featureVector.v1.loss_dif	0	0	refresh commit 65f32e1 (intentional final pre-fight capture, user-confirmed authoritative)	preserved byte-for-byte; no recomputation	unchanged intentional August 15 final prediction
1786823202677-ahytyi	Islam Makhachev|Ian Machado Garry	_provenance.featureVector.v1.peak_elo_dif	2.909090909090909	2.909090909090909	refresh commit 65f32e1 (intentional final pre-fight capture, user-confirmed authoritative)	preserved byte-for-byte; no recomputation	unchanged intentional August 15 final prediction
1786823202677-ahytyi	Islam Makhachev|Ian Machado Garry	_provenance.featureVector.v1.rank_tier_dif	0.2799999999999998	0.2799999999999998	refresh commit 65f32e1 (intentional final pre-fight capture, user-confirmed authoritative)	preserved byte-for-byte; no recomputation	unchanged intentional August 15 final prediction
1786823202677-ahytyi	Islam Makhachev|Ian Machado Garry	_provenance.featureVector.v1.reach_dif	-0.37037037037037035	-0.37037037037037035	refresh commit 65f32e1 (intentional final pre-fight capture, user-confirmed authoritative)	preserved byte-for-byte; no recomputation	unchanged intentional August 15 final prediction
1786823202677-ahytyi	Islam Makhachev|Ian Machado Garry	_provenance.featureVector.v1.sig_str_dif	-0.14746835443037976	-0.14746835443037976	refresh commit 65f32e1 (intentional final pre-fight capture, user-confirmed authoritative)	preserved byte-for-byte; no recomputation	unchanged intentional August 15 final prediction
1786823202677-ahytyi	Islam Makhachev|Ian Machado Garry	_provenance.featureVector.v1.sub_dif	5.714285714285714	5.714285714285714	refresh commit 65f32e1 (intentional final pre-fight capture, user-confirmed authoritative)	preserved byte-for-byte; no recomputation	unchanged intentional August 15 final prediction
1786823202677-ahytyi	Islam Makhachev|Ian Machado Garry	_provenance.featureVector.v1.total_round_dif	0.7058823529411765	0.7058823529411765	refresh commit 65f32e1 (intentional final pre-fight capture, user-confirmed authoritative)	preserved byte-for-byte; no recomputation	unchanged intentional August 15 final prediction
1786823202677-ahytyi	Islam Makhachev|Ian Machado Garry	_provenance.featureVector.v1.total_title_bout_dif	0	0	refresh commit 65f32e1 (intentional final pre-fight capture, user-confirmed authoritative)	preserved byte-for-byte; no recomputation	unchanged intentional August 15 final prediction
1786823202677-ahytyi	Islam Makhachev|Ian Machado Garry	_provenance.featureVector.v1.ufc_fight_count_dif	0.875	0.875	refresh commit 65f32e1 (intentional final pre-fight capture, user-confirmed authoritative)	preserved byte-for-byte; no recomputation	unchanged intentional August 15 final prediction
1786823202677-ahytyi	Islam Makhachev|Ian Machado Garry	_provenance.featureVector.v1.win_dif	1.5909090909090908	1.5909090909090908	refresh commit 65f32e1 (intentional final pre-fight capture, user-confirmed authoritative)	preserved byte-for-byte; no recomputation	unchanged intentional August 15 final prediction
1786823202677-ahytyi	Islam Makhachev|Ian Machado Garry	_provenance.featureVector.v1.win_streak_dif	10	10	refresh commit 65f32e1 (intentional final pre-fight capture, user-confirmed authoritative)	preserved byte-for-byte; no recomputation	unchanged intentional August 15 final prediction
1786823202677-ahytyi	Islam Makhachev|Ian Machado Garry	_provenance.featureVector.v2.elo	1.6	1.6	refresh commit 65f32e1 (intentional final pre-fight capture, user-confirmed authoritative)	preserved byte-for-byte; no recomputation	unchanged intentional August 15 final prediction
1786823202677-ahytyi	Islam Makhachev|Ian Machado Garry	_provenance.featureVector.v2.height	-5	-5	refresh commit 65f32e1 (intentional final pre-fight capture, user-confirmed authoritative)	preserved byte-for-byte; no recomputation	unchanged intentional August 15 final prediction
1786823202677-ahytyi	Islam Makhachev|Ian Machado Garry	_provenance.featureVector.v2.ko_wins	0	0	refresh commit 65f32e1 (intentional final pre-fight capture, user-confirmed authoritative)	preserved byte-for-byte; no recomputation	unchanged intentional August 15 final prediction
1786823202677-ahytyi	Islam Makhachev|Ian Machado Garry	_provenance.featureVector.v2.losses	0	0	refresh commit 65f32e1 (intentional final pre-fight capture, user-confirmed authoritative)	preserved byte-for-byte; no recomputation	unchanged intentional August 15 final prediction
1786823202677-ahytyi	Islam Makhachev|Ian Machado Garry	_provenance.featureVector.v2.modern_form	0.12304322816213409	0.12304322816213409	refresh commit 65f32e1 (intentional final pre-fight capture, user-confirmed authoritative)	preserved byte-for-byte; no recomputation	unchanged intentional August 15 final prediction
1786823202677-ahytyi	Islam Makhachev|Ian Machado Garry	_provenance.featureVector.v2.reach	-4	-4	refresh commit 65f32e1 (intentional final pre-fight capture, user-confirmed authoritative)	preserved byte-for-byte; no recomputation	unchanged intentional August 15 final prediction
1786823202677-ahytyi	Islam Makhachev|Ian Machado Garry	_provenance.featureVector.v2.rounds	12	12	refresh commit 65f32e1 (intentional final pre-fight capture, user-confirmed authoritative)	preserved byte-for-byte; no recomputation	unchanged intentional August 15 final prediction
1786823202677-ahytyi	Islam Makhachev|Ian Machado Garry	_provenance.featureVector.v2.sig_str_accuracy	0.039999999999999925	0.039999999999999925	refresh commit 65f32e1 (intentional final pre-fight capture, user-confirmed authoritative)	preserved byte-for-byte; no recomputation	unchanged intentional August 15 final prediction
1786823202677-ahytyi	Islam Makhachev|Ian Machado Garry	_provenance.featureVector.v2.sig_str_landed	-2.33	-2.33	refresh commit 65f32e1 (intentional final pre-fight capture, user-confirmed authoritative)	preserved byte-for-byte; no recomputation	unchanged intentional August 15 final prediction
1786823202677-ahytyi	Islam Makhachev|Ian Machado Garry	_provenance.featureVector.v2.sub_attempts	0.61	0.61	refresh commit 65f32e1 (intentional final pre-fight capture, user-confirmed authoritative)	preserved byte-for-byte; no recomputation	unchanged intentional August 15 final prediction
1786823202677-ahytyi	Islam Makhachev|Ian Machado Garry	_provenance.featureVector.v2.sub_wins	8	8	refresh commit 65f32e1 (intentional final pre-fight capture, user-confirmed authoritative)	preserved byte-for-byte; no recomputation	unchanged intentional August 15 final prediction
1786823202677-ahytyi	Islam Makhachev|Ian Machado Garry	_provenance.featureVector.v2.td_accuracy	0.25000000000000006	0.25000000000000006	refresh commit 65f32e1 (intentional final pre-fight capture, user-confirmed authoritative)	preserved byte-for-byte; no recomputation	unchanged intentional August 15 final prediction
1786823202677-ahytyi	Islam Makhachev|Ian Machado Garry	_provenance.featureVector.v2.td_landed	2.18	2.18	refresh commit 65f32e1 (intentional final pre-fight capture, user-confirmed authoritative)	preserved byte-for-byte; no recomputation	unchanged intentional August 15 final prediction
1786823202677-ahytyi	Islam Makhachev|Ian Machado Garry	_provenance.featureVector.v2.title_bouts	0	0	refresh commit 65f32e1 (intentional final pre-fight capture, user-confirmed authoritative)	preserved byte-for-byte; no recomputation	unchanged intentional August 15 final prediction
1786823202677-ahytyi	Islam Makhachev|Ian Machado Garry	_provenance.featureVector.v2.wins	7	7	refresh commit 65f32e1 (intentional final pre-fight capture, user-confirmed authoritative)	preserved byte-for-byte; no recomputation	unchanged intentional August 15 final prediction
1786823202677-ahytyi	Islam Makhachev|Ian Machado Garry	_provenance.featureVector.v2.younger	-6	-6	refresh commit 65f32e1 (intentional final pre-fight capture, user-confirmed authoritative)	preserved byte-for-byte; no recomputation	unchanged intentional August 15 final prediction
1786823202677-ahytyi	Islam Makhachev|Ian Machado Garry	_provenance.fightHistoryCutoff.fighterA	"2025-11-15"	"2025-11-15"	refresh commit 65f32e1 (intentional final pre-fight capture, user-confirmed authoritative)	preserved byte-for-byte; no recomputation	unchanged intentional August 15 final prediction
1786823202677-ahytyi	Islam Makhachev|Ian Machado Garry	_provenance.fightHistoryCutoff.fighterB	"2025-11-22"	"2025-11-22"	refresh commit 65f32e1 (intentional final pre-fight capture, user-confirmed authoritative)	preserved byte-for-byte; no recomputation	unchanged intentional August 15 final prediction
1786823202677-ahytyi	Islam Makhachev|Ian Machado Garry	_provenance.frozenTier	"NO BET"	"NO BET"	refresh commit 65f32e1 (intentional final pre-fight capture, user-confirmed authoritative)	preserved byte-for-byte; no recomputation	unchanged intentional August 15 final prediction
1786823202677-ahytyi	Islam Makhachev|Ian Machado Garry	_provenance.modelCoefHash	"256f866e"	"256f866e"	refresh commit 65f32e1 (intentional final pre-fight capture, user-confirmed authoritative)	preserved byte-for-byte; no recomputation	unchanged intentional August 15 final prediction
1786823202677-ahytyi	Islam Makhachev|Ian Machado Garry	_provenance.modelVersion	"logistic_v2.0_20260709"	"logistic_v2.0_20260709"	refresh commit 65f32e1 (intentional final pre-fight capture, user-confirmed authoritative)	preserved byte-for-byte; no recomputation	unchanged intentional August 15 final prediction
1786823202677-ahytyi	Islam Makhachev|Ian Machado Garry	_provenance.predictionTimestamp	"2026-08-15T19:46:42.677Z"	"2026-08-15T19:46:42.677Z"	refresh commit 65f32e1 (intentional final pre-fight capture, user-confirmed authoritative)	preserved byte-for-byte; no recomputation	unchanged intentional August 15 final prediction
1786823202677-ahytyi	Islam Makhachev|Ian Machado Garry	_provenance.sourceManifest.cardio.contentHash	"7025f1f440bbf01c15731cc40e65521e50635902ee482536cd07a412738b788c"	"7025f1f440bbf01c15731cc40e65521e50635902ee482536cd07a412738b788c"	refresh commit 65f32e1 (intentional final pre-fight capture, user-confirmed authoritative)	preserved byte-for-byte; no recomputation	unchanged intentional August 15 final prediction
1786823202677-ahytyi	Islam Makhachev|Ian Machado Garry	_provenance.sourceManifest.cardio.feedsV2	false	false	refresh commit 65f32e1 (intentional final pre-fight capture, user-confirmed authoritative)	preserved byte-for-byte; no recomputation	unchanged intentional August 15 final prediction
1786823202677-ahytyi	Islam Makhachev|Ian Machado Garry	_provenance.sourceManifest.cardio.file	"src/cardioModule.js"	"src/cardioModule.js"	refresh commit 65f32e1 (intentional final pre-fight capture, user-confirmed authoritative)	preserved byte-for-byte; no recomputation	unchanged intentional August 15 final prediction
1786823202677-ahytyi	Islam Makhachev|Ian Machado Garry	_provenance.sourceManifest.cardio.generatedAt	"2026-08-13"	"2026-08-13"	refresh commit 65f32e1 (intentional final pre-fight capture, user-confirmed authoritative)	preserved byte-for-byte; no recomputation	unchanged intentional August 15 final prediction
1786823202677-ahytyi	Islam Makhachev|Ian Machado Garry	_provenance.sourceManifest.cardio.generatorVersion	"unavailable -- no cardio-generation script found in repo"	"unavailable -- no cardio-generation script found in repo"	refresh commit 65f32e1 (intentional final pre-fight capture, user-confirmed authoritative)	preserved byte-for-byte; no recomputation	unchanged intentional August 15 final prediction
1786823202677-ahytyi	Islam Makhachev|Ian Machado Garry	_provenance.sourceManifest.cardio.maxObservedEventDate	null	null	refresh commit 65f32e1 (intentional final pre-fight capture, user-confirmed authoritative)	preserved byte-for-byte; no recomputation	unchanged intentional August 15 final prediction
1786823202677-ahytyi	Islam Makhachev|Ian Machado Garry	_provenance.sourceManifest.cardio.note	"Does not feed MODEL_V2 (no path into computeLogisticProb's 16 features, confirmed in research/source_integrity_audit.md). Tracked here for future model versions that might use it."	"Does not feed MODEL_V2 (no path into computeLogisticProb's 16 features, confirmed in research/source_integrity_audit.md). Tracked here for future model versions that might use it."	refresh commit 65f32e1 (intentional final pre-fight capture, user-confirmed authoritative)	preserved byte-for-byte; no recomputation	unchanged intentional August 15 final prediction
1786823202677-ahytyi	Islam Makhachev|Ian Machado Garry	_provenance.sourceManifest.cardio.verificationMethod	"INDETERMINATE: no generator script present in the repository, and no per-fighter date field is embedded in the shipped artifact itself, so maxObservedEventDate cannot be independently verified the way the Greco-CSV-backed modules above were. The file's own header comment self-reports \"fetched 2026-04-14\" -- this is NOT independently verified and should not be treated as authoritative."	"INDETERMINATE: no generator script present in the repository, and no per-fighter date field is embedded in the shipped artifact itself, so maxObservedEventDate cannot be independently verified the way the Greco-CSV-backed modules above were. The file's own header comment self-reports \"fetched 2026-04-14\" -- this is NOT independently verified and should not be treated as authoritative."	refresh commit 65f32e1 (intentional final pre-fight capture, user-confirmed authoritative)	preserved byte-for-byte; no recomputation	unchanged intentional August 15 final prediction
1786823202677-ahytyi	Islam Makhachev|Ian Machado Garry	_provenance.sourceManifest.elo.contentHash	"0cb60aee84bb6b2b40b2cb476c44e734f9706a96942246d022d285ebe80aa35d"	"0cb60aee84bb6b2b40b2cb476c44e734f9706a96942246d022d285ebe80aa35d"	refresh commit 65f32e1 (intentional final pre-fight capture, user-confirmed authoritative)	preserved byte-for-byte; no recomputation	unchanged intentional August 15 final prediction
1786823202677-ahytyi	Islam Makhachev|Ian Machado Garry	_provenance.sourceManifest.elo.feedsV2	true	true	refresh commit 65f32e1 (intentional final pre-fight capture, user-confirmed authoritative)	preserved byte-for-byte; no recomputation	unchanged intentional August 15 final prediction
1786823202677-ahytyi	Islam Makhachev|Ian Machado Garry	_provenance.sourceManifest.elo.file	"src/eloModule.js"	"src/eloModule.js"	refresh commit 65f32e1 (intentional final pre-fight capture, user-confirmed authoritative)	preserved byte-for-byte; no recomputation	unchanged intentional August 15 final prediction
1786823202677-ahytyi	Islam Makhachev|Ian Machado Garry	_provenance.sourceManifest.elo.generatedAt	"2026-08-13"	"2026-08-13"	refresh commit 65f32e1 (intentional final pre-fight capture, user-confirmed authoritative)	preserved byte-for-byte; no recomputation	unchanged intentional August 15 final prediction
1786823202677-ahytyi	Islam Makhachev|Ian Machado Garry	_provenance.sourceManifest.elo.generatorRequiredInputs	["ufc_fight_results.csv", "ufc_event_details.csv"]	["ufc_fight_results.csv", "ufc_event_details.csv"]	refresh commit 65f32e1 (intentional final pre-fight capture, user-confirmed authoritative)	preserved byte-for-byte; no recomputation	unchanged intentional August 15 final prediction
1786823202677-ahytyi	Islam Makhachev|Ian Machado Garry	_provenance.sourceManifest.elo.generatorVersion	"regen_elo.py @ 97d2379ea418148c1ce0a21deae0461310914844"	"regen_elo.py @ 97d2379ea418148c1ce0a21deae0461310914844"	refresh commit 65f32e1 (intentional final pre-fight capture, user-confirmed authoritative)	preserved byte-for-byte; no recomputation	unchanged intentional August 15 final prediction
1786823202677-ahytyi	Islam Makhachev|Ian Machado Garry	_provenance.sourceManifest.elo.maxObservedEventDate	"2026-08-08"	"2026-08-08"	refresh commit 65f32e1 (intentional final pre-fight capture, user-confirmed authoritative)	preserved byte-for-byte; no recomputation	unchanged intentional August 15 final prediction
1786823202677-ahytyi	Islam Makhachev|Ian Machado Garry	_provenance.sourceManifest.elo.sourceInputs	["ufc_fight_results.csv", "ufc_event_details.csv"]	["ufc_fight_results.csv", "ufc_event_details.csv"]	refresh commit 65f32e1 (intentional final pre-fight capture, user-confirmed authoritative)	preserved byte-for-byte; no recomputation	unchanged intentional August 15 final prediction
1786823202677-ahytyi	Islam Makhachev|Ian Machado Garry	_provenance.sourceManifest.elo.verificationMethod	"Parsed DATE column of ufc_event_details.csv directly (783 rows); maximum event date found = 2026-08-08. Cross-checked ufc_fight_results.csv, ufc_fight_details.csv, ufc_fight_stats.csv for window-period event names: FOUND (see manual audit). This value is NOT derived from any file mtime, git commit date, or in-file header comment -- see research/source_integrity_audit.md for the original manual methodology this script automates. NOTE: eloModule.js's own header comment claims coverage \"through Jul 2026\" -- this is misleading relative to the verified underlying data and should not be trusted; regen_elo.py reads only ufc_fight_results.csv + ufc_event_details.csv. Unlike ELO, the fighter aggregate updater also requires ufc_fight_details.csv and ufc_fight_stats.csv."	"Parsed DATE column of ufc_event_details.csv directly (783 rows); maximum event date found = 2026-08-08. Cross-checked ufc_fight_results.csv, ufc_fight_details.csv, ufc_fight_stats.csv for window-period event names: FOUND (see manual audit). This value is NOT derived from any file mtime, git commit date, or in-file header comment -- see research/source_integrity_audit.md for the original manual methodology this script automates. NOTE: eloModule.js's own header comment claims coverage \"through Jul 2026\" -- this is misleading relative to the verified underlying data and should not be trusted; regen_elo.py reads only ufc_fight_results.csv + ufc_event_details.csv. Unlike ELO, the fighter aggregate updater also requires ufc_fight_details.csv and ufc_fight_stats.csv."	refresh commit 65f32e1 (intentional final pre-fight capture, user-confirmed authoritative)	preserved byte-for-byte; no recomputation	unchanged intentional August 15 final prediction
1786823202677-ahytyi	Islam Makhachev|Ian Machado Garry	_provenance.sourceManifest.fightHistory.contentHash	"46bff36e8569423c1401fb137638b82265fab6a675584273ac1f0181ff9df0a5"	"46bff36e8569423c1401fb137638b82265fab6a675584273ac1f0181ff9df0a5"	refresh commit 65f32e1 (intentional final pre-fight capture, user-confirmed authoritative)	preserved byte-for-byte; no recomputation	unchanged intentional August 15 final prediction
1786823202677-ahytyi	Islam Makhachev|Ian Machado Garry	_provenance.sourceManifest.fightHistory.feedsV2	true	true	refresh commit 65f32e1 (intentional final pre-fight capture, user-confirmed authoritative)	preserved byte-for-byte; no recomputation	unchanged intentional August 15 final prediction
1786823202677-ahytyi	Islam Makhachev|Ian Machado Garry	_provenance.sourceManifest.fightHistory.file	"src/fightHistory.js"	"src/fightHistory.js"	refresh commit 65f32e1 (intentional final pre-fight capture, user-confirmed authoritative)	preserved byte-for-byte; no recomputation	unchanged intentional August 15 final prediction
1786823202677-ahytyi	Islam Makhachev|Ian Machado Garry	_provenance.sourceManifest.fightHistory.generatedAt	"2026-08-13"	"2026-08-13"	refresh commit 65f32e1 (intentional final pre-fight capture, user-confirmed authoritative)	preserved byte-for-byte; no recomputation	unchanged intentional August 15 final prediction
1786823202677-ahytyi	Islam Makhachev|Ian Machado Garry	_provenance.sourceManifest.fightHistory.generatorRequiredInputs	["ufc_fight_results.csv", "ufc_event_details.csv", "ufc_fight_details.csv", "ufc_fight_stats.csv"]	["ufc_fight_results.csv", "ufc_event_details.csv", "ufc_fight_details.csv", "ufc_fight_stats.csv"]	refresh commit 65f32e1 (intentional final pre-fight capture, user-confirmed authoritative)	preserved byte-for-byte; no recomputation	unchanged intentional August 15 final prediction
1786823202677-ahytyi	Islam Makhachev|Ian Machado Garry	_provenance.sourceManifest.fightHistory.generatorVersion	"update_fighters.py @ 97d2379ea418148c1ce0a21deae0461310914844"	"update_fighters.py @ 97d2379ea418148c1ce0a21deae0461310914844"	refresh commit 65f32e1 (intentional final pre-fight capture, user-confirmed authoritative)	preserved byte-for-byte; no recomputation	unchanged intentional August 15 final prediction
1786823202677-ahytyi	Islam Makhachev|Ian Machado Garry	_provenance.sourceManifest.fightHistory.maxObservedEventDate	"2026-08-08"	"2026-08-08"	refresh commit 65f32e1 (intentional final pre-fight capture, user-confirmed authoritative)	preserved byte-for-byte; no recomputation	unchanged intentional August 15 final prediction
1786823202677-ahytyi	Islam Makhachev|Ian Machado Garry	_provenance.sourceManifest.fightHistory.sourceInputs	["ufc_fight_results.csv", "ufc_event_details.csv", "ufc_fight_details.csv"]	["ufc_fight_results.csv", "ufc_event_details.csv", "ufc_fight_details.csv"]	refresh commit 65f32e1 (intentional final pre-fight capture, user-confirmed authoritative)	preserved byte-for-byte; no recomputation	unchanged intentional August 15 final prediction
1786823202677-ahytyi	Islam Makhachev|Ian Machado Garry	_provenance.sourceManifest.fightHistory.verificationMethod	"Parsed DATE column of ufc_event_details.csv directly (783 rows); maximum event date found = 2026-08-08. Cross-checked ufc_fight_results.csv, ufc_fight_details.csv, ufc_fight_stats.csv for window-period event names: FOUND (see manual audit). This value is NOT derived from any file mtime, git commit date, or in-file header comment -- see research/source_integrity_audit.md for the original manual methodology this script automates."	"Parsed DATE column of ufc_event_details.csv directly (783 rows); maximum event date found = 2026-08-08. Cross-checked ufc_fight_results.csv, ufc_fight_details.csv, ufc_fight_stats.csv for window-period event names: FOUND (see manual audit). This value is NOT derived from any file mtime, git commit date, or in-file header comment -- see research/source_integrity_audit.md for the original manual methodology this script automates."	refresh commit 65f32e1 (intentional final pre-fight capture, user-confirmed authoritative)	preserved byte-for-byte; no recomputation	unchanged intentional August 15 final prediction
1786823202677-ahytyi	Islam Makhachev|Ian Machado Garry	_provenance.sourceManifest.fighterBirthdates.contentHash	"560e7d5207c1766a57380ce852767ea03b004a89e2281c3be3dd11fc9e63cd5d"	"560e7d5207c1766a57380ce852767ea03b004a89e2281c3be3dd11fc9e63cd5d"	refresh commit 65f32e1 (intentional final pre-fight capture, user-confirmed authoritative)	preserved byte-for-byte; no recomputation	unchanged intentional August 15 final prediction
1786823202677-ahytyi	Islam Makhachev|Ian Machado Garry	_provenance.sourceManifest.fighterBirthdates.feedsV2	true	true	refresh commit 65f32e1 (intentional final pre-fight capture, user-confirmed authoritative)	preserved byte-for-byte; no recomputation	unchanged intentional August 15 final prediction
1786823202677-ahytyi	Islam Makhachev|Ian Machado Garry	_provenance.sourceManifest.fighterBirthdates.file	"src/fighterBirthdates.js"	"src/fighterBirthdates.js"	refresh commit 65f32e1 (intentional final pre-fight capture, user-confirmed authoritative)	preserved byte-for-byte; no recomputation	unchanged intentional August 15 final prediction
1786823202677-ahytyi	Islam Makhachev|Ian Machado Garry	_provenance.sourceManifest.fighterBirthdates.generatedAt	"2026-08-13"	"2026-08-13"	refresh commit 65f32e1 (intentional final pre-fight capture, user-confirmed authoritative)	preserved byte-for-byte; no recomputation	unchanged intentional August 15 final prediction
1786823202677-ahytyi	Islam Makhachev|Ian Machado Garry	_provenance.sourceManifest.fighterBirthdates.generatorVersion	"scripts/generate-fighter-birthdates.mjs @ 97d2379ea418148c1ce0a21deae0461310914844"	"scripts/generate-fighter-birthdates.mjs @ 97d2379ea418148c1ce0a21deae0461310914844"	refresh commit 65f32e1 (intentional final pre-fight capture, user-confirmed authoritative)	preserved byte-for-byte; no recomputation	unchanged intentional August 15 final prediction
1786823202677-ahytyi	Islam Makhachev|Ian Machado Garry	_provenance.sourceManifest.fighterBirthdates.maxObservedEventDate	null	null	refresh commit 65f32e1 (intentional final pre-fight capture, user-confirmed authoritative)	preserved byte-for-byte; no recomputation	unchanged intentional August 15 final prediction
1786823202677-ahytyi	Islam Makhachev|Ian Machado Garry	_provenance.sourceManifest.fighterBirthdates.note	"Canonical fighter name -> date of birth. Feeds the v2 'younger' feature and the v1 age differential/age-decay penalty via src/domain/age, which derives every age from DOB -- at app load for the roster, and at the bout date for a prediction. The integer AGE values in fightersData.js are now used only where no birth date exists here."	"Canonical fighter name -> date of birth. Feeds the v2 'younger' feature and the v1 age differential/age-decay penalty via src/domain/age, which derives every age from DOB -- at app load for the roster, and at the bout date for a prediction. The integer AGE values in fightersData.js are now used only where no birth date exists here."	refresh commit 65f32e1 (intentional final pre-fight capture, user-confirmed authoritative)	preserved byte-for-byte; no recomputation	unchanged intentional August 15 final prediction
1786823202677-ahytyi	Islam Makhachev|Ian Machado Garry	_provenance.sourceManifest.fighterBirthdates.verificationMethod	"Recomputed the join from source while writing this manifest: read 2267 rows from fighters.json, of which 2207 carry a dob matching ^\\d{4}-\\d{2}-\\d{2}$; applied 1 name_aliases.json rewrites; produced 2207 canonical names, and the shipped artifact contains 2207 entries. The generator raises on any canonical name that would receive two DIFFERENT birth dates, so a silent bad join cannot ship. Keys are sorted by UTF-16 code point (not localeCompare), making regeneration byte-identical across machines and ICU builds; the scheduled workflow enforces this with a --check re-run. maxObservedEventDate is null by nature, not by omission: this artifact holds birth dates, which are not event-scoped, so there is no event date it could be current or stale relative to. Its freshness question is coverage, which is the measured count above."	"Recomputed the join from source while writing this manifest: read 2267 rows from fighters.json, of which 2207 carry a dob matching ^\\d{4}-\\d{2}-\\d{2}$; applied 1 name_aliases.json rewrites; produced 2207 canonical names, and the shipped artifact contains 2207 entries. The generator raises on any canonical name that would receive two DIFFERENT birth dates, so a silent bad join cannot ship. Keys are sorted by UTF-16 code point (not localeCompare), making regeneration byte-identical across machines and ICU builds; the scheduled workflow enforces this with a --check re-run. maxObservedEventDate is null by nature, not by omission: this artifact holds birth dates, which are not event-scoped, so there is no event date it could be current or stale relative to. Its freshness question is coverage, which is the measured count above."	refresh commit 65f32e1 (intentional final pre-fight capture, user-confirmed authoritative)	preserved byte-for-byte; no recomputation	unchanged intentional August 15 final prediction
1786823202677-ahytyi	Islam Makhachev|Ian Machado Garry	_provenance.sourceManifest.fightersDataAggregates.contentHash	"51dc68372e9742be8602c43b0a9119ecc3e2c9eb5fa0b3c4a97980ab1e244aad"	"51dc68372e9742be8602c43b0a9119ecc3e2c9eb5fa0b3c4a97980ab1e244aad"	refresh commit 65f32e1 (intentional final pre-fight capture, user-confirmed authoritative)	preserved byte-for-byte; no recomputation	unchanged intentional August 15 final prediction
1786823202677-ahytyi	Islam Makhachev|Ian Machado Garry	_provenance.sourceManifest.fightersDataAggregates.feedsV2	true	true	refresh commit 65f32e1 (intentional final pre-fight capture, user-confirmed authoritative)	preserved byte-for-byte; no recomputation	unchanged intentional August 15 final prediction
1786823202677-ahytyi	Islam Makhachev|Ian Machado Garry	_provenance.sourceManifest.fightersDataAggregates.file	"src/fightersData.js"	"src/fightersData.js"	refresh commit 65f32e1 (intentional final pre-fight capture, user-confirmed authoritative)	preserved byte-for-byte; no recomputation	unchanged intentional August 15 final prediction
1786823202677-ahytyi	Islam Makhachev|Ian Machado Garry	_provenance.sourceManifest.fightersDataAggregates.generatedAt	"2026-08-13"	"2026-08-13"	refresh commit 65f32e1 (intentional final pre-fight capture, user-confirmed authoritative)	preserved byte-for-byte; no recomputation	unchanged intentional August 15 final prediction
1786823202677-ahytyi	Islam Makhachev|Ian Machado Garry	_provenance.sourceManifest.fightersDataAggregates.generatorRequiredInputs	["ufc_fight_results.csv", "ufc_event_details.csv", "ufc_fight_details.csv", "ufc_fight_stats.csv"]	["ufc_fight_results.csv", "ufc_event_details.csv", "ufc_fight_details.csv", "ufc_fight_stats.csv"]	refresh commit 65f32e1 (intentional final pre-fight capture, user-confirmed authoritative)	preserved byte-for-byte; no recomputation	unchanged intentional August 15 final prediction
1786823202677-ahytyi	Islam Makhachev|Ian Machado Garry	_provenance.sourceManifest.fightersDataAggregates.generatorVersion	"update_fighters.py @ 97d2379ea418148c1ce0a21deae0461310914844"	"update_fighters.py @ 97d2379ea418148c1ce0a21deae0461310914844"	refresh commit 65f32e1 (intentional final pre-fight capture, user-confirmed authoritative)	preserved byte-for-byte; no recomputation	unchanged intentional August 15 final prediction
1786823202677-ahytyi	Islam Makhachev|Ian Machado Garry	_provenance.sourceManifest.fightersDataAggregates.maxObservedEventDate	"2026-08-08"	"2026-08-08"	refresh commit 65f32e1 (intentional final pre-fight capture, user-confirmed authoritative)	preserved byte-for-byte; no recomputation	unchanged intentional August 15 final prediction
1786823202677-ahytyi	Islam Makhachev|Ian Machado Garry	_provenance.sourceManifest.fightersDataAggregates.note	"Feeds ASL/ASP/ATL/ATP/ASA (sig_str_landed, sig_str_accuracy, sub_attempts, td_landed, td_accuracy) and TR (rounds) -- the highest-weight non-ELO v2 features."	"Feeds ASL/ASP/ATL/ATP/ASA (sig_str_landed, sig_str_accuracy, sub_attempts, td_landed, td_accuracy) and TR (rounds) -- the highest-weight non-ELO v2 features."	refresh commit 65f32e1 (intentional final pre-fight capture, user-confirmed authoritative)	preserved byte-for-byte; no recomputation	unchanged intentional August 15 final prediction
1786823202677-ahytyi	Islam Makhachev|Ian Machado Garry	_provenance.sourceManifest.fightersDataAggregates.sourceInputs	["ufc_fight_results.csv", "ufc_event_details.csv", "ufc_fight_details.csv", "ufc_fight_stats.csv"]	["ufc_fight_results.csv", "ufc_event_details.csv", "ufc_fight_details.csv", "ufc_fight_stats.csv"]	refresh commit 65f32e1 (intentional final pre-fight capture, user-confirmed authoritative)	preserved byte-for-byte; no recomputation	unchanged intentional August 15 final prediction
1786823202677-ahytyi	Islam Makhachev|Ian Machado Garry	_provenance.sourceManifest.fightersDataAggregates.verificationMethod	"Parsed DATE column of ufc_event_details.csv directly (783 rows); maximum event date found = 2026-08-08. Cross-checked ufc_fight_results.csv, ufc_fight_details.csv, ufc_fight_stats.csv for window-period event names: FOUND (see manual audit). This value is NOT derived from any file mtime, git commit date, or in-file header comment -- see research/source_integrity_audit.md for the original manual methodology this script automates."	"Parsed DATE column of ufc_event_details.csv directly (783 rows); maximum event date found = 2026-08-08. Cross-checked ufc_fight_results.csv, ufc_fight_details.csv, ufc_fight_stats.csv for window-period event names: FOUND (see manual audit). This value is NOT derived from any file mtime, git commit date, or in-file header comment -- see research/source_integrity_audit.md for the original manual methodology this script automates."	refresh commit 65f32e1 (intentional final pre-fight capture, user-confirmed authoritative)	preserved byte-for-byte; no recomputation	unchanged intentional August 15 final prediction
1786823202677-ahytyi	Islam Makhachev|Ian Machado Garry	_provenance.sourceManifest.rankHistory.contentHash	"9a706f356ef41fa68b605dd9c52740dd370eda014dfb747b0cb8bdc6313ba244"	"9a706f356ef41fa68b605dd9c52740dd370eda014dfb747b0cb8bdc6313ba244"	refresh commit 65f32e1 (intentional final pre-fight capture, user-confirmed authoritative)	preserved byte-for-byte; no recomputation	unchanged intentional August 15 final prediction
1786823202677-ahytyi	Islam Makhachev|Ian Machado Garry	_provenance.sourceManifest.rankHistory.feedsV2	false	false	refresh commit 65f32e1 (intentional final pre-fight capture, user-confirmed authoritative)	preserved byte-for-byte; no recomputation	unchanged intentional August 15 final prediction
1786823202677-ahytyi	Islam Makhachev|Ian Machado Garry	_provenance.sourceManifest.rankHistory.file	"src/rankHistory.js"	"src/rankHistory.js"	refresh commit 65f32e1 (intentional final pre-fight capture, user-confirmed authoritative)	preserved byte-for-byte; no recomputation	unchanged intentional August 15 final prediction
1786823202677-ahytyi	Islam Makhachev|Ian Machado Garry	_provenance.sourceManifest.rankHistory.generatedAt	"2026-08-13"	"2026-08-13"	refresh commit 65f32e1 (intentional final pre-fight capture, user-confirmed authoritative)	preserved byte-for-byte; no recomputation	unchanged intentional August 15 final prediction
1786823202677-ahytyi	Islam Makhachev|Ian Machado Garry	_provenance.sourceManifest.rankHistory.generatorVersion	"regen_rankhistory.py (untracked in git -- present on disk, no commit history, no recoverable version)"	"regen_rankhistory.py (untracked in git -- present on disk, no commit history, no recoverable version)"	refresh commit 65f32e1 (intentional final pre-fight capture, user-confirmed authoritative)	preserved byte-for-byte; no recomputation	unchanged intentional August 15 final prediction
1786823202677-ahytyi	Islam Makhachev|Ian Machado Garry	_provenance.sourceManifest.rankHistory.maxObservedEventDate	"2026-03-12"	"2026-03-12"	refresh commit 65f32e1 (intentional final pre-fight capture, user-confirmed authoritative)	preserved byte-for-byte; no recomputation	unchanged intentional August 15 final prediction
1786823202677-ahytyi	Islam Makhachev|Ian Machado Garry	_provenance.sourceManifest.rankHistory.note	"Does not feed MODEL_V2 (no path into computeLogisticProb's 16 features, confirmed in research/source_integrity_audit.md). Tracked here for future model versions that might use it."	"Does not feed MODEL_V2 (no path into computeLogisticProb's 16 features, confirmed in research/source_integrity_audit.md). Tracked here for future model versions that might use it."	refresh commit 65f32e1 (intentional final pre-fight capture, user-confirmed authoritative)	preserved byte-for-byte; no recomputation	unchanged intentional August 15 final prediction
1786823202677-ahytyi	Islam Makhachev|Ian Machado Garry	_provenance.sourceManifest.rankHistory.verificationMethod	"Raw source UFC_rankings_history.csv is not present on disk, so maxObservedEventDate is instead the maximum YYYYMMDD date literally embedded in the shipped rankHistory.js artifact's own HISTORICAL_RANKINGS data -- a defensible proxy (the artifact cannot reflect dates its regeneration process never saw), but distinct from the direct-CSV verification used for the three modules above."	"Raw source UFC_rankings_history.csv is not present on disk, so maxObservedEventDate is instead the maximum YYYYMMDD date literally embedded in the shipped rankHistory.js artifact's own HISTORICAL_RANKINGS data -- a defensible proxy (the artifact cannot reflect dates its regeneration process never saw), but distinct from the direct-CSV verification used for the three modules above."	refresh commit 65f32e1 (intentional final pre-fight capture, user-confirmed authoritative)	preserved byte-for-byte; no recomputation	unchanged intentional August 15 final prediction
1786823202677-ahytyi	Islam Makhachev|Ian Machado Garry	_provenance.sourceManifest.rankings.contentHash	"48524131c5d78b0adc80d83fe27a2ef7c365c124f66eddab11e17487f7df41d0"	"48524131c5d78b0adc80d83fe27a2ef7c365c124f66eddab11e17487f7df41d0"	refresh commit 65f32e1 (intentional final pre-fight capture, user-confirmed authoritative)	preserved byte-for-byte; no recomputation	unchanged intentional August 15 final prediction
1786823202677-ahytyi	Islam Makhachev|Ian Machado Garry	_provenance.sourceManifest.rankings.feedsV2	false	false	refresh commit 65f32e1 (intentional final pre-fight capture, user-confirmed authoritative)	preserved byte-for-byte; no recomputation	unchanged intentional August 15 final prediction
1786823202677-ahytyi	Islam Makhachev|Ian Machado Garry	_provenance.sourceManifest.rankings.file	"src/rankingsData.js"	"src/rankingsData.js"	refresh commit 65f32e1 (intentional final pre-fight capture, user-confirmed authoritative)	preserved byte-for-byte; no recomputation	unchanged intentional August 15 final prediction
1786823202677-ahytyi	Islam Makhachev|Ian Machado Garry	_provenance.sourceManifest.rankings.generatedAt	"2026-08-07T18:49:33Z"	"2026-08-07T18:49:33Z"	refresh commit 65f32e1 (intentional final pre-fight capture, user-confirmed authoritative)	preserved byte-for-byte; no recomputation	unchanged intentional August 15 final prediction
1786823202677-ahytyi	Islam Makhachev|Ian Machado Garry	_provenance.sourceManifest.rankings.generatorVersion	"scripts/update_rankings.py @ 97d2379ea418148c1ce0a21deae0461310914844"	"scripts/update_rankings.py @ 97d2379ea418148c1ce0a21deae0461310914844"	refresh commit 65f32e1 (intentional final pre-fight capture, user-confirmed authoritative)	preserved byte-for-byte; no recomputation	unchanged intentional August 15 final prediction
1786823202677-ahytyi	Islam Makhachev|Ian Machado Garry	_provenance.sourceManifest.rankings.inProductionBundle	true	true	refresh commit 65f32e1 (intentional final pre-fight capture, user-confirmed authoritative)	preserved byte-for-byte; no recomputation	unchanged intentional August 15 final prediction
1786823202677-ahytyi	Islam Makhachev|Ian Machado Garry	_provenance.sourceManifest.rankings.maxObservedEventDate	"2026-08-04"	"2026-08-04"	refresh commit 65f32e1 (intentional final pre-fight capture, user-confirmed authoritative)	preserved byte-for-byte; no recomputation	unchanged intentional August 15 final prediction
1786823202677-ahytyi	Islam Makhachev|Ian Machado Garry	_provenance.sourceManifest.rankings.note	"Current official rankings feed fighter-profile/UI rank badges only. Runtime artifact: this is the only rankings file in the production dependency graph. Historical series live in the separate rankingsHistory module below."	"Current official rankings feed fighter-profile/UI rank badges only. Runtime artifact: this is the only rankings file in the production dependency graph. Historical series live in the separate rankingsHistory module below."	refresh commit 65f32e1 (intentional final pre-fight capture, user-confirmed authoritative)	preserved byte-for-byte; no recomputation	unchanged intentional August 15 final prediction
1786823202677-ahytyi	Islam Makhachev|Ian Machado Garry	_provenance.sourceManifest.rankings.officialSnapshots	["2026-08-01-meta.json", "2026-08-04-media.json"]	["2026-08-01-meta.json", "2026-08-04-media.json"]	refresh commit 65f32e1 (intentional final pre-fight capture, user-confirmed authoritative)	preserved byte-for-byte; no recomputation	unchanged intentional August 15 final prediction
1786823202677-ahytyi	Islam Makhachev|Ian Machado Garry	_provenance.sourceManifest.rankings.verificationMethod	"Read directly from the generated artifacts and the committed history cache, all produced by scripts/update_rankings.py and regenerating byte-identically from the same inputs. upstreamContentSha256 is the SHA-256 of the Kaggle CSV the cache was built from. No git commit date, file mtime, or header comment is consulted, and a missing artifact, cache or snapshot set is a hard failure rather than a silent fallback."	"Read directly from the generated artifacts and the committed history cache, all produced by scripts/update_rankings.py and regenerating byte-identically from the same inputs. upstreamContentSha256 is the SHA-256 of the Kaggle CSV the cache was built from. No git commit date, file mtime, or header comment is consulted, and a missing artifact, cache or snapshot set is a hard failure rather than a silent fallback."	refresh commit 65f32e1 (intentional final pre-fight capture, user-confirmed authoritative)	preserved byte-for-byte; no recomputation	unchanged intentional August 15 final prediction
1786823202677-ahytyi	Islam Makhachev|Ian Machado Garry	_provenance.sourceManifest.rankingsHistory.contentHash	"387363b7f1fda0f51757fd778ff969ce9fffe1d34d3c870437977db5e36003a3"	"387363b7f1fda0f51757fd778ff969ce9fffe1d34d3c870437977db5e36003a3"	refresh commit 65f32e1 (intentional final pre-fight capture, user-confirmed authoritative)	preserved byte-for-byte; no recomputation	unchanged intentional August 15 final prediction
1786823202677-ahytyi	Islam Makhachev|Ian Machado Garry	_provenance.sourceManifest.rankingsHistory.feedsV2	false	false	refresh commit 65f32e1 (intentional final pre-fight capture, user-confirmed authoritative)	preserved byte-for-byte; no recomputation	unchanged intentional August 15 final prediction
1786823202677-ahytyi	Islam Makhachev|Ian Machado Garry	_provenance.sourceManifest.rankingsHistory.file	"src/rankingsHistoryData.js"	"src/rankingsHistoryData.js"	refresh commit 65f32e1 (intentional final pre-fight capture, user-confirmed authoritative)	preserved byte-for-byte; no recomputation	unchanged intentional August 15 final prediction
1786823202677-ahytyi	Islam Makhachev|Ian Machado Garry	_provenance.sourceManifest.rankingsHistory.generatedAt	"2026-08-07T18:49:33Z"	"2026-08-07T18:49:33Z"	refresh commit 65f32e1 (intentional final pre-fight capture, user-confirmed authoritative)	preserved byte-for-byte; no recomputation	unchanged intentional August 15 final prediction
1786823202677-ahytyi	Islam Makhachev|Ian Machado Garry	_provenance.sourceManifest.rankingsHistory.generatorVersion	"scripts/update_rankings.py @ 97d2379ea418148c1ce0a21deae0461310914844"	"scripts/update_rankings.py @ 97d2379ea418148c1ce0a21deae0461310914844"	refresh commit 65f32e1 (intentional final pre-fight capture, user-confirmed authoritative)	preserved byte-for-byte; no recomputation	unchanged intentional August 15 final prediction
1786823202677-ahytyi	Islam Makhachev|Ian Machado Garry	_provenance.sourceManifest.rankingsHistory.historyCacheSha256	"4f245240e2b53ee088d82f861aa0a718aef9f62bf15d62eb434d4628b3b6b3ad"	"4f245240e2b53ee088d82f861aa0a718aef9f62bf15d62eb434d4628b3b6b3ad"	refresh commit 65f32e1 (intentional final pre-fight capture, user-confirmed authoritative)	preserved byte-for-byte; no recomputation	unchanged intentional August 15 final prediction
1786823202677-ahytyi	Islam Makhachev|Ian Machado Garry	_provenance.sourceManifest.rankingsHistory.historyUsedThrough	"2026-06-18"	"2026-06-18"	refresh commit 65f32e1 (intentional final pre-fight capture, user-confirmed authoritative)	preserved byte-for-byte; no recomputation	unchanged intentional August 15 final prediction
1786823202677-ahytyi	Islam Makhachev|Ian Machado Garry	_provenance.sourceManifest.rankingsHistory.inProductionBundle	false	false	refresh commit 65f32e1 (intentional final pre-fight capture, user-confirmed authoritative)	preserved byte-for-byte; no recomputation	unchanged intentional August 15 final prediction
1786823202677-ahytyi	Islam Makhachev|Ian Machado Garry	_provenance.sourceManifest.rankingsHistory.maxObservedEventDate	"2026-08-04"	"2026-08-04"	refresh commit 65f32e1 (intentional final pre-fight capture, user-confirmed authoritative)	preserved byte-for-byte; no recomputation	unchanged intentional August 15 final prediction
1786823202677-ahytyi	Islam Makhachev|Ian Machado Garry	_provenance.sourceManifest.rankingsHistory.note	"Historical divisional rankings. RESEARCH ARTIFACT: no runtime consumer and no model consumer -- neither the deprecated v1 engine nor the frozen 16-feature MODEL_V2. Kept out of the browser bundle; enforced by src/domain/rankings/__tests__/boundary.test.js (import graph) and scripts/verify-bundle.mjs (emitted assets)."	"Historical divisional rankings. RESEARCH ARTIFACT: no runtime consumer and no model consumer -- neither the deprecated v1 engine nor the frozen 16-feature MODEL_V2. Kept out of the browser bundle; enforced by src/domain/rankings/__tests__/boundary.test.js (import graph) and scripts/verify-bundle.mjs (emitted assets)."	refresh commit 65f32e1 (intentional final pre-fight capture, user-confirmed authoritative)	preserved byte-for-byte; no recomputation	unchanged intentional August 15 final prediction
1786823202677-ahytyi	Islam Makhachev|Ian Machado Garry	_provenance.sourceManifest.rankingsHistory.upstreamContentSha256	"2d27b34e64372520e9170cc30f1d1c59e795d046b6726de89db95b9535db9858"	"2d27b34e64372520e9170cc30f1d1c59e795d046b6726de89db95b9535db9858"	refresh commit 65f32e1 (intentional final pre-fight capture, user-confirmed authoritative)	preserved byte-for-byte; no recomputation	unchanged intentional August 15 final prediction
1786823202677-ahytyi	Islam Makhachev|Ian Machado Garry	_provenance.sourceManifest.rankingsHistory.upstreamVersion	49	49	refresh commit 65f32e1 (intentional final pre-fight capture, user-confirmed authoritative)	preserved byte-for-byte; no recomputation	unchanged intentional August 15 final prediction
1786823202677-ahytyi	Islam Makhachev|Ian Machado Garry	_provenance.sourceManifest.rankingsHistory.verificationMethod	"Read directly from the generated artifacts and the committed history cache, all produced by scripts/update_rankings.py and regenerating byte-identically from the same inputs. upstreamContentSha256 is the SHA-256 of the Kaggle CSV the cache was built from. No git commit date, file mtime, or header comment is consulted, and a missing artifact, cache or snapshot set is a hard failure rather than a silent fallback."	"Read directly from the generated artifacts and the committed history cache, all produced by scripts/update_rankings.py and regenerating byte-identically from the same inputs. upstreamContentSha256 is the SHA-256 of the Kaggle CSV the cache was built from. No git commit date, file mtime, or header comment is consulted, and a missing artifact, cache or snapshot set is a hard failure rather than a silent fallback."	refresh commit 65f32e1 (intentional final pre-fight capture, user-confirmed authoritative)	preserved byte-for-byte; no recomputation	unchanged intentional August 15 final prediction
1786823202677-ahytyi	Islam Makhachev|Ian Machado Garry	_provenance.targetEventDate	"2026-08-15"	"2026-08-15"	refresh commit 65f32e1 (intentional final pre-fight capture, user-confirmed authoritative)	preserved byte-for-byte; no recomputation	unchanged intentional August 15 final prediction
1786823202677-ahytyi	Islam Makhachev|Ian Machado Garry	actualFinish	""	""	grading commit 3a67be6	preserved byte-for-byte; no recomputation	preserved legitimate grading
1786823202677-ahytyi	Islam Makhachev|Ian Machado Garry	actualWinner	"Islam Makhachev"	"Islam Makhachev"	grading commit 3a67be6	preserved byte-for-byte; no recomputation	preserved legitimate grading
1786823202677-ahytyi	Islam Makhachev|Ian Machado Garry	bestBet	null	null	refresh commit 65f32e1 (intentional final pre-fight capture, user-confirmed authoritative)	preserved byte-for-byte; no recomputation	unchanged intentional August 15 final prediction
1786823202677-ahytyi	Islam Makhachev|Ian Machado Garry	betAction	"NO BET"	"NO BET"	refresh commit 65f32e1 (intentional final pre-fight capture, user-confirmed authoritative)	preserved byte-for-byte; no recomputation	unchanged intentional August 15 final prediction
1786823202677-ahytyi	Islam Makhachev|Ian Machado Garry	betRecommendedFighter	""	""	refresh commit 65f32e1 (intentional final pre-fight capture, user-confirmed authoritative)	preserved byte-for-byte; no recomputation	unchanged intentional August 15 final prediction
1786823202677-ahytyi	Islam Makhachev|Ian Machado Garry	betRecommendedOdds	""	""	refresh commit 65f32e1 (intentional final pre-fight capture, user-confirmed authoritative)	preserved byte-for-byte; no recomputation	unchanged intentional August 15 final prediction
1786823202677-ahytyi	Islam Makhachev|Ian Machado Garry	boutContext.division	"Welterweight"	"Welterweight"	refresh commit 65f32e1 (intentional final pre-fight capture, user-confirmed authoritative)	preserved byte-for-byte; no recomputation	unchanged intentional August 15 final prediction
1786823202677-ahytyi	Islam Makhachev|Ian Machado Garry	boutContext.isTitleBout	true	true	refresh commit 65f32e1 (intentional final pre-fight capture, user-confirmed authoritative)	preserved byte-for-byte; no recomputation	unchanged intentional August 15 final prediction
1786823202677-ahytyi	Islam Makhachev|Ian Machado Garry	boutContext.scheduledRounds	5	5	refresh commit 65f32e1 (intentional final pre-fight capture, user-confirmed authoritative)	preserved byte-for-byte; no recomputation	unchanged intentional August 15 final prediction
1786823202677-ahytyi	Islam Makhachev|Ian Machado Garry	createdAt	"2026-08-15T19:46:42.677Z"	"2026-08-15T19:46:42.677Z"	refresh commit 65f32e1 (intentional final pre-fight capture, user-confirmed authoritative)	preserved byte-for-byte; no recomputation	unchanged intentional August 15 final prediction
1786823202677-ahytyi	Islam Makhachev|Ian Machado Garry	division	"Welterweight"	"Welterweight"	refresh commit 65f32e1 (intentional final pre-fight capture, user-confirmed authoritative)	preserved byte-for-byte; no recomputation	unchanged intentional August 15 final prediction
1786823202677-ahytyi	Islam Makhachev|Ian Machado Garry	edge	-0.17897448880007782	-0.17897448880007782	refresh commit 65f32e1 (intentional final pre-fight capture, user-confirmed authoritative)	preserved byte-for-byte; no recomputation	unchanged intentional August 15 final prediction
1786823202677-ahytyi	Islam Makhachev|Ian Machado Garry	edgeA	-0.17897448880007782	-0.17897448880007782	refresh commit 65f32e1 (intentional final pre-fight capture, user-confirmed authoritative)	preserved byte-for-byte; no recomputation	unchanged intentional August 15 final prediction
1786823202677-ahytyi	Islam Makhachev|Ian Machado Garry	edgeB	0.17897448880007788	0.17897448880007788	refresh commit 65f32e1 (intentional final pre-fight capture, user-confirmed authoritative)	preserved byte-for-byte; no recomputation	unchanged intentional August 15 final prediction
1786823202677-ahytyi	Islam Makhachev|Ian Machado Garry	ev	-27.26632485180333	-27.26632485180333	refresh commit 65f32e1 (intentional final pre-fight capture, user-confirmed authoritative)	preserved byte-for-byte; no recomputation	unchanged intentional August 15 final prediction
1786823202677-ahytyi	Islam Makhachev|Ian Machado Garry	evA	-27.26632485180333	-27.26632485180333	refresh commit 65f32e1 (intentional final pre-fight capture, user-confirmed authoritative)	preserved byte-for-byte; no recomputation	unchanged intentional August 15 final prediction
1786823202677-ahytyi	Islam Makhachev|Ian Machado Garry	evB	62.86011415109302	62.86011415109302	refresh commit 65f32e1 (intentional final pre-fight capture, user-confirmed authoritative)	preserved byte-for-byte; no recomputation	unchanged intentional August 15 final prediction
1786823202677-ahytyi	Islam Makhachev|Ian Machado Garry	eventDate	"2026-08-15"	"2026-08-15"	refresh commit 65f32e1 (intentional final pre-fight capture, user-confirmed authoritative)	preserved byte-for-byte; no recomputation	unchanged intentional August 15 final prediction
1786823202677-ahytyi	Islam Makhachev|Ian Machado Garry	eventName	"UFC 330"	"UFC 330"	refresh commit 65f32e1 (intentional final pre-fight capture, user-confirmed authoritative)	preserved byte-for-byte; no recomputation	unchanged intentional August 15 final prediction
1786823202677-ahytyi	Islam Makhachev|Ian Machado Garry	fairLine	"-130"	"-130"	refresh commit 65f32e1 (intentional final pre-fight capture, user-confirmed authoritative)	preserved byte-for-byte; no recomputation	unchanged intentional August 15 final prediction
1786823202677-ahytyi	Islam Makhachev|Ian Machado Garry	fairLineA	"-130"	"-130"	refresh commit 65f32e1 (intentional final pre-fight capture, user-confirmed authoritative)	preserved byte-for-byte; no recomputation	unchanged intentional August 15 final prediction
1786823202677-ahytyi	Islam Makhachev|Ian Machado Garry	fairLineB	"+130"	"+130"	refresh commit 65f32e1 (intentional final pre-fight capture, user-confirmed authoritative)	preserved byte-for-byte; no recomputation	unchanged intentional August 15 final prediction
1786823202677-ahytyi	Islam Makhachev|Ian Machado Garry	fighterA	"Islam Makhachev"	"Islam Makhachev"	refresh commit 65f32e1 (intentional final pre-fight capture, user-confirmed authoritative)	preserved byte-for-byte; no recomputation	unchanged intentional August 15 final prediction
1786823202677-ahytyi	Islam Makhachev|Ian Machado Garry	fighterAIsProspect	false	false	refresh commit 65f32e1 (intentional final pre-fight capture, user-confirmed authoritative)	preserved byte-for-byte; no recomputation	unchanged intentional August 15 final prediction
1786823202677-ahytyi	Islam Makhachev|Ian Machado Garry	fighterAProb	0.7480815023580831	0.7480815023580831	refresh commit 65f32e1 (intentional final pre-fight capture, user-confirmed authoritative)	preserved byte-for-byte; no recomputation	unchanged intentional August 15 final prediction
1786823202677-ahytyi	Islam Makhachev|Ian Machado Garry	fighterB	"Ian Machado Garry"	"Ian Machado Garry"	refresh commit 65f32e1 (intentional final pre-fight capture, user-confirmed authoritative)	preserved byte-for-byte; no recomputation	unchanged intentional August 15 final prediction
1786823202677-ahytyi	Islam Makhachev|Ian Machado Garry	fighterBIsProspect	false	false	refresh commit 65f32e1 (intentional final pre-fight capture, user-confirmed authoritative)	preserved byte-for-byte; no recomputation	unchanged intentional August 15 final prediction
1786823202677-ahytyi	Islam Makhachev|Ian Machado Garry	fighterBProb	0.25191849764191687	0.25191849764191687	refresh commit 65f32e1 (intentional final pre-fight capture, user-confirmed authoritative)	preserved byte-for-byte; no recomputation	unchanged intentional August 15 final prediction
1786823202677-ahytyi	Islam Makhachev|Ian Machado Garry	id	"1786823202677-ahytyi"	"1786823202677-ahytyi"	refresh commit 65f32e1 (intentional final pre-fight capture, user-confirmed authoritative)	preserved byte-for-byte; no recomputation	unchanged intentional August 15 final prediction
1786823202677-ahytyi	Islam Makhachev|Ian Machado Garry	includesProspect	false	false	refresh commit 65f32e1 (intentional final pre-fight capture, user-confirmed authoritative)	preserved byte-for-byte; no recomputation	unchanged intentional August 15 final prediction
1786823202677-ahytyi	Islam Makhachev|Ian Machado Garry	kelly	0	0	refresh commit 65f32e1 (intentional final pre-fight capture, user-confirmed authoritative)	preserved byte-for-byte; no recomputation	unchanged intentional August 15 final prediction
1786823202677-ahytyi	Islam Makhachev|Ian Machado Garry	kellyA	0	0	refresh commit 65f32e1 (intentional final pre-fight capture, user-confirmed authoritative)	preserved byte-for-byte; no recomputation	unchanged intentional August 15 final prediction
1786823202677-ahytyi	Islam Makhachev|Ian Machado Garry	kellyB	0.2285822332767019	0.2285822332767019	refresh commit 65f32e1 (intentional final pre-fight capture, user-confirmed authoritative)	preserved byte-for-byte; no recomputation	unchanged intentional August 15 final prediction
1786823202677-ahytyi	Islam Makhachev|Ian Machado Garry	marketOdds	"-350"	"-350"	refresh commit 65f32e1 (intentional final pre-fight capture, user-confirmed authoritative)	preserved byte-for-byte; no recomputation	unchanged intentional August 15 final prediction
1786823202677-ahytyi	Islam Makhachev|Ian Machado Garry	modelUsed	"v2"	"v2"	refresh commit 65f32e1 (intentional final pre-fight capture, user-confirmed authoritative)	preserved byte-for-byte; no recomputation	unchanged intentional August 15 final prediction
1786823202677-ahytyi	Islam Makhachev|Ian Machado Garry	notes	""	""	refresh commit 65f32e1 (intentional final pre-fight capture, user-confirmed authoritative)	preserved byte-for-byte; no recomputation	unchanged intentional August 15 final prediction
1786823202677-ahytyi	Islam Makhachev|Ian Machado Garry	oddsA	"-350"	"-350"	refresh commit 65f32e1 (intentional final pre-fight capture, user-confirmed authoritative)	preserved byte-for-byte; no recomputation	unchanged intentional August 15 final prediction
1786823202677-ahytyi	Islam Makhachev|Ian Machado Garry	oddsB	"+275"	"+275"	refresh commit 65f32e1 (intentional final pre-fight capture, user-confirmed authoritative)	preserved byte-for-byte; no recomputation	unchanged intentional August 15 final prediction
1786823202677-ahytyi	Islam Makhachev|Ian Machado Garry	predictedProb	0.7480815023580831	0.7480815023580831	refresh commit 65f32e1 (intentional final pre-fight capture, user-confirmed authoritative)	preserved byte-for-byte; no recomputation	unchanged intentional August 15 final prediction
1786823202677-ahytyi	Islam Makhachev|Ian Machado Garry	predictedWinner	"Islam Makhachev"	"Islam Makhachev"	refresh commit 65f32e1 (intentional final pre-fight capture, user-confirmed authoritative)	preserved byte-for-byte; no recomputation	unchanged intentional August 15 final prediction
1786823202677-ahytyi	Islam Makhachev|Ian Machado Garry	projectedDEC	57	57	refresh commit 65f32e1 (intentional final pre-fight capture, user-confirmed authoritative)	preserved byte-for-byte; no recomputation	unchanged intentional August 15 final prediction
1786823202677-ahytyi	Islam Makhachev|Ian Machado Garry	projectedFinish	"DEC"	"DEC"	refresh commit 65f32e1 (intentional final pre-fight capture, user-confirmed authoritative)	preserved byte-for-byte; no recomputation	unchanged intentional August 15 final prediction
1786823202677-ahytyi	Islam Makhachev|Ian Machado Garry	projectedKO	25	25	refresh commit 65f32e1 (intentional final pre-fight capture, user-confirmed authoritative)	preserved byte-for-byte; no recomputation	unchanged intentional August 15 final prediction
1786823202677-ahytyi	Islam Makhachev|Ian Machado Garry	projectedSUB	18	18	refresh commit 65f32e1 (intentional final pre-fight capture, user-confirmed authoritative)	preserved byte-for-byte; no recomputation	unchanged intentional August 15 final prediction
1786823202677-ahytyi	Islam Makhachev|Ian Machado Garry	trackedProb	0.5657063622637519	0.5657063622637519	refresh commit 65f32e1 (intentional final pre-fight capture, user-confirmed authoritative)	preserved byte-for-byte; no recomputation	unchanged intentional August 15 final prediction
1786823202677-ahytyi	Islam Makhachev|Ian Machado Garry	trackedSide	"Islam Makhachev"	"Islam Makhachev"	refresh commit 65f32e1 (intentional final pre-fight capture, user-confirmed authoritative)	preserved byte-for-byte; no recomputation	unchanged intentional August 15 final prediction
1786823202677-ahytyi	Islam Makhachev|Ian Machado Garry	v2pA	0.5657063622637519	0.5657063622637519	refresh commit 65f32e1 (intentional final pre-fight capture, user-confirmed authoritative)	preserved byte-for-byte; no recomputation	unchanged intentional August 15 final prediction
1786823202677-ahytyi	Islam Makhachev|Ian Machado Garry	v2pB	0.4342936377362481	0.4342936377362481	refresh commit 65f32e1 (intentional final pre-fight capture, user-confirmed authoritative)	preserved byte-for-byte; no recomputation	unchanged intentional August 15 final prediction
1786823171429-hq4you	Mackenzie Dern|Gillian Robertson	boutContext.provenance.sourceUrl	null	"https://www.ufc.com/news/official-weigh-results-ufc-330-makhachev-vs-machado-garry"	src/upcomingData.js @ 1adfd22 (official UFC 330 weigh-in page, retrievedAt 2026-08-14)	official bout-metadata provenance nulled by 65f32e1; restored verbatim from its authoritative source	restored official provenance
1786823171429-hq4you	Mackenzie Dern|Gillian Robertson	boutContext.provenance.retrievedAt	null	"2026-08-14"	src/upcomingData.js @ 1adfd22 (official UFC 330 weigh-in page, retrievedAt 2026-08-14)	official bout-metadata provenance nulled by 65f32e1; restored verbatim from its authoritative source	restored official provenance
1786823171429-hq4you	Mackenzie Dern|Gillian Robertson	boutContext.provenance.authority	null	"official"	src/upcomingData.js @ 1adfd22 (official UFC 330 weigh-in page, retrievedAt 2026-08-14)	official bout-metadata provenance nulled by 65f32e1; restored verbatim from its authoritative source	restored official provenance
1786823171429-hq4you	Mackenzie Dern|Gillian Robertson	_provenance.boutContext.division	"Women's Strawweight"	<removed>	n/a - field absent from all 168 non-UFC330 ROI records	accidental duplicate grafted by 65f32e1; not part of the established schema	removal of accidental duplicated provenance structure
1786823171429-hq4you	Mackenzie Dern|Gillian Robertson	_provenance.boutContext.isTitleBout	true	<removed>	n/a - field absent from all 168 non-UFC330 ROI records	accidental duplicate grafted by 65f32e1; not part of the established schema	removal of accidental duplicated provenance structure
1786823171429-hq4you	Mackenzie Dern|Gillian Robertson	_provenance.boutContext.provenance	null	<removed>	n/a - field absent from all 168 non-UFC330 ROI records	accidental duplicate grafted by 65f32e1; not part of the established schema	removal of accidental duplicated provenance structure
1786823171429-hq4you	Mackenzie Dern|Gillian Robertson	_provenance.boutContext.scheduledRounds	5	<removed>	n/a - field absent from all 168 non-UFC330 ROI records	accidental duplicate grafted by 65f32e1; not part of the established schema	removal of accidental duplicated provenance structure
1786823171429-hq4you	Mackenzie Dern|Gillian Robertson	unitsWagered	1	1	user decision 2026-08-17 (explicit, final)	user-ratified: both NO BET records store 1; already 1 in ROI, asserted not inferred	user-ratified unitsWagered: 1
1786823171429-hq4you	Mackenzie Dern|Gillian Robertson	_provenance.captureMode	"live"	"live"	refresh commit 65f32e1 (intentional final pre-fight capture, user-confirmed authoritative)	preserved byte-for-byte; no recomputation	unchanged intentional August 15 final prediction
1786823171429-hq4you	Mackenzie Dern|Gillian Robertson	_provenance.featureVector.v1.age_dif	-0.46511627906976744	-0.46511627906976744	refresh commit 65f32e1 (intentional final pre-fight capture, user-confirmed authoritative)	preserved byte-for-byte; no recomputation	unchanged intentional August 15 final prediction
1786823171429-hq4you	Mackenzie Dern|Gillian Robertson	_provenance.featureVector.v1.atd_dif	-0.06666666666666674	-0.06666666666666674	refresh commit 65f32e1 (intentional final pre-fight capture, user-confirmed authoritative)	preserved byte-for-byte; no recomputation	unchanged intentional August 15 final prediction
1786823171429-hq4you	Mackenzie Dern|Gillian Robertson	_provenance.featureVector.v1.avg_sig_str_pct_dif	-0.6	-0.6	refresh commit 65f32e1 (intentional final pre-fight capture, user-confirmed authoritative)	preserved byte-for-byte; no recomputation	unchanged intentional August 15 final prediction
1786823171429-hq4you	Mackenzie Dern|Gillian Robertson	_provenance.featureVector.v1.avg_sub_att_dif	0.2714285714285715	0.2714285714285715	refresh commit 65f32e1 (intentional final pre-fight capture, user-confirmed authoritative)	preserved byte-for-byte; no recomputation	unchanged intentional August 15 final prediction
1786823171429-hq4you	Mackenzie Dern|Gillian Robertson	_provenance.featureVector.v1.avg_td_dif	-1.307142857142857	-1.307142857142857	refresh commit 65f32e1 (intentional final pre-fight capture, user-confirmed authoritative)	preserved byte-for-byte; no recomputation	unchanged intentional August 15 final prediction
1786823171429-hq4you	Mackenzie Dern|Gillian Robertson	_provenance.featureVector.v1.avg_td_pct_dif	-0.9999999999999999	-0.9999999999999999	refresh commit 65f32e1 (intentional final pre-fight capture, user-confirmed authoritative)	preserved byte-for-byte; no recomputation	unchanged intentional August 15 final prediction
1786823171429-hq4you	Mackenzie Dern|Gillian Robertson	_provenance.featureVector.v1.cardio_dif	-0.05916666666666663	-0.05916666666666663	refresh commit 65f32e1 (intentional final pre-fight capture, user-confirmed authoritative)	preserved byte-for-byte; no recomputation	unchanged intentional August 15 final prediction
1786823171429-hq4you	Mackenzie Dern|Gillian Robertson	_provenance.featureVector.v1.control_time_dif	-0.6611111111111112	-0.6611111111111112	refresh commit 65f32e1 (intentional final pre-fight capture, user-confirmed authoritative)	preserved byte-for-byte; no recomputation	unchanged intentional August 15 final prediction
1786823171429-hq4you	Mackenzie Dern|Gillian Robertson	_provenance.featureVector.v1.deep_round_dif	0.11764705882352941	0.11764705882352941	refresh commit 65f32e1 (intentional final pre-fight capture, user-confirmed authoritative)	preserved byte-for-byte; no recomputation	unchanged intentional August 15 final prediction
1786823171429-hq4you	Mackenzie Dern|Gillian Robertson	_provenance.featureVector.v1.elo_dif	-0.42338709677419356	-0.42338709677419356	refresh commit 65f32e1 (intentional final pre-fight capture, user-confirmed authoritative)	preserved byte-for-byte; no recomputation	unchanged intentional August 15 final prediction
1786823171429-hq4you	Mackenzie Dern|Gillian Robertson	_provenance.featureVector.v1.height_dif	-0.10989010989010989	-0.10989010989010989	refresh commit 65f32e1 (intentional final pre-fight capture, user-confirmed authoritative)	preserved byte-for-byte; no recomputation	unchanged intentional August 15 final prediction
1786823171429-hq4you	Mackenzie Dern|Gillian Robertson	_provenance.featureVector.v1.kd_dif	-0.5319999999999999	-0.5319999999999999	refresh commit 65f32e1 (intentional final pre-fight capture, user-confirmed authoritative)	preserved byte-for-byte; no recomputation	unchanged intentional August 15 final prediction
1786823171429-hq4you	Mackenzie Dern|Gillian Robertson	_provenance.featureVector.v1.ko_dif	-1.5	-1.5	refresh commit 65f32e1 (intentional final pre-fight capture, user-confirmed authoritative)	preserved byte-for-byte; no recomputation	unchanged intentional August 15 final prediction
1786823171429-hq4you	Mackenzie Dern|Gillian Robertson	_provenance.featureVector.v1.layoff_dif	-0.7	-0.7	refresh commit 65f32e1 (intentional final pre-fight capture, user-confirmed authoritative)	preserved byte-for-byte; no recomputation	unchanged intentional August 15 final prediction
1786823171429-hq4you	Mackenzie Dern|Gillian Robertson	_provenance.featureVector.v1.lose_streak_dif	0	0	refresh commit 65f32e1 (intentional final pre-fight capture, user-confirmed authoritative)	preserved byte-for-byte; no recomputation	unchanged intentional August 15 final prediction
1786823171429-hq4you	Mackenzie Dern|Gillian Robertson	_provenance.featureVector.v1.loss_dif	0.37037037037037035	0.37037037037037035	refresh commit 65f32e1 (intentional final pre-fight capture, user-confirmed authoritative)	preserved byte-for-byte; no recomputation	unchanged intentional August 15 final prediction
1786823171429-hq4you	Mackenzie Dern|Gillian Robertson	_provenance.featureVector.v1.peak_elo_dif	-0.21818181818181817	-0.21818181818181817	refresh commit 65f32e1 (intentional final pre-fight capture, user-confirmed authoritative)	preserved byte-for-byte; no recomputation	unchanged intentional August 15 final prediction
1786823171429-hq4you	Mackenzie Dern|Gillian Robertson	_provenance.featureVector.v1.rank_tier_dif	1.1288183542774233	1.1288183542774233	refresh commit 65f32e1 (intentional final pre-fight capture, user-confirmed authoritative)	preserved byte-for-byte; no recomputation	unchanged intentional August 15 final prediction
1786823171429-hq4you	Mackenzie Dern|Gillian Robertson	_provenance.featureVector.v1.reach_dif	0	0	refresh commit 65f32e1 (intentional final pre-fight capture, user-confirmed authoritative)	preserved byte-for-byte; no recomputation	unchanged intentional August 15 final prediction
1786823171429-hq4you	Mackenzie Dern|Gillian Robertson	_provenance.featureVector.v1.sig_str_dif	0.048101265822784824	0.048101265822784824	refresh commit 65f32e1 (intentional final pre-fight capture, user-confirmed authoritative)	preserved byte-for-byte; no recomputation	unchanged intentional August 15 final prediction
1786823171429-hq4you	Mackenzie Dern|Gillian Robertson	_provenance.featureVector.v1.sub_dif	-1.4285714285714286	-1.4285714285714286	refresh commit 65f32e1 (intentional final pre-fight capture, user-confirmed authoritative)	preserved byte-for-byte; no recomputation	unchanged intentional August 15 final prediction
1786823171429-hq4you	Mackenzie Dern|Gillian Robertson	_provenance.featureVector.v1.total_round_dif	0.11764705882352941	0.11764705882352941	refresh commit 65f32e1 (intentional final pre-fight capture, user-confirmed authoritative)	preserved byte-for-byte; no recomputation	unchanged intentional August 15 final prediction
1786823171429-hq4you	Mackenzie Dern|Gillian Robertson	_provenance.featureVector.v1.total_title_bout_dif	0	0	refresh commit 65f32e1 (intentional final pre-fight capture, user-confirmed authoritative)	preserved byte-for-byte; no recomputation	unchanged intentional August 15 final prediction
1786823171429-hq4you	Mackenzie Dern|Gillian Robertson	_provenance.featureVector.v1.ufc_fight_count_dif	-0.5	-0.5	refresh commit 65f32e1 (intentional final pre-fight capture, user-confirmed authoritative)	preserved byte-for-byte; no recomputation	unchanged intentional August 15 final prediction
1786823171429-hq4you	Mackenzie Dern|Gillian Robertson	_provenance.featureVector.v1.win_dif	-0.6818181818181818	-0.6818181818181818	refresh commit 65f32e1 (intentional final pre-fight capture, user-confirmed authoritative)	preserved byte-for-byte; no recomputation	unchanged intentional August 15 final prediction
1786823171429-hq4you	Mackenzie Dern|Gillian Robertson	_provenance.featureVector.v1.win_streak_dif	-1.4285714285714286	-1.4285714285714286	refresh commit 65f32e1 (intentional final pre-fight capture, user-confirmed authoritative)	preserved byte-for-byte; no recomputation	unchanged intentional August 15 final prediction
1786823171429-hq4you	Mackenzie Dern|Gillian Robertson	_provenance.featureVector.v2.elo	-0.21	-0.21	refresh commit 65f32e1 (intentional final pre-fight capture, user-confirmed authoritative)	preserved byte-for-byte; no recomputation	unchanged intentional August 15 final prediction
1786823171429-hq4you	Mackenzie Dern|Gillian Robertson	_provenance.featureVector.v2.height	-1	-1	refresh commit 65f32e1 (intentional final pre-fight capture, user-confirmed authoritative)	preserved byte-for-byte; no recomputation	unchanged intentional August 15 final prediction
1786823171429-hq4you	Mackenzie Dern|Gillian Robertson	_provenance.featureVector.v2.ko_wins	-3	-3	refresh commit 65f32e1 (intentional final pre-fight capture, user-confirmed authoritative)	preserved byte-for-byte; no recomputation	unchanged intentional August 15 final prediction
1786823171429-hq4you	Mackenzie Dern|Gillian Robertson	_provenance.featureVector.v2.losses	1	1	refresh commit 65f32e1 (intentional final pre-fight capture, user-confirmed authoritative)	preserved byte-for-byte; no recomputation	unchanged intentional August 15 final prediction
1786823171429-hq4you	Mackenzie Dern|Gillian Robertson	_provenance.featureVector.v2.modern_form	-0.16458262198967044	-0.16458262198967044	refresh commit 65f32e1 (intentional final pre-fight capture, user-confirmed authoritative)	preserved byte-for-byte; no recomputation	unchanged intentional August 15 final prediction
1786823171429-hq4you	Mackenzie Dern|Gillian Robertson	_provenance.featureVector.v2.reach	0	0	refresh commit 65f32e1 (intentional final pre-fight capture, user-confirmed authoritative)	preserved byte-for-byte; no recomputation	unchanged intentional August 15 final prediction
1786823171429-hq4you	Mackenzie Dern|Gillian Robertson	_provenance.featureVector.v2.rounds	2	2	refresh commit 65f32e1 (intentional final pre-fight capture, user-confirmed authoritative)	preserved byte-for-byte; no recomputation	unchanged intentional August 15 final prediction
1786823171429-hq4you	Mackenzie Dern|Gillian Robertson	_provenance.featureVector.v2.sig_str_accuracy	-0.06	-0.06	refresh commit 65f32e1 (intentional final pre-fight capture, user-confirmed authoritative)	preserved byte-for-byte; no recomputation	unchanged intentional August 15 final prediction
1786823171429-hq4you	Mackenzie Dern|Gillian Robertson	_provenance.featureVector.v2.sig_str_landed	0.7600000000000002	0.7600000000000002	refresh commit 65f32e1 (intentional final pre-fight capture, user-confirmed authoritative)	preserved byte-for-byte; no recomputation	unchanged intentional August 15 final prediction
1786823171429-hq4you	Mackenzie Dern|Gillian Robertson	_provenance.featureVector.v2.sub_attempts	0.19000000000000006	0.19000000000000006	refresh commit 65f32e1 (intentional final pre-fight capture, user-confirmed authoritative)	preserved byte-for-byte; no recomputation	unchanged intentional August 15 final prediction
1786823171429-hq4you	Mackenzie Dern|Gillian Robertson	_provenance.featureVector.v2.sub_wins	-2	-2	refresh commit 65f32e1 (intentional final pre-fight capture, user-confirmed authoritative)	preserved byte-for-byte; no recomputation	unchanged intentional August 15 final prediction
1786823171429-hq4you	Mackenzie Dern|Gillian Robertson	_provenance.featureVector.v2.td_accuracy	-0.22999999999999998	-0.22999999999999998	refresh commit 65f32e1 (intentional final pre-fight capture, user-confirmed authoritative)	preserved byte-for-byte; no recomputation	unchanged intentional August 15 final prediction
1786823171429-hq4you	Mackenzie Dern|Gillian Robertson	_provenance.featureVector.v2.td_landed	-1.8299999999999996	-1.8299999999999996	refresh commit 65f32e1 (intentional final pre-fight capture, user-confirmed authoritative)	preserved byte-for-byte; no recomputation	unchanged intentional August 15 final prediction
1786823171429-hq4you	Mackenzie Dern|Gillian Robertson	_provenance.featureVector.v2.title_bouts	0	0	refresh commit 65f32e1 (intentional final pre-fight capture, user-confirmed authoritative)	preserved byte-for-byte; no recomputation	unchanged intentional August 15 final prediction
1786823171429-hq4you	Mackenzie Dern|Gillian Robertson	_provenance.featureVector.v2.wins	-3	-3	refresh commit 65f32e1 (intentional final pre-fight capture, user-confirmed authoritative)	preserved byte-for-byte; no recomputation	unchanged intentional August 15 final prediction
1786823171429-hq4you	Mackenzie Dern|Gillian Robertson	_provenance.featureVector.v2.younger	-2	-2	refresh commit 65f32e1 (intentional final pre-fight capture, user-confirmed authoritative)	preserved byte-for-byte; no recomputation	unchanged intentional August 15 final prediction
1786823171429-hq4you	Mackenzie Dern|Gillian Robertson	_provenance.fightHistoryCutoff.fighterA	"2025-10-25"	"2025-10-25"	refresh commit 65f32e1 (intentional final pre-fight capture, user-confirmed authoritative)	preserved byte-for-byte; no recomputation	unchanged intentional August 15 final prediction
1786823171429-hq4you	Mackenzie Dern|Gillian Robertson	_provenance.fightHistoryCutoff.fighterB	"2026-03-14"	"2026-03-14"	refresh commit 65f32e1 (intentional final pre-fight capture, user-confirmed authoritative)	preserved byte-for-byte; no recomputation	unchanged intentional August 15 final prediction
1786823171429-hq4you	Mackenzie Dern|Gillian Robertson	_provenance.frozenTier	"LEAN"	"LEAN"	refresh commit 65f32e1 (intentional final pre-fight capture, user-confirmed authoritative)	preserved byte-for-byte; no recomputation	unchanged intentional August 15 final prediction
1786823171429-hq4you	Mackenzie Dern|Gillian Robertson	_provenance.modelCoefHash	"256f866e"	"256f866e"	refresh commit 65f32e1 (intentional final pre-fight capture, user-confirmed authoritative)	preserved byte-for-byte; no recomputation	unchanged intentional August 15 final prediction
1786823171429-hq4you	Mackenzie Dern|Gillian Robertson	_provenance.modelVersion	"logistic_v2.0_20260709"	"logistic_v2.0_20260709"	refresh commit 65f32e1 (intentional final pre-fight capture, user-confirmed authoritative)	preserved byte-for-byte; no recomputation	unchanged intentional August 15 final prediction
1786823171429-hq4you	Mackenzie Dern|Gillian Robertson	_provenance.predictionTimestamp	"2026-08-15T19:46:11.429Z"	"2026-08-15T19:46:11.429Z"	refresh commit 65f32e1 (intentional final pre-fight capture, user-confirmed authoritative)	preserved byte-for-byte; no recomputation	unchanged intentional August 15 final prediction
1786823171429-hq4you	Mackenzie Dern|Gillian Robertson	_provenance.sourceManifest.cardio.contentHash	"7025f1f440bbf01c15731cc40e65521e50635902ee482536cd07a412738b788c"	"7025f1f440bbf01c15731cc40e65521e50635902ee482536cd07a412738b788c"	refresh commit 65f32e1 (intentional final pre-fight capture, user-confirmed authoritative)	preserved byte-for-byte; no recomputation	unchanged intentional August 15 final prediction
1786823171429-hq4you	Mackenzie Dern|Gillian Robertson	_provenance.sourceManifest.cardio.feedsV2	false	false	refresh commit 65f32e1 (intentional final pre-fight capture, user-confirmed authoritative)	preserved byte-for-byte; no recomputation	unchanged intentional August 15 final prediction
1786823171429-hq4you	Mackenzie Dern|Gillian Robertson	_provenance.sourceManifest.cardio.file	"src/cardioModule.js"	"src/cardioModule.js"	refresh commit 65f32e1 (intentional final pre-fight capture, user-confirmed authoritative)	preserved byte-for-byte; no recomputation	unchanged intentional August 15 final prediction
1786823171429-hq4you	Mackenzie Dern|Gillian Robertson	_provenance.sourceManifest.cardio.generatedAt	"2026-08-13"	"2026-08-13"	refresh commit 65f32e1 (intentional final pre-fight capture, user-confirmed authoritative)	preserved byte-for-byte; no recomputation	unchanged intentional August 15 final prediction
1786823171429-hq4you	Mackenzie Dern|Gillian Robertson	_provenance.sourceManifest.cardio.generatorVersion	"unavailable -- no cardio-generation script found in repo"	"unavailable -- no cardio-generation script found in repo"	refresh commit 65f32e1 (intentional final pre-fight capture, user-confirmed authoritative)	preserved byte-for-byte; no recomputation	unchanged intentional August 15 final prediction
1786823171429-hq4you	Mackenzie Dern|Gillian Robertson	_provenance.sourceManifest.cardio.maxObservedEventDate	null	null	refresh commit 65f32e1 (intentional final pre-fight capture, user-confirmed authoritative)	preserved byte-for-byte; no recomputation	unchanged intentional August 15 final prediction
1786823171429-hq4you	Mackenzie Dern|Gillian Robertson	_provenance.sourceManifest.cardio.note	"Does not feed MODEL_V2 (no path into computeLogisticProb's 16 features, confirmed in research/source_integrity_audit.md). Tracked here for future model versions that might use it."	"Does not feed MODEL_V2 (no path into computeLogisticProb's 16 features, confirmed in research/source_integrity_audit.md). Tracked here for future model versions that might use it."	refresh commit 65f32e1 (intentional final pre-fight capture, user-confirmed authoritative)	preserved byte-for-byte; no recomputation	unchanged intentional August 15 final prediction
1786823171429-hq4you	Mackenzie Dern|Gillian Robertson	_provenance.sourceManifest.cardio.verificationMethod	"INDETERMINATE: no generator script present in the repository, and no per-fighter date field is embedded in the shipped artifact itself, so maxObservedEventDate cannot be independently verified the way the Greco-CSV-backed modules above were. The file's own header comment self-reports \"fetched 2026-04-14\" -- this is NOT independently verified and should not be treated as authoritative."	"INDETERMINATE: no generator script present in the repository, and no per-fighter date field is embedded in the shipped artifact itself, so maxObservedEventDate cannot be independently verified the way the Greco-CSV-backed modules above were. The file's own header comment self-reports \"fetched 2026-04-14\" -- this is NOT independently verified and should not be treated as authoritative."	refresh commit 65f32e1 (intentional final pre-fight capture, user-confirmed authoritative)	preserved byte-for-byte; no recomputation	unchanged intentional August 15 final prediction
1786823171429-hq4you	Mackenzie Dern|Gillian Robertson	_provenance.sourceManifest.elo.contentHash	"0cb60aee84bb6b2b40b2cb476c44e734f9706a96942246d022d285ebe80aa35d"	"0cb60aee84bb6b2b40b2cb476c44e734f9706a96942246d022d285ebe80aa35d"	refresh commit 65f32e1 (intentional final pre-fight capture, user-confirmed authoritative)	preserved byte-for-byte; no recomputation	unchanged intentional August 15 final prediction
1786823171429-hq4you	Mackenzie Dern|Gillian Robertson	_provenance.sourceManifest.elo.feedsV2	true	true	refresh commit 65f32e1 (intentional final pre-fight capture, user-confirmed authoritative)	preserved byte-for-byte; no recomputation	unchanged intentional August 15 final prediction
1786823171429-hq4you	Mackenzie Dern|Gillian Robertson	_provenance.sourceManifest.elo.file	"src/eloModule.js"	"src/eloModule.js"	refresh commit 65f32e1 (intentional final pre-fight capture, user-confirmed authoritative)	preserved byte-for-byte; no recomputation	unchanged intentional August 15 final prediction
1786823171429-hq4you	Mackenzie Dern|Gillian Robertson	_provenance.sourceManifest.elo.generatedAt	"2026-08-13"	"2026-08-13"	refresh commit 65f32e1 (intentional final pre-fight capture, user-confirmed authoritative)	preserved byte-for-byte; no recomputation	unchanged intentional August 15 final prediction
1786823171429-hq4you	Mackenzie Dern|Gillian Robertson	_provenance.sourceManifest.elo.generatorRequiredInputs	["ufc_fight_results.csv", "ufc_event_details.csv"]	["ufc_fight_results.csv", "ufc_event_details.csv"]	refresh commit 65f32e1 (intentional final pre-fight capture, user-confirmed authoritative)	preserved byte-for-byte; no recomputation	unchanged intentional August 15 final prediction
1786823171429-hq4you	Mackenzie Dern|Gillian Robertson	_provenance.sourceManifest.elo.generatorVersion	"regen_elo.py @ 97d2379ea418148c1ce0a21deae0461310914844"	"regen_elo.py @ 97d2379ea418148c1ce0a21deae0461310914844"	refresh commit 65f32e1 (intentional final pre-fight capture, user-confirmed authoritative)	preserved byte-for-byte; no recomputation	unchanged intentional August 15 final prediction
1786823171429-hq4you	Mackenzie Dern|Gillian Robertson	_provenance.sourceManifest.elo.maxObservedEventDate	"2026-08-08"	"2026-08-08"	refresh commit 65f32e1 (intentional final pre-fight capture, user-confirmed authoritative)	preserved byte-for-byte; no recomputation	unchanged intentional August 15 final prediction
1786823171429-hq4you	Mackenzie Dern|Gillian Robertson	_provenance.sourceManifest.elo.sourceInputs	["ufc_fight_results.csv", "ufc_event_details.csv"]	["ufc_fight_results.csv", "ufc_event_details.csv"]	refresh commit 65f32e1 (intentional final pre-fight capture, user-confirmed authoritative)	preserved byte-for-byte; no recomputation	unchanged intentional August 15 final prediction
1786823171429-hq4you	Mackenzie Dern|Gillian Robertson	_provenance.sourceManifest.elo.verificationMethod	"Parsed DATE column of ufc_event_details.csv directly (783 rows); maximum event date found = 2026-08-08. Cross-checked ufc_fight_results.csv, ufc_fight_details.csv, ufc_fight_stats.csv for window-period event names: FOUND (see manual audit). This value is NOT derived from any file mtime, git commit date, or in-file header comment -- see research/source_integrity_audit.md for the original manual methodology this script automates. NOTE: eloModule.js's own header comment claims coverage \"through Jul 2026\" -- this is misleading relative to the verified underlying data and should not be trusted; regen_elo.py reads only ufc_fight_results.csv + ufc_event_details.csv. Unlike ELO, the fighter aggregate updater also requires ufc_fight_details.csv and ufc_fight_stats.csv."	"Parsed DATE column of ufc_event_details.csv directly (783 rows); maximum event date found = 2026-08-08. Cross-checked ufc_fight_results.csv, ufc_fight_details.csv, ufc_fight_stats.csv for window-period event names: FOUND (see manual audit). This value is NOT derived from any file mtime, git commit date, or in-file header comment -- see research/source_integrity_audit.md for the original manual methodology this script automates. NOTE: eloModule.js's own header comment claims coverage \"through Jul 2026\" -- this is misleading relative to the verified underlying data and should not be trusted; regen_elo.py reads only ufc_fight_results.csv + ufc_event_details.csv. Unlike ELO, the fighter aggregate updater also requires ufc_fight_details.csv and ufc_fight_stats.csv."	refresh commit 65f32e1 (intentional final pre-fight capture, user-confirmed authoritative)	preserved byte-for-byte; no recomputation	unchanged intentional August 15 final prediction
1786823171429-hq4you	Mackenzie Dern|Gillian Robertson	_provenance.sourceManifest.fightHistory.contentHash	"46bff36e8569423c1401fb137638b82265fab6a675584273ac1f0181ff9df0a5"	"46bff36e8569423c1401fb137638b82265fab6a675584273ac1f0181ff9df0a5"	refresh commit 65f32e1 (intentional final pre-fight capture, user-confirmed authoritative)	preserved byte-for-byte; no recomputation	unchanged intentional August 15 final prediction
1786823171429-hq4you	Mackenzie Dern|Gillian Robertson	_provenance.sourceManifest.fightHistory.feedsV2	true	true	refresh commit 65f32e1 (intentional final pre-fight capture, user-confirmed authoritative)	preserved byte-for-byte; no recomputation	unchanged intentional August 15 final prediction
1786823171429-hq4you	Mackenzie Dern|Gillian Robertson	_provenance.sourceManifest.fightHistory.file	"src/fightHistory.js"	"src/fightHistory.js"	refresh commit 65f32e1 (intentional final pre-fight capture, user-confirmed authoritative)	preserved byte-for-byte; no recomputation	unchanged intentional August 15 final prediction
1786823171429-hq4you	Mackenzie Dern|Gillian Robertson	_provenance.sourceManifest.fightHistory.generatedAt	"2026-08-13"	"2026-08-13"	refresh commit 65f32e1 (intentional final pre-fight capture, user-confirmed authoritative)	preserved byte-for-byte; no recomputation	unchanged intentional August 15 final prediction
1786823171429-hq4you	Mackenzie Dern|Gillian Robertson	_provenance.sourceManifest.fightHistory.generatorRequiredInputs	["ufc_fight_results.csv", "ufc_event_details.csv", "ufc_fight_details.csv", "ufc_fight_stats.csv"]	["ufc_fight_results.csv", "ufc_event_details.csv", "ufc_fight_details.csv", "ufc_fight_stats.csv"]	refresh commit 65f32e1 (intentional final pre-fight capture, user-confirmed authoritative)	preserved byte-for-byte; no recomputation	unchanged intentional August 15 final prediction
1786823171429-hq4you	Mackenzie Dern|Gillian Robertson	_provenance.sourceManifest.fightHistory.generatorVersion	"update_fighters.py @ 97d2379ea418148c1ce0a21deae0461310914844"	"update_fighters.py @ 97d2379ea418148c1ce0a21deae0461310914844"	refresh commit 65f32e1 (intentional final pre-fight capture, user-confirmed authoritative)	preserved byte-for-byte; no recomputation	unchanged intentional August 15 final prediction
1786823171429-hq4you	Mackenzie Dern|Gillian Robertson	_provenance.sourceManifest.fightHistory.maxObservedEventDate	"2026-08-08"	"2026-08-08"	refresh commit 65f32e1 (intentional final pre-fight capture, user-confirmed authoritative)	preserved byte-for-byte; no recomputation	unchanged intentional August 15 final prediction
1786823171429-hq4you	Mackenzie Dern|Gillian Robertson	_provenance.sourceManifest.fightHistory.sourceInputs	["ufc_fight_results.csv", "ufc_event_details.csv", "ufc_fight_details.csv"]	["ufc_fight_results.csv", "ufc_event_details.csv", "ufc_fight_details.csv"]	refresh commit 65f32e1 (intentional final pre-fight capture, user-confirmed authoritative)	preserved byte-for-byte; no recomputation	unchanged intentional August 15 final prediction
1786823171429-hq4you	Mackenzie Dern|Gillian Robertson	_provenance.sourceManifest.fightHistory.verificationMethod	"Parsed DATE column of ufc_event_details.csv directly (783 rows); maximum event date found = 2026-08-08. Cross-checked ufc_fight_results.csv, ufc_fight_details.csv, ufc_fight_stats.csv for window-period event names: FOUND (see manual audit). This value is NOT derived from any file mtime, git commit date, or in-file header comment -- see research/source_integrity_audit.md for the original manual methodology this script automates."	"Parsed DATE column of ufc_event_details.csv directly (783 rows); maximum event date found = 2026-08-08. Cross-checked ufc_fight_results.csv, ufc_fight_details.csv, ufc_fight_stats.csv for window-period event names: FOUND (see manual audit). This value is NOT derived from any file mtime, git commit date, or in-file header comment -- see research/source_integrity_audit.md for the original manual methodology this script automates."	refresh commit 65f32e1 (intentional final pre-fight capture, user-confirmed authoritative)	preserved byte-for-byte; no recomputation	unchanged intentional August 15 final prediction
1786823171429-hq4you	Mackenzie Dern|Gillian Robertson	_provenance.sourceManifest.fighterBirthdates.contentHash	"560e7d5207c1766a57380ce852767ea03b004a89e2281c3be3dd11fc9e63cd5d"	"560e7d5207c1766a57380ce852767ea03b004a89e2281c3be3dd11fc9e63cd5d"	refresh commit 65f32e1 (intentional final pre-fight capture, user-confirmed authoritative)	preserved byte-for-byte; no recomputation	unchanged intentional August 15 final prediction
1786823171429-hq4you	Mackenzie Dern|Gillian Robertson	_provenance.sourceManifest.fighterBirthdates.feedsV2	true	true	refresh commit 65f32e1 (intentional final pre-fight capture, user-confirmed authoritative)	preserved byte-for-byte; no recomputation	unchanged intentional August 15 final prediction
1786823171429-hq4you	Mackenzie Dern|Gillian Robertson	_provenance.sourceManifest.fighterBirthdates.file	"src/fighterBirthdates.js"	"src/fighterBirthdates.js"	refresh commit 65f32e1 (intentional final pre-fight capture, user-confirmed authoritative)	preserved byte-for-byte; no recomputation	unchanged intentional August 15 final prediction
1786823171429-hq4you	Mackenzie Dern|Gillian Robertson	_provenance.sourceManifest.fighterBirthdates.generatedAt	"2026-08-13"	"2026-08-13"	refresh commit 65f32e1 (intentional final pre-fight capture, user-confirmed authoritative)	preserved byte-for-byte; no recomputation	unchanged intentional August 15 final prediction
1786823171429-hq4you	Mackenzie Dern|Gillian Robertson	_provenance.sourceManifest.fighterBirthdates.generatorVersion	"scripts/generate-fighter-birthdates.mjs @ 97d2379ea418148c1ce0a21deae0461310914844"	"scripts/generate-fighter-birthdates.mjs @ 97d2379ea418148c1ce0a21deae0461310914844"	refresh commit 65f32e1 (intentional final pre-fight capture, user-confirmed authoritative)	preserved byte-for-byte; no recomputation	unchanged intentional August 15 final prediction
1786823171429-hq4you	Mackenzie Dern|Gillian Robertson	_provenance.sourceManifest.fighterBirthdates.maxObservedEventDate	null	null	refresh commit 65f32e1 (intentional final pre-fight capture, user-confirmed authoritative)	preserved byte-for-byte; no recomputation	unchanged intentional August 15 final prediction
1786823171429-hq4you	Mackenzie Dern|Gillian Robertson	_provenance.sourceManifest.fighterBirthdates.note	"Canonical fighter name -> date of birth. Feeds the v2 'younger' feature and the v1 age differential/age-decay penalty via src/domain/age, which derives every age from DOB -- at app load for the roster, and at the bout date for a prediction. The integer AGE values in fightersData.js are now used only where no birth date exists here."	"Canonical fighter name -> date of birth. Feeds the v2 'younger' feature and the v1 age differential/age-decay penalty via src/domain/age, which derives every age from DOB -- at app load for the roster, and at the bout date for a prediction. The integer AGE values in fightersData.js are now used only where no birth date exists here."	refresh commit 65f32e1 (intentional final pre-fight capture, user-confirmed authoritative)	preserved byte-for-byte; no recomputation	unchanged intentional August 15 final prediction
1786823171429-hq4you	Mackenzie Dern|Gillian Robertson	_provenance.sourceManifest.fighterBirthdates.verificationMethod	"Recomputed the join from source while writing this manifest: read 2267 rows from fighters.json, of which 2207 carry a dob matching ^\\d{4}-\\d{2}-\\d{2}$; applied 1 name_aliases.json rewrites; produced 2207 canonical names, and the shipped artifact contains 2207 entries. The generator raises on any canonical name that would receive two DIFFERENT birth dates, so a silent bad join cannot ship. Keys are sorted by UTF-16 code point (not localeCompare), making regeneration byte-identical across machines and ICU builds; the scheduled workflow enforces this with a --check re-run. maxObservedEventDate is null by nature, not by omission: this artifact holds birth dates, which are not event-scoped, so there is no event date it could be current or stale relative to. Its freshness question is coverage, which is the measured count above."	"Recomputed the join from source while writing this manifest: read 2267 rows from fighters.json, of which 2207 carry a dob matching ^\\d{4}-\\d{2}-\\d{2}$; applied 1 name_aliases.json rewrites; produced 2207 canonical names, and the shipped artifact contains 2207 entries. The generator raises on any canonical name that would receive two DIFFERENT birth dates, so a silent bad join cannot ship. Keys are sorted by UTF-16 code point (not localeCompare), making regeneration byte-identical across machines and ICU builds; the scheduled workflow enforces this with a --check re-run. maxObservedEventDate is null by nature, not by omission: this artifact holds birth dates, which are not event-scoped, so there is no event date it could be current or stale relative to. Its freshness question is coverage, which is the measured count above."	refresh commit 65f32e1 (intentional final pre-fight capture, user-confirmed authoritative)	preserved byte-for-byte; no recomputation	unchanged intentional August 15 final prediction
1786823171429-hq4you	Mackenzie Dern|Gillian Robertson	_provenance.sourceManifest.fightersDataAggregates.contentHash	"51dc68372e9742be8602c43b0a9119ecc3e2c9eb5fa0b3c4a97980ab1e244aad"	"51dc68372e9742be8602c43b0a9119ecc3e2c9eb5fa0b3c4a97980ab1e244aad"	refresh commit 65f32e1 (intentional final pre-fight capture, user-confirmed authoritative)	preserved byte-for-byte; no recomputation	unchanged intentional August 15 final prediction
1786823171429-hq4you	Mackenzie Dern|Gillian Robertson	_provenance.sourceManifest.fightersDataAggregates.feedsV2	true	true	refresh commit 65f32e1 (intentional final pre-fight capture, user-confirmed authoritative)	preserved byte-for-byte; no recomputation	unchanged intentional August 15 final prediction
1786823171429-hq4you	Mackenzie Dern|Gillian Robertson	_provenance.sourceManifest.fightersDataAggregates.file	"src/fightersData.js"	"src/fightersData.js"	refresh commit 65f32e1 (intentional final pre-fight capture, user-confirmed authoritative)	preserved byte-for-byte; no recomputation	unchanged intentional August 15 final prediction
1786823171429-hq4you	Mackenzie Dern|Gillian Robertson	_provenance.sourceManifest.fightersDataAggregates.generatedAt	"2026-08-13"	"2026-08-13"	refresh commit 65f32e1 (intentional final pre-fight capture, user-confirmed authoritative)	preserved byte-for-byte; no recomputation	unchanged intentional August 15 final prediction
1786823171429-hq4you	Mackenzie Dern|Gillian Robertson	_provenance.sourceManifest.fightersDataAggregates.generatorRequiredInputs	["ufc_fight_results.csv", "ufc_event_details.csv", "ufc_fight_details.csv", "ufc_fight_stats.csv"]	["ufc_fight_results.csv", "ufc_event_details.csv", "ufc_fight_details.csv", "ufc_fight_stats.csv"]	refresh commit 65f32e1 (intentional final pre-fight capture, user-confirmed authoritative)	preserved byte-for-byte; no recomputation	unchanged intentional August 15 final prediction
1786823171429-hq4you	Mackenzie Dern|Gillian Robertson	_provenance.sourceManifest.fightersDataAggregates.generatorVersion	"update_fighters.py @ 97d2379ea418148c1ce0a21deae0461310914844"	"update_fighters.py @ 97d2379ea418148c1ce0a21deae0461310914844"	refresh commit 65f32e1 (intentional final pre-fight capture, user-confirmed authoritative)	preserved byte-for-byte; no recomputation	unchanged intentional August 15 final prediction
1786823171429-hq4you	Mackenzie Dern|Gillian Robertson	_provenance.sourceManifest.fightersDataAggregates.maxObservedEventDate	"2026-08-08"	"2026-08-08"	refresh commit 65f32e1 (intentional final pre-fight capture, user-confirmed authoritative)	preserved byte-for-byte; no recomputation	unchanged intentional August 15 final prediction
1786823171429-hq4you	Mackenzie Dern|Gillian Robertson	_provenance.sourceManifest.fightersDataAggregates.note	"Feeds ASL/ASP/ATL/ATP/ASA (sig_str_landed, sig_str_accuracy, sub_attempts, td_landed, td_accuracy) and TR (rounds) -- the highest-weight non-ELO v2 features."	"Feeds ASL/ASP/ATL/ATP/ASA (sig_str_landed, sig_str_accuracy, sub_attempts, td_landed, td_accuracy) and TR (rounds) -- the highest-weight non-ELO v2 features."	refresh commit 65f32e1 (intentional final pre-fight capture, user-confirmed authoritative)	preserved byte-for-byte; no recomputation	unchanged intentional August 15 final prediction
1786823171429-hq4you	Mackenzie Dern|Gillian Robertson	_provenance.sourceManifest.fightersDataAggregates.sourceInputs	["ufc_fight_results.csv", "ufc_event_details.csv", "ufc_fight_details.csv", "ufc_fight_stats.csv"]	["ufc_fight_results.csv", "ufc_event_details.csv", "ufc_fight_details.csv", "ufc_fight_stats.csv"]	refresh commit 65f32e1 (intentional final pre-fight capture, user-confirmed authoritative)	preserved byte-for-byte; no recomputation	unchanged intentional August 15 final prediction
1786823171429-hq4you	Mackenzie Dern|Gillian Robertson	_provenance.sourceManifest.fightersDataAggregates.verificationMethod	"Parsed DATE column of ufc_event_details.csv directly (783 rows); maximum event date found = 2026-08-08. Cross-checked ufc_fight_results.csv, ufc_fight_details.csv, ufc_fight_stats.csv for window-period event names: FOUND (see manual audit). This value is NOT derived from any file mtime, git commit date, or in-file header comment -- see research/source_integrity_audit.md for the original manual methodology this script automates."	"Parsed DATE column of ufc_event_details.csv directly (783 rows); maximum event date found = 2026-08-08. Cross-checked ufc_fight_results.csv, ufc_fight_details.csv, ufc_fight_stats.csv for window-period event names: FOUND (see manual audit). This value is NOT derived from any file mtime, git commit date, or in-file header comment -- see research/source_integrity_audit.md for the original manual methodology this script automates."	refresh commit 65f32e1 (intentional final pre-fight capture, user-confirmed authoritative)	preserved byte-for-byte; no recomputation	unchanged intentional August 15 final prediction
1786823171429-hq4you	Mackenzie Dern|Gillian Robertson	_provenance.sourceManifest.rankHistory.contentHash	"9a706f356ef41fa68b605dd9c52740dd370eda014dfb747b0cb8bdc6313ba244"	"9a706f356ef41fa68b605dd9c52740dd370eda014dfb747b0cb8bdc6313ba244"	refresh commit 65f32e1 (intentional final pre-fight capture, user-confirmed authoritative)	preserved byte-for-byte; no recomputation	unchanged intentional August 15 final prediction
1786823171429-hq4you	Mackenzie Dern|Gillian Robertson	_provenance.sourceManifest.rankHistory.feedsV2	false	false	refresh commit 65f32e1 (intentional final pre-fight capture, user-confirmed authoritative)	preserved byte-for-byte; no recomputation	unchanged intentional August 15 final prediction
1786823171429-hq4you	Mackenzie Dern|Gillian Robertson	_provenance.sourceManifest.rankHistory.file	"src/rankHistory.js"	"src/rankHistory.js"	refresh commit 65f32e1 (intentional final pre-fight capture, user-confirmed authoritative)	preserved byte-for-byte; no recomputation	unchanged intentional August 15 final prediction
1786823171429-hq4you	Mackenzie Dern|Gillian Robertson	_provenance.sourceManifest.rankHistory.generatedAt	"2026-08-13"	"2026-08-13"	refresh commit 65f32e1 (intentional final pre-fight capture, user-confirmed authoritative)	preserved byte-for-byte; no recomputation	unchanged intentional August 15 final prediction
1786823171429-hq4you	Mackenzie Dern|Gillian Robertson	_provenance.sourceManifest.rankHistory.generatorVersion	"regen_rankhistory.py (untracked in git -- present on disk, no commit history, no recoverable version)"	"regen_rankhistory.py (untracked in git -- present on disk, no commit history, no recoverable version)"	refresh commit 65f32e1 (intentional final pre-fight capture, user-confirmed authoritative)	preserved byte-for-byte; no recomputation	unchanged intentional August 15 final prediction
1786823171429-hq4you	Mackenzie Dern|Gillian Robertson	_provenance.sourceManifest.rankHistory.maxObservedEventDate	"2026-03-12"	"2026-03-12"	refresh commit 65f32e1 (intentional final pre-fight capture, user-confirmed authoritative)	preserved byte-for-byte; no recomputation	unchanged intentional August 15 final prediction
1786823171429-hq4you	Mackenzie Dern|Gillian Robertson	_provenance.sourceManifest.rankHistory.note	"Does not feed MODEL_V2 (no path into computeLogisticProb's 16 features, confirmed in research/source_integrity_audit.md). Tracked here for future model versions that might use it."	"Does not feed MODEL_V2 (no path into computeLogisticProb's 16 features, confirmed in research/source_integrity_audit.md). Tracked here for future model versions that might use it."	refresh commit 65f32e1 (intentional final pre-fight capture, user-confirmed authoritative)	preserved byte-for-byte; no recomputation	unchanged intentional August 15 final prediction
1786823171429-hq4you	Mackenzie Dern|Gillian Robertson	_provenance.sourceManifest.rankHistory.verificationMethod	"Raw source UFC_rankings_history.csv is not present on disk, so maxObservedEventDate is instead the maximum YYYYMMDD date literally embedded in the shipped rankHistory.js artifact's own HISTORICAL_RANKINGS data -- a defensible proxy (the artifact cannot reflect dates its regeneration process never saw), but distinct from the direct-CSV verification used for the three modules above."	"Raw source UFC_rankings_history.csv is not present on disk, so maxObservedEventDate is instead the maximum YYYYMMDD date literally embedded in the shipped rankHistory.js artifact's own HISTORICAL_RANKINGS data -- a defensible proxy (the artifact cannot reflect dates its regeneration process never saw), but distinct from the direct-CSV verification used for the three modules above."	refresh commit 65f32e1 (intentional final pre-fight capture, user-confirmed authoritative)	preserved byte-for-byte; no recomputation	unchanged intentional August 15 final prediction
1786823171429-hq4you	Mackenzie Dern|Gillian Robertson	_provenance.sourceManifest.rankings.contentHash	"48524131c5d78b0adc80d83fe27a2ef7c365c124f66eddab11e17487f7df41d0"	"48524131c5d78b0adc80d83fe27a2ef7c365c124f66eddab11e17487f7df41d0"	refresh commit 65f32e1 (intentional final pre-fight capture, user-confirmed authoritative)	preserved byte-for-byte; no recomputation	unchanged intentional August 15 final prediction
1786823171429-hq4you	Mackenzie Dern|Gillian Robertson	_provenance.sourceManifest.rankings.feedsV2	false	false	refresh commit 65f32e1 (intentional final pre-fight capture, user-confirmed authoritative)	preserved byte-for-byte; no recomputation	unchanged intentional August 15 final prediction
1786823171429-hq4you	Mackenzie Dern|Gillian Robertson	_provenance.sourceManifest.rankings.file	"src/rankingsData.js"	"src/rankingsData.js"	refresh commit 65f32e1 (intentional final pre-fight capture, user-confirmed authoritative)	preserved byte-for-byte; no recomputation	unchanged intentional August 15 final prediction
1786823171429-hq4you	Mackenzie Dern|Gillian Robertson	_provenance.sourceManifest.rankings.generatedAt	"2026-08-07T18:49:33Z"	"2026-08-07T18:49:33Z"	refresh commit 65f32e1 (intentional final pre-fight capture, user-confirmed authoritative)	preserved byte-for-byte; no recomputation	unchanged intentional August 15 final prediction
1786823171429-hq4you	Mackenzie Dern|Gillian Robertson	_provenance.sourceManifest.rankings.generatorVersion	"scripts/update_rankings.py @ 97d2379ea418148c1ce0a21deae0461310914844"	"scripts/update_rankings.py @ 97d2379ea418148c1ce0a21deae0461310914844"	refresh commit 65f32e1 (intentional final pre-fight capture, user-confirmed authoritative)	preserved byte-for-byte; no recomputation	unchanged intentional August 15 final prediction
1786823171429-hq4you	Mackenzie Dern|Gillian Robertson	_provenance.sourceManifest.rankings.inProductionBundle	true	true	refresh commit 65f32e1 (intentional final pre-fight capture, user-confirmed authoritative)	preserved byte-for-byte; no recomputation	unchanged intentional August 15 final prediction
1786823171429-hq4you	Mackenzie Dern|Gillian Robertson	_provenance.sourceManifest.rankings.maxObservedEventDate	"2026-08-04"	"2026-08-04"	refresh commit 65f32e1 (intentional final pre-fight capture, user-confirmed authoritative)	preserved byte-for-byte; no recomputation	unchanged intentional August 15 final prediction
1786823171429-hq4you	Mackenzie Dern|Gillian Robertson	_provenance.sourceManifest.rankings.note	"Current official rankings feed fighter-profile/UI rank badges only. Runtime artifact: this is the only rankings file in the production dependency graph. Historical series live in the separate rankingsHistory module below."	"Current official rankings feed fighter-profile/UI rank badges only. Runtime artifact: this is the only rankings file in the production dependency graph. Historical series live in the separate rankingsHistory module below."	refresh commit 65f32e1 (intentional final pre-fight capture, user-confirmed authoritative)	preserved byte-for-byte; no recomputation	unchanged intentional August 15 final prediction
1786823171429-hq4you	Mackenzie Dern|Gillian Robertson	_provenance.sourceManifest.rankings.officialSnapshots	["2026-08-01-meta.json", "2026-08-04-media.json"]	["2026-08-01-meta.json", "2026-08-04-media.json"]	refresh commit 65f32e1 (intentional final pre-fight capture, user-confirmed authoritative)	preserved byte-for-byte; no recomputation	unchanged intentional August 15 final prediction
1786823171429-hq4you	Mackenzie Dern|Gillian Robertson	_provenance.sourceManifest.rankings.verificationMethod	"Read directly from the generated artifacts and the committed history cache, all produced by scripts/update_rankings.py and regenerating byte-identically from the same inputs. upstreamContentSha256 is the SHA-256 of the Kaggle CSV the cache was built from. No git commit date, file mtime, or header comment is consulted, and a missing artifact, cache or snapshot set is a hard failure rather than a silent fallback."	"Read directly from the generated artifacts and the committed history cache, all produced by scripts/update_rankings.py and regenerating byte-identically from the same inputs. upstreamContentSha256 is the SHA-256 of the Kaggle CSV the cache was built from. No git commit date, file mtime, or header comment is consulted, and a missing artifact, cache or snapshot set is a hard failure rather than a silent fallback."	refresh commit 65f32e1 (intentional final pre-fight capture, user-confirmed authoritative)	preserved byte-for-byte; no recomputation	unchanged intentional August 15 final prediction
1786823171429-hq4you	Mackenzie Dern|Gillian Robertson	_provenance.sourceManifest.rankingsHistory.contentHash	"387363b7f1fda0f51757fd778ff969ce9fffe1d34d3c870437977db5e36003a3"	"387363b7f1fda0f51757fd778ff969ce9fffe1d34d3c870437977db5e36003a3"	refresh commit 65f32e1 (intentional final pre-fight capture, user-confirmed authoritative)	preserved byte-for-byte; no recomputation	unchanged intentional August 15 final prediction
1786823171429-hq4you	Mackenzie Dern|Gillian Robertson	_provenance.sourceManifest.rankingsHistory.feedsV2	false	false	refresh commit 65f32e1 (intentional final pre-fight capture, user-confirmed authoritative)	preserved byte-for-byte; no recomputation	unchanged intentional August 15 final prediction
1786823171429-hq4you	Mackenzie Dern|Gillian Robertson	_provenance.sourceManifest.rankingsHistory.file	"src/rankingsHistoryData.js"	"src/rankingsHistoryData.js"	refresh commit 65f32e1 (intentional final pre-fight capture, user-confirmed authoritative)	preserved byte-for-byte; no recomputation	unchanged intentional August 15 final prediction
1786823171429-hq4you	Mackenzie Dern|Gillian Robertson	_provenance.sourceManifest.rankingsHistory.generatedAt	"2026-08-07T18:49:33Z"	"2026-08-07T18:49:33Z"	refresh commit 65f32e1 (intentional final pre-fight capture, user-confirmed authoritative)	preserved byte-for-byte; no recomputation	unchanged intentional August 15 final prediction
1786823171429-hq4you	Mackenzie Dern|Gillian Robertson	_provenance.sourceManifest.rankingsHistory.generatorVersion	"scripts/update_rankings.py @ 97d2379ea418148c1ce0a21deae0461310914844"	"scripts/update_rankings.py @ 97d2379ea418148c1ce0a21deae0461310914844"	refresh commit 65f32e1 (intentional final pre-fight capture, user-confirmed authoritative)	preserved byte-for-byte; no recomputation	unchanged intentional August 15 final prediction
1786823171429-hq4you	Mackenzie Dern|Gillian Robertson	_provenance.sourceManifest.rankingsHistory.historyCacheSha256	"4f245240e2b53ee088d82f861aa0a718aef9f62bf15d62eb434d4628b3b6b3ad"	"4f245240e2b53ee088d82f861aa0a718aef9f62bf15d62eb434d4628b3b6b3ad"	refresh commit 65f32e1 (intentional final pre-fight capture, user-confirmed authoritative)	preserved byte-for-byte; no recomputation	unchanged intentional August 15 final prediction
1786823171429-hq4you	Mackenzie Dern|Gillian Robertson	_provenance.sourceManifest.rankingsHistory.historyUsedThrough	"2026-06-18"	"2026-06-18"	refresh commit 65f32e1 (intentional final pre-fight capture, user-confirmed authoritative)	preserved byte-for-byte; no recomputation	unchanged intentional August 15 final prediction
1786823171429-hq4you	Mackenzie Dern|Gillian Robertson	_provenance.sourceManifest.rankingsHistory.inProductionBundle	false	false	refresh commit 65f32e1 (intentional final pre-fight capture, user-confirmed authoritative)	preserved byte-for-byte; no recomputation	unchanged intentional August 15 final prediction
1786823171429-hq4you	Mackenzie Dern|Gillian Robertson	_provenance.sourceManifest.rankingsHistory.maxObservedEventDate	"2026-08-04"	"2026-08-04"	refresh commit 65f32e1 (intentional final pre-fight capture, user-confirmed authoritative)	preserved byte-for-byte; no recomputation	unchanged intentional August 15 final prediction
1786823171429-hq4you	Mackenzie Dern|Gillian Robertson	_provenance.sourceManifest.rankingsHistory.note	"Historical divisional rankings. RESEARCH ARTIFACT: no runtime consumer and no model consumer -- neither the deprecated v1 engine nor the frozen 16-feature MODEL_V2. Kept out of the browser bundle; enforced by src/domain/rankings/__tests__/boundary.test.js (import graph) and scripts/verify-bundle.mjs (emitted assets)."	"Historical divisional rankings. RESEARCH ARTIFACT: no runtime consumer and no model consumer -- neither the deprecated v1 engine nor the frozen 16-feature MODEL_V2. Kept out of the browser bundle; enforced by src/domain/rankings/__tests__/boundary.test.js (import graph) and scripts/verify-bundle.mjs (emitted assets)."	refresh commit 65f32e1 (intentional final pre-fight capture, user-confirmed authoritative)	preserved byte-for-byte; no recomputation	unchanged intentional August 15 final prediction
1786823171429-hq4you	Mackenzie Dern|Gillian Robertson	_provenance.sourceManifest.rankingsHistory.upstreamContentSha256	"2d27b34e64372520e9170cc30f1d1c59e795d046b6726de89db95b9535db9858"	"2d27b34e64372520e9170cc30f1d1c59e795d046b6726de89db95b9535db9858"	refresh commit 65f32e1 (intentional final pre-fight capture, user-confirmed authoritative)	preserved byte-for-byte; no recomputation	unchanged intentional August 15 final prediction
1786823171429-hq4you	Mackenzie Dern|Gillian Robertson	_provenance.sourceManifest.rankingsHistory.upstreamVersion	49	49	refresh commit 65f32e1 (intentional final pre-fight capture, user-confirmed authoritative)	preserved byte-for-byte; no recomputation	unchanged intentional August 15 final prediction
1786823171429-hq4you	Mackenzie Dern|Gillian Robertson	_provenance.sourceManifest.rankingsHistory.verificationMethod	"Read directly from the generated artifacts and the committed history cache, all produced by scripts/update_rankings.py and regenerating byte-identically from the same inputs. upstreamContentSha256 is the SHA-256 of the Kaggle CSV the cache was built from. No git commit date, file mtime, or header comment is consulted, and a missing artifact, cache or snapshot set is a hard failure rather than a silent fallback."	"Read directly from the generated artifacts and the committed history cache, all produced by scripts/update_rankings.py and regenerating byte-identically from the same inputs. upstreamContentSha256 is the SHA-256 of the Kaggle CSV the cache was built from. No git commit date, file mtime, or header comment is consulted, and a missing artifact, cache or snapshot set is a hard failure rather than a silent fallback."	refresh commit 65f32e1 (intentional final pre-fight capture, user-confirmed authoritative)	preserved byte-for-byte; no recomputation	unchanged intentional August 15 final prediction
1786823171429-hq4you	Mackenzie Dern|Gillian Robertson	_provenance.targetEventDate	"2026-08-15"	"2026-08-15"	refresh commit 65f32e1 (intentional final pre-fight capture, user-confirmed authoritative)	preserved byte-for-byte; no recomputation	unchanged intentional August 15 final prediction
1786823171429-hq4you	Mackenzie Dern|Gillian Robertson	actualFinish	""	""	grading commit 3a67be6	preserved byte-for-byte; no recomputation	preserved legitimate grading
1786823171429-hq4you	Mackenzie Dern|Gillian Robertson	actualWinner	"Mackenzie Dern"	"Mackenzie Dern"	grading commit 3a67be6	preserved byte-for-byte; no recomputation	preserved legitimate grading
1786823171429-hq4you	Mackenzie Dern|Gillian Robertson	bestBet	"B"	"B"	refresh commit 65f32e1 (intentional final pre-fight capture, user-confirmed authoritative)	preserved byte-for-byte; no recomputation	unchanged intentional August 15 final prediction
1786823171429-hq4you	Mackenzie Dern|Gillian Robertson	betAction	"LEAN"	"LEAN"	refresh commit 65f32e1 (intentional final pre-fight capture, user-confirmed authoritative)	preserved byte-for-byte; no recomputation	unchanged intentional August 15 final prediction
1786823171429-hq4you	Mackenzie Dern|Gillian Robertson	betRecommendedFighter	"Gillian Robertson"	"Gillian Robertson"	refresh commit 65f32e1 (intentional final pre-fight capture, user-confirmed authoritative)	preserved byte-for-byte; no recomputation	unchanged intentional August 15 final prediction
1786823171429-hq4you	Mackenzie Dern|Gillian Robertson	betRecommendedOdds	"+160"	"+160"	refresh commit 65f32e1 (intentional final pre-fight capture, user-confirmed authoritative)	preserved byte-for-byte; no recomputation	unchanged intentional August 15 final prediction
1786823171429-hq4you	Mackenzie Dern|Gillian Robertson	boutContext.division	"Women's Strawweight"	"Women's Strawweight"	refresh commit 65f32e1 (intentional final pre-fight capture, user-confirmed authoritative)	preserved byte-for-byte; no recomputation	unchanged intentional August 15 final prediction
1786823171429-hq4you	Mackenzie Dern|Gillian Robertson	boutContext.isTitleBout	true	true	refresh commit 65f32e1 (intentional final pre-fight capture, user-confirmed authoritative)	preserved byte-for-byte; no recomputation	unchanged intentional August 15 final prediction
1786823171429-hq4you	Mackenzie Dern|Gillian Robertson	boutContext.scheduledRounds	5	5	refresh commit 65f32e1 (intentional final pre-fight capture, user-confirmed authoritative)	preserved byte-for-byte; no recomputation	unchanged intentional August 15 final prediction
1786823171429-hq4you	Mackenzie Dern|Gillian Robertson	createdAt	"2026-08-15T19:46:11.429Z"	"2026-08-15T19:46:11.429Z"	refresh commit 65f32e1 (intentional final pre-fight capture, user-confirmed authoritative)	preserved byte-for-byte; no recomputation	unchanged intentional August 15 final prediction
1786823171429-hq4you	Mackenzie Dern|Gillian Robertson	division	"Women's Strawweight"	"Women's Strawweight"	refresh commit 65f32e1 (intentional final pre-fight capture, user-confirmed authoritative)	preserved byte-for-byte; no recomputation	unchanged intentional August 15 final prediction
1786823171429-hq4you	Mackenzie Dern|Gillian Robertson	edge	0.2422443762888684	0.2422443762888684	refresh commit 65f32e1 (intentional final pre-fight capture, user-confirmed authoritative)	preserved byte-for-byte; no recomputation	unchanged intentional August 15 final prediction
1786823171429-hq4you	Mackenzie Dern|Gillian Robertson	edgeA	-0.24224437628886847	-0.24224437628886847	refresh commit 65f32e1 (intentional final pre-fight capture, user-confirmed authoritative)	preserved byte-for-byte; no recomputation	unchanged intentional August 15 final prediction
1786823171429-hq4you	Mackenzie Dern|Gillian Robertson	edgeB	0.2422443762888684	0.2422443762888684	refresh commit 65f32e1 (intentional final pre-fight capture, user-confirmed authoritative)	preserved byte-for-byte; no recomputation	unchanged intentional August 15 final prediction
1786823171429-hq4you	Mackenzie Dern|Gillian Robertson	ev	59.1570072228609	59.1570072228609	refresh commit 65f32e1 (intentional final pre-fight capture, user-confirmed authoritative)	preserved byte-for-byte; no recomputation	unchanged intentional August 15 final prediction
1786823171429-hq4you	Mackenzie Dern|Gillian Robertson	evA	-40.80067225633535	-40.80067225633535	refresh commit 65f32e1 (intentional final pre-fight capture, user-confirmed authoritative)	preserved byte-for-byte; no recomputation	unchanged intentional August 15 final prediction
1786823171429-hq4you	Mackenzie Dern|Gillian Robertson	evB	59.1570072228609	59.1570072228609	refresh commit 65f32e1 (intentional final pre-fight capture, user-confirmed authoritative)	preserved byte-for-byte; no recomputation	unchanged intentional August 15 final prediction
1786823171429-hq4you	Mackenzie Dern|Gillian Robertson	eventDate	"2026-08-15"	"2026-08-15"	refresh commit 65f32e1 (intentional final pre-fight capture, user-confirmed authoritative)	preserved byte-for-byte; no recomputation	unchanged intentional August 15 final prediction
1786823171429-hq4you	Mackenzie Dern|Gillian Robertson	eventName	"UFC 330"	"UFC 330"	refresh commit 65f32e1 (intentional final pre-fight capture, user-confirmed authoritative)	preserved byte-for-byte; no recomputation	unchanged intentional August 15 final prediction
1786823171429-hq4you	Mackenzie Dern|Gillian Robertson	fairLine	"-158"	"-158"	refresh commit 65f32e1 (intentional final pre-fight capture, user-confirmed authoritative)	preserved byte-for-byte; no recomputation	unchanged intentional August 15 final prediction
1786823171429-hq4you	Mackenzie Dern|Gillian Robertson	fairLineA	"+158"	"+158"	refresh commit 65f32e1 (intentional final pre-fight capture, user-confirmed authoritative)	preserved byte-for-byte; no recomputation	unchanged intentional August 15 final prediction
1786823171429-hq4you	Mackenzie Dern|Gillian Robertson	fairLineB	"-158"	"-158"	refresh commit 65f32e1 (intentional final pre-fight capture, user-confirmed authoritative)	preserved byte-for-byte; no recomputation	unchanged intentional August 15 final prediction
1786823171429-hq4you	Mackenzie Dern|Gillian Robertson	fighterA	"Mackenzie Dern"	"Mackenzie Dern"	refresh commit 65f32e1 (intentional final pre-fight capture, user-confirmed authoritative)	preserved byte-for-byte; no recomputation	unchanged intentional August 15 final prediction
1786823171429-hq4you	Mackenzie Dern|Gillian Robertson	fighterAIsProspect	false	false	refresh commit 65f32e1 (intentional final pre-fight capture, user-confirmed authoritative)	preserved byte-for-byte; no recomputation	unchanged intentional August 15 final prediction
1786823171429-hq4you	Mackenzie Dern|Gillian Robertson	fighterAProb	0.262066824702611	0.262066824702611	refresh commit 65f32e1 (intentional final pre-fight capture, user-confirmed authoritative)	preserved byte-for-byte; no recomputation	unchanged intentional August 15 final prediction
1786823171429-hq4you	Mackenzie Dern|Gillian Robertson	fighterB	"Gillian Robertson"	"Gillian Robertson"	refresh commit 65f32e1 (intentional final pre-fight capture, user-confirmed authoritative)	preserved byte-for-byte; no recomputation	unchanged intentional August 15 final prediction
1786823171429-hq4you	Mackenzie Dern|Gillian Robertson	fighterBIsProspect	false	false	refresh commit 65f32e1 (intentional final pre-fight capture, user-confirmed authoritative)	preserved byte-for-byte; no recomputation	unchanged intentional August 15 final prediction
1786823171429-hq4you	Mackenzie Dern|Gillian Robertson	fighterBProb	0.737933175297389	0.737933175297389	refresh commit 65f32e1 (intentional final pre-fight capture, user-confirmed authoritative)	preserved byte-for-byte; no recomputation	unchanged intentional August 15 final prediction
1786823171429-hq4you	Mackenzie Dern|Gillian Robertson	id	"1786823171429-hq4you"	"1786823171429-hq4you"	refresh commit 65f32e1 (intentional final pre-fight capture, user-confirmed authoritative)	preserved byte-for-byte; no recomputation	unchanged intentional August 15 final prediction
1786823171429-hq4you	Mackenzie Dern|Gillian Robertson	includesProspect	false	false	refresh commit 65f32e1 (intentional final pre-fight capture, user-confirmed authoritative)	preserved byte-for-byte; no recomputation	unchanged intentional August 15 final prediction
1786823171429-hq4you	Mackenzie Dern|Gillian Robertson	kelly	0.3697312951428806	0.3697312951428806	refresh commit 65f32e1 (intentional final pre-fight capture, user-confirmed authoritative)	preserved byte-for-byte; no recomputation	unchanged intentional August 15 final prediction
1786823171429-hq4you	Mackenzie Dern|Gillian Robertson	kellyA	0	0	refresh commit 65f32e1 (intentional final pre-fight capture, user-confirmed authoritative)	preserved byte-for-byte; no recomputation	unchanged intentional August 15 final prediction
1786823171429-hq4you	Mackenzie Dern|Gillian Robertson	kellyB	0.3697312951428806	0.3697312951428806	refresh commit 65f32e1 (intentional final pre-fight capture, user-confirmed authoritative)	preserved byte-for-byte; no recomputation	unchanged intentional August 15 final prediction
1786823171429-hq4you	Mackenzie Dern|Gillian Robertson	marketOdds	"+160"	"+160"	refresh commit 65f32e1 (intentional final pre-fight capture, user-confirmed authoritative)	preserved byte-for-byte; no recomputation	unchanged intentional August 15 final prediction
1786823171429-hq4you	Mackenzie Dern|Gillian Robertson	modelUsed	"v2"	"v2"	refresh commit 65f32e1 (intentional final pre-fight capture, user-confirmed authoritative)	preserved byte-for-byte; no recomputation	unchanged intentional August 15 final prediction
1786823171429-hq4you	Mackenzie Dern|Gillian Robertson	notes	""	""	refresh commit 65f32e1 (intentional final pre-fight capture, user-confirmed authoritative)	preserved byte-for-byte; no recomputation	unchanged intentional August 15 final prediction
1786823171429-hq4you	Mackenzie Dern|Gillian Robertson	oddsA	"-190"	"-190"	refresh commit 65f32e1 (intentional final pre-fight capture, user-confirmed authoritative)	preserved byte-for-byte; no recomputation	unchanged intentional August 15 final prediction
1786823171429-hq4you	Mackenzie Dern|Gillian Robertson	oddsB	"+160"	"+160"	refresh commit 65f32e1 (intentional final pre-fight capture, user-confirmed authoritative)	preserved byte-for-byte; no recomputation	unchanged intentional August 15 final prediction
1786823171429-hq4you	Mackenzie Dern|Gillian Robertson	predictedProb	0.737933175297389	0.737933175297389	refresh commit 65f32e1 (intentional final pre-fight capture, user-confirmed authoritative)	preserved byte-for-byte; no recomputation	unchanged intentional August 15 final prediction
1786823171429-hq4you	Mackenzie Dern|Gillian Robertson	predictedWinner	"Gillian Robertson"	"Gillian Robertson"	refresh commit 65f32e1 (intentional final pre-fight capture, user-confirmed authoritative)	preserved byte-for-byte; no recomputation	unchanged intentional August 15 final prediction
1786823171429-hq4you	Mackenzie Dern|Gillian Robertson	projectedDEC	52	52	refresh commit 65f32e1 (intentional final pre-fight capture, user-confirmed authoritative)	preserved byte-for-byte; no recomputation	unchanged intentional August 15 final prediction
1786823171429-hq4you	Mackenzie Dern|Gillian Robertson	projectedFinish	"DEC"	"DEC"	refresh commit 65f32e1 (intentional final pre-fight capture, user-confirmed authoritative)	preserved byte-for-byte; no recomputation	unchanged intentional August 15 final prediction
1786823171429-hq4you	Mackenzie Dern|Gillian Robertson	projectedKO	18	18	refresh commit 65f32e1 (intentional final pre-fight capture, user-confirmed authoritative)	preserved byte-for-byte; no recomputation	unchanged intentional August 15 final prediction
1786823171429-hq4you	Mackenzie Dern|Gillian Robertson	projectedSUB	30	30	refresh commit 65f32e1 (intentional final pre-fight capture, user-confirmed authoritative)	preserved byte-for-byte; no recomputation	unchanged intentional August 15 final prediction
1786823171429-hq4you	Mackenzie Dern|Gillian Robertson	trackedProb	0.6121423354725419	0.6121423354725419	refresh commit 65f32e1 (intentional final pre-fight capture, user-confirmed authoritative)	preserved byte-for-byte; no recomputation	unchanged intentional August 15 final prediction
1786823171429-hq4you	Mackenzie Dern|Gillian Robertson	trackedSide	"Gillian Robertson"	"Gillian Robertson"	refresh commit 65f32e1 (intentional final pre-fight capture, user-confirmed authoritative)	preserved byte-for-byte; no recomputation	unchanged intentional August 15 final prediction
1786823171429-hq4you	Mackenzie Dern|Gillian Robertson	v2pA	0.3878576645274581	0.3878576645274581	refresh commit 65f32e1 (intentional final pre-fight capture, user-confirmed authoritative)	preserved byte-for-byte; no recomputation	unchanged intentional August 15 final prediction
1786823171429-hq4you	Mackenzie Dern|Gillian Robertson	v2pB	0.6121423354725419	0.6121423354725419	refresh commit 65f32e1 (intentional final pre-fight capture, user-confirmed authoritative)	preserved byte-for-byte; no recomputation	unchanged intentional August 15 final prediction
1786823131332-dg1zxg	Jalin Turner|Kaue Fernandes	boutContext.provenance.sourceUrl	null	"https://www.ufc.com/news/official-weigh-results-ufc-330-makhachev-vs-machado-garry"	src/upcomingData.js @ 1adfd22 (official UFC 330 weigh-in page, retrievedAt 2026-08-14)	official bout-metadata provenance nulled by 65f32e1; restored verbatim from its authoritative source	restored official provenance
1786823131332-dg1zxg	Jalin Turner|Kaue Fernandes	boutContext.provenance.retrievedAt	null	"2026-08-14"	src/upcomingData.js @ 1adfd22 (official UFC 330 weigh-in page, retrievedAt 2026-08-14)	official bout-metadata provenance nulled by 65f32e1; restored verbatim from its authoritative source	restored official provenance
1786823131332-dg1zxg	Jalin Turner|Kaue Fernandes	boutContext.provenance.authority	null	"official"	src/upcomingData.js @ 1adfd22 (official UFC 330 weigh-in page, retrievedAt 2026-08-14)	official bout-metadata provenance nulled by 65f32e1; restored verbatim from its authoritative source	restored official provenance
1786823131332-dg1zxg	Jalin Turner|Kaue Fernandes	_provenance.boutContext.division	"Lightweight"	<removed>	n/a - field absent from all 168 non-UFC330 ROI records	accidental duplicate grafted by 65f32e1; not part of the established schema	removal of accidental duplicated provenance structure
1786823131332-dg1zxg	Jalin Turner|Kaue Fernandes	_provenance.boutContext.isTitleBout	false	<removed>	n/a - field absent from all 168 non-UFC330 ROI records	accidental duplicate grafted by 65f32e1; not part of the established schema	removal of accidental duplicated provenance structure
1786823131332-dg1zxg	Jalin Turner|Kaue Fernandes	_provenance.boutContext.provenance	null	<removed>	n/a - field absent from all 168 non-UFC330 ROI records	accidental duplicate grafted by 65f32e1; not part of the established schema	removal of accidental duplicated provenance structure
1786823131332-dg1zxg	Jalin Turner|Kaue Fernandes	_provenance.boutContext.scheduledRounds	3	<removed>	n/a - field absent from all 168 non-UFC330 ROI records	accidental duplicate grafted by 65f32e1; not part of the established schema	removal of accidental duplicated provenance structure
1786823131332-dg1zxg	Jalin Turner|Kaue Fernandes	unitsWagered	1	1	user decision 2026-08-17 (explicit, final)	user-ratified: both NO BET records store 1; already 1 in ROI, asserted not inferred	user-ratified unitsWagered: 1
1786823131332-dg1zxg	Jalin Turner|Kaue Fernandes	_provenance.captureMode	"live"	"live"	refresh commit 65f32e1 (intentional final pre-fight capture, user-confirmed authoritative)	preserved byte-for-byte; no recomputation	unchanged intentional August 15 final prediction
1786823131332-dg1zxg	Jalin Turner|Kaue Fernandes	_provenance.featureVector.v1.age_dif	0	0	refresh commit 65f32e1 (intentional final pre-fight capture, user-confirmed authoritative)	preserved byte-for-byte; no recomputation	unchanged intentional August 15 final prediction
1786823131332-dg1zxg	Jalin Turner|Kaue Fernandes	_provenance.featureVector.v1.atd_dif	0.431111111111111	0.431111111111111	refresh commit 65f32e1 (intentional final pre-fight capture, user-confirmed authoritative)	preserved byte-for-byte; no recomputation	unchanged intentional August 15 final prediction
1786823131332-dg1zxg	Jalin Turner|Kaue Fernandes	_provenance.featureVector.v1.avg_sig_str_pct_dif	-0.13695707762556908	-0.13695707762556908	refresh commit 65f32e1 (intentional final pre-fight capture, user-confirmed authoritative)	preserved byte-for-byte; no recomputation	unchanged intentional August 15 final prediction
1786823131332-dg1zxg	Jalin Turner|Kaue Fernandes	_provenance.featureVector.v1.avg_sub_att_dif	1.2375864318330076	1.2375864318330076	refresh commit 65f32e1 (intentional final pre-fight capture, user-confirmed authoritative)	preserved byte-for-byte; no recomputation	unchanged intentional August 15 final prediction
1786823131332-dg1zxg	Jalin Turner|Kaue Fernandes	_provenance.featureVector.v1.avg_td_dif	-0.5197064579256362	-0.5197064579256362	refresh commit 65f32e1 (intentional final pre-fight capture, user-confirmed authoritative)	preserved byte-for-byte; no recomputation	unchanged intentional August 15 final prediction
1786823131332-dg1zxg	Jalin Turner|Kaue Fernandes	_provenance.featureVector.v1.avg_td_pct_dif	-0.8305022831050226	-0.8305022831050226	refresh commit 65f32e1 (intentional final pre-fight capture, user-confirmed authoritative)	preserved byte-for-byte; no recomputation	unchanged intentional August 15 final prediction
1786823131332-dg1zxg	Jalin Turner|Kaue Fernandes	_provenance.featureVector.v1.cardio_dif	0.7700000000000004	0.7700000000000004	refresh commit 65f32e1 (intentional final pre-fight capture, user-confirmed authoritative)	preserved byte-for-byte; no recomputation	unchanged intentional August 15 final prediction
1786823131332-dg1zxg	Jalin Turner|Kaue Fernandes	_provenance.featureVector.v1.control_time_dif	-0.3444444444444444	-0.3444444444444444	refresh commit 65f32e1 (intentional final pre-fight capture, user-confirmed authoritative)	preserved byte-for-byte; no recomputation	unchanged intentional August 15 final prediction
1786823131332-dg1zxg	Jalin Turner|Kaue Fernandes	_provenance.featureVector.v1.deep_round_dif	0.058823529411764705	0.058823529411764705	refresh commit 65f32e1 (intentional final pre-fight capture, user-confirmed authoritative)	preserved byte-for-byte; no recomputation	unchanged intentional August 15 final prediction
1786823131332-dg1zxg	Jalin Turner|Kaue Fernandes	_provenance.featureVector.v1.elo_dif	0.9274193548387096	0.9274193548387096	refresh commit 65f32e1 (intentional final pre-fight capture, user-confirmed authoritative)	preserved byte-for-byte; no recomputation	unchanged intentional August 15 final prediction
1786823131332-dg1zxg	Jalin Turner|Kaue Fernandes	_provenance.featureVector.v1.height_dif	0.6593406593406593	0.6593406593406593	refresh commit 65f32e1 (intentional final pre-fight capture, user-confirmed authoritative)	preserved byte-for-byte; no recomputation	unchanged intentional August 15 final prediction
1786823131332-dg1zxg	Jalin Turner|Kaue Fernandes	_provenance.featureVector.v1.kd_dif	-0.3320000000000001	-0.3320000000000001	refresh commit 65f32e1 (intentional final pre-fight capture, user-confirmed authoritative)	preserved byte-for-byte; no recomputation	unchanged intentional August 15 final prediction
1786823131332-dg1zxg	Jalin Turner|Kaue Fernandes	_provenance.featureVector.v1.ko_dif	1.5	1.5	refresh commit 65f32e1 (intentional final pre-fight capture, user-confirmed authoritative)	preserved byte-for-byte; no recomputation	unchanged intentional August 15 final prediction
1786823131332-dg1zxg	Jalin Turner|Kaue Fernandes	_provenance.featureVector.v1.layoff_dif	0.455	0.455	refresh commit 65f32e1 (intentional final pre-fight capture, user-confirmed authoritative)	preserved byte-for-byte; no recomputation	unchanged intentional August 15 final prediction
1786823131332-dg1zxg	Jalin Turner|Kaue Fernandes	_provenance.featureVector.v1.lose_streak_dif	0	0	refresh commit 65f32e1 (intentional final pre-fight capture, user-confirmed authoritative)	preserved byte-for-byte; no recomputation	unchanged intentional August 15 final prediction
1786823131332-dg1zxg	Jalin Turner|Kaue Fernandes	_provenance.featureVector.v1.loss_dif	-1.8518518518518516	-1.8518518518518516	refresh commit 65f32e1 (intentional final pre-fight capture, user-confirmed authoritative)	preserved byte-for-byte; no recomputation	unchanged intentional August 15 final prediction
1786823131332-dg1zxg	Jalin Turner|Kaue Fernandes	_provenance.featureVector.v1.peak_elo_dif	1.5272727272727273	1.5272727272727273	refresh commit 65f32e1 (intentional final pre-fight capture, user-confirmed authoritative)	preserved byte-for-byte; no recomputation	unchanged intentional August 15 final prediction
1786823131332-dg1zxg	Jalin Turner|Kaue Fernandes	_provenance.featureVector.v1.rank_tier_dif	0	0	refresh commit 65f32e1 (intentional final pre-fight capture, user-confirmed authoritative)	preserved byte-for-byte; no recomputation	unchanged intentional August 15 final prediction
1786823131332-dg1zxg	Jalin Turner|Kaue Fernandes	_provenance.featureVector.v1.reach_dif	0.37037037037037035	0.37037037037037035	refresh commit 65f32e1 (intentional final pre-fight capture, user-confirmed authoritative)	preserved byte-for-byte; no recomputation	unchanged intentional August 15 final prediction
1786823131332-dg1zxg	Jalin Turner|Kaue Fernandes	_provenance.featureVector.v1.sig_str_dif	0.09338685625108378	0.09338685625108378	refresh commit 65f32e1 (intentional final pre-fight capture, user-confirmed authoritative)	preserved byte-for-byte; no recomputation	unchanged intentional August 15 final prediction
1786823131332-dg1zxg	Jalin Turner|Kaue Fernandes	_provenance.featureVector.v1.sub_dif	2.142857142857143	2.142857142857143	refresh commit 65f32e1 (intentional final pre-fight capture, user-confirmed authoritative)	preserved byte-for-byte; no recomputation	unchanged intentional August 15 final prediction
1786823131332-dg1zxg	Jalin Turner|Kaue Fernandes	_provenance.featureVector.v1.total_round_dif	0.9411764705882353	0.9411764705882353	refresh commit 65f32e1 (intentional final pre-fight capture, user-confirmed authoritative)	preserved byte-for-byte; no recomputation	unchanged intentional August 15 final prediction
1786823131332-dg1zxg	Jalin Turner|Kaue Fernandes	_provenance.featureVector.v1.total_title_bout_dif	0	0	refresh commit 65f32e1 (intentional final pre-fight capture, user-confirmed authoritative)	preserved byte-for-byte; no recomputation	unchanged intentional August 15 final prediction
1786823131332-dg1zxg	Jalin Turner|Kaue Fernandes	_provenance.featureVector.v1.ufc_fight_count_dif	1.25	1.25	refresh commit 65f32e1 (intentional final pre-fight capture, user-confirmed authoritative)	preserved byte-for-byte; no recomputation	unchanged intentional August 15 final prediction
1786823131332-dg1zxg	Jalin Turner|Kaue Fernandes	_provenance.featureVector.v1.win_dif	1.1363636363636362	1.1363636363636362	refresh commit 65f32e1 (intentional final pre-fight capture, user-confirmed authoritative)	preserved byte-for-byte; no recomputation	unchanged intentional August 15 final prediction
1786823131332-dg1zxg	Jalin Turner|Kaue Fernandes	_provenance.featureVector.v1.win_streak_dif	-1.4285714285714286	-1.4285714285714286	refresh commit 65f32e1 (intentional final pre-fight capture, user-confirmed authoritative)	preserved byte-for-byte; no recomputation	unchanged intentional August 15 final prediction
1786823131332-dg1zxg	Jalin Turner|Kaue Fernandes	_provenance.featureVector.v2.elo	0.46	0.46	refresh commit 65f32e1 (intentional final pre-fight capture, user-confirmed authoritative)	preserved byte-for-byte; no recomputation	unchanged intentional August 15 final prediction
1786823131332-dg1zxg	Jalin Turner|Kaue Fernandes	_provenance.featureVector.v2.height	6	6	refresh commit 65f32e1 (intentional final pre-fight capture, user-confirmed authoritative)	preserved byte-for-byte; no recomputation	unchanged intentional August 15 final prediction
1786823131332-dg1zxg	Jalin Turner|Kaue Fernandes	_provenance.featureVector.v2.ko_wins	3	3	refresh commit 65f32e1 (intentional final pre-fight capture, user-confirmed authoritative)	preserved byte-for-byte; no recomputation	unchanged intentional August 15 final prediction
1786823131332-dg1zxg	Jalin Turner|Kaue Fernandes	_provenance.featureVector.v2.losses	-5	-5	refresh commit 65f32e1 (intentional final pre-fight capture, user-confirmed authoritative)	preserved byte-for-byte; no recomputation	unchanged intentional August 15 final prediction
1786823131332-dg1zxg	Jalin Turner|Kaue Fernandes	_provenance.featureVector.v2.modern_form	-0.27983967467370485	-0.27983967467370485	refresh commit 65f32e1 (intentional final pre-fight capture, user-confirmed authoritative)	preserved byte-for-byte; no recomputation	unchanged intentional August 15 final prediction
1786823131332-dg1zxg	Jalin Turner|Kaue Fernandes	_provenance.featureVector.v2.reach	4	4	refresh commit 65f32e1 (intentional final pre-fight capture, user-confirmed authoritative)	preserved byte-for-byte; no recomputation	unchanged intentional August 15 final prediction
1786823131332-dg1zxg	Jalin Turner|Kaue Fernandes	_provenance.featureVector.v2.rounds	16	16	refresh commit 65f32e1 (intentional final pre-fight capture, user-confirmed authoritative)	preserved byte-for-byte; no recomputation	unchanged intentional August 15 final prediction
1786823131332-dg1zxg	Jalin Turner|Kaue Fernandes	_provenance.featureVector.v2.sig_str_accuracy	-0.013695707762556908	-0.013695707762556908	refresh commit 65f32e1 (intentional final pre-fight capture, user-confirmed authoritative)	preserved byte-for-byte; no recomputation	unchanged intentional August 15 final prediction
1786823131332-dg1zxg	Jalin Turner|Kaue Fernandes	_provenance.featureVector.v2.sig_str_landed	1.475512328767124	1.475512328767124	refresh commit 65f32e1 (intentional final pre-fight capture, user-confirmed authoritative)	preserved byte-for-byte; no recomputation	unchanged intentional August 15 final prediction
1786823131332-dg1zxg	Jalin Turner|Kaue Fernandes	_provenance.featureVector.v2.sub_attempts	0.8663105022831052	0.8663105022831052	refresh commit 65f32e1 (intentional final pre-fight capture, user-confirmed authoritative)	preserved byte-for-byte; no recomputation	unchanged intentional August 15 final prediction
1786823131332-dg1zxg	Jalin Turner|Kaue Fernandes	_provenance.featureVector.v2.sub_wins	3	3	refresh commit 65f32e1 (intentional final pre-fight capture, user-confirmed authoritative)	preserved byte-for-byte; no recomputation	unchanged intentional August 15 final prediction
1786823131332-dg1zxg	Jalin Turner|Kaue Fernandes	_provenance.featureVector.v2.td_accuracy	-0.1910155251141552	-0.1910155251141552	refresh commit 65f32e1 (intentional final pre-fight capture, user-confirmed authoritative)	preserved byte-for-byte; no recomputation	unchanged intentional August 15 final prediction
1786823131332-dg1zxg	Jalin Turner|Kaue Fernandes	_provenance.featureVector.v2.td_landed	-0.7275890410958906	-0.7275890410958906	refresh commit 65f32e1 (intentional final pre-fight capture, user-confirmed authoritative)	preserved byte-for-byte; no recomputation	unchanged intentional August 15 final prediction
1786823131332-dg1zxg	Jalin Turner|Kaue Fernandes	_provenance.featureVector.v2.title_bouts	0	0	refresh commit 65f32e1 (intentional final pre-fight capture, user-confirmed authoritative)	preserved byte-for-byte; no recomputation	unchanged intentional August 15 final prediction
1786823131332-dg1zxg	Jalin Turner|Kaue Fernandes	_provenance.featureVector.v2.wins	5	5	refresh commit 65f32e1 (intentional final pre-fight capture, user-confirmed authoritative)	preserved byte-for-byte; no recomputation	unchanged intentional August 15 final prediction
1786823131332-dg1zxg	Jalin Turner|Kaue Fernandes	_provenance.featureVector.v2.younger	0	0	refresh commit 65f32e1 (intentional final pre-fight capture, user-confirmed authoritative)	preserved byte-for-byte; no recomputation	unchanged intentional August 15 final prediction
1786823131332-dg1zxg	Jalin Turner|Kaue Fernandes	_provenance.fightHistoryCutoff.fighterA	"2025-12-06"	"2025-12-06"	refresh commit 65f32e1 (intentional final pre-fight capture, user-confirmed authoritative)	preserved byte-for-byte; no recomputation	unchanged intentional August 15 final prediction
1786823131332-dg1zxg	Jalin Turner|Kaue Fernandes	_provenance.fightHistoryCutoff.fighterB	"2025-09-06"	"2025-09-06"	refresh commit 65f32e1 (intentional final pre-fight capture, user-confirmed authoritative)	preserved byte-for-byte; no recomputation	unchanged intentional August 15 final prediction
1786823131332-dg1zxg	Jalin Turner|Kaue Fernandes	_provenance.frozenTier	"NO BET"	"NO BET"	refresh commit 65f32e1 (intentional final pre-fight capture, user-confirmed authoritative)	preserved byte-for-byte; no recomputation	unchanged intentional August 15 final prediction
1786823131332-dg1zxg	Jalin Turner|Kaue Fernandes	_provenance.modelCoefHash	"256f866e"	"256f866e"	refresh commit 65f32e1 (intentional final pre-fight capture, user-confirmed authoritative)	preserved byte-for-byte; no recomputation	unchanged intentional August 15 final prediction
1786823131332-dg1zxg	Jalin Turner|Kaue Fernandes	_provenance.modelVersion	"logistic_v2.0_20260709"	"logistic_v2.0_20260709"	refresh commit 65f32e1 (intentional final pre-fight capture, user-confirmed authoritative)	preserved byte-for-byte; no recomputation	unchanged intentional August 15 final prediction
1786823131332-dg1zxg	Jalin Turner|Kaue Fernandes	_provenance.predictionTimestamp	"2026-08-15T19:45:31.332Z"	"2026-08-15T19:45:31.332Z"	refresh commit 65f32e1 (intentional final pre-fight capture, user-confirmed authoritative)	preserved byte-for-byte; no recomputation	unchanged intentional August 15 final prediction
1786823131332-dg1zxg	Jalin Turner|Kaue Fernandes	_provenance.sourceManifest.cardio.contentHash	"7025f1f440bbf01c15731cc40e65521e50635902ee482536cd07a412738b788c"	"7025f1f440bbf01c15731cc40e65521e50635902ee482536cd07a412738b788c"	refresh commit 65f32e1 (intentional final pre-fight capture, user-confirmed authoritative)	preserved byte-for-byte; no recomputation	unchanged intentional August 15 final prediction
1786823131332-dg1zxg	Jalin Turner|Kaue Fernandes	_provenance.sourceManifest.cardio.feedsV2	false	false	refresh commit 65f32e1 (intentional final pre-fight capture, user-confirmed authoritative)	preserved byte-for-byte; no recomputation	unchanged intentional August 15 final prediction
1786823131332-dg1zxg	Jalin Turner|Kaue Fernandes	_provenance.sourceManifest.cardio.file	"src/cardioModule.js"	"src/cardioModule.js"	refresh commit 65f32e1 (intentional final pre-fight capture, user-confirmed authoritative)	preserved byte-for-byte; no recomputation	unchanged intentional August 15 final prediction
1786823131332-dg1zxg	Jalin Turner|Kaue Fernandes	_provenance.sourceManifest.cardio.generatedAt	"2026-08-13"	"2026-08-13"	refresh commit 65f32e1 (intentional final pre-fight capture, user-confirmed authoritative)	preserved byte-for-byte; no recomputation	unchanged intentional August 15 final prediction
1786823131332-dg1zxg	Jalin Turner|Kaue Fernandes	_provenance.sourceManifest.cardio.generatorVersion	"unavailable -- no cardio-generation script found in repo"	"unavailable -- no cardio-generation script found in repo"	refresh commit 65f32e1 (intentional final pre-fight capture, user-confirmed authoritative)	preserved byte-for-byte; no recomputation	unchanged intentional August 15 final prediction
1786823131332-dg1zxg	Jalin Turner|Kaue Fernandes	_provenance.sourceManifest.cardio.maxObservedEventDate	null	null	refresh commit 65f32e1 (intentional final pre-fight capture, user-confirmed authoritative)	preserved byte-for-byte; no recomputation	unchanged intentional August 15 final prediction
1786823131332-dg1zxg	Jalin Turner|Kaue Fernandes	_provenance.sourceManifest.cardio.note	"Does not feed MODEL_V2 (no path into computeLogisticProb's 16 features, confirmed in research/source_integrity_audit.md). Tracked here for future model versions that might use it."	"Does not feed MODEL_V2 (no path into computeLogisticProb's 16 features, confirmed in research/source_integrity_audit.md). Tracked here for future model versions that might use it."	refresh commit 65f32e1 (intentional final pre-fight capture, user-confirmed authoritative)	preserved byte-for-byte; no recomputation	unchanged intentional August 15 final prediction
1786823131332-dg1zxg	Jalin Turner|Kaue Fernandes	_provenance.sourceManifest.cardio.verificationMethod	"INDETERMINATE: no generator script present in the repository, and no per-fighter date field is embedded in the shipped artifact itself, so maxObservedEventDate cannot be independently verified the way the Greco-CSV-backed modules above were. The file's own header comment self-reports \"fetched 2026-04-14\" -- this is NOT independently verified and should not be treated as authoritative."	"INDETERMINATE: no generator script present in the repository, and no per-fighter date field is embedded in the shipped artifact itself, so maxObservedEventDate cannot be independently verified the way the Greco-CSV-backed modules above were. The file's own header comment self-reports \"fetched 2026-04-14\" -- this is NOT independently verified and should not be treated as authoritative."	refresh commit 65f32e1 (intentional final pre-fight capture, user-confirmed authoritative)	preserved byte-for-byte; no recomputation	unchanged intentional August 15 final prediction
1786823131332-dg1zxg	Jalin Turner|Kaue Fernandes	_provenance.sourceManifest.elo.contentHash	"0cb60aee84bb6b2b40b2cb476c44e734f9706a96942246d022d285ebe80aa35d"	"0cb60aee84bb6b2b40b2cb476c44e734f9706a96942246d022d285ebe80aa35d"	refresh commit 65f32e1 (intentional final pre-fight capture, user-confirmed authoritative)	preserved byte-for-byte; no recomputation	unchanged intentional August 15 final prediction
1786823131332-dg1zxg	Jalin Turner|Kaue Fernandes	_provenance.sourceManifest.elo.feedsV2	true	true	refresh commit 65f32e1 (intentional final pre-fight capture, user-confirmed authoritative)	preserved byte-for-byte; no recomputation	unchanged intentional August 15 final prediction
1786823131332-dg1zxg	Jalin Turner|Kaue Fernandes	_provenance.sourceManifest.elo.file	"src/eloModule.js"	"src/eloModule.js"	refresh commit 65f32e1 (intentional final pre-fight capture, user-confirmed authoritative)	preserved byte-for-byte; no recomputation	unchanged intentional August 15 final prediction
1786823131332-dg1zxg	Jalin Turner|Kaue Fernandes	_provenance.sourceManifest.elo.generatedAt	"2026-08-13"	"2026-08-13"	refresh commit 65f32e1 (intentional final pre-fight capture, user-confirmed authoritative)	preserved byte-for-byte; no recomputation	unchanged intentional August 15 final prediction
1786823131332-dg1zxg	Jalin Turner|Kaue Fernandes	_provenance.sourceManifest.elo.generatorRequiredInputs	["ufc_fight_results.csv", "ufc_event_details.csv"]	["ufc_fight_results.csv", "ufc_event_details.csv"]	refresh commit 65f32e1 (intentional final pre-fight capture, user-confirmed authoritative)	preserved byte-for-byte; no recomputation	unchanged intentional August 15 final prediction
1786823131332-dg1zxg	Jalin Turner|Kaue Fernandes	_provenance.sourceManifest.elo.generatorVersion	"regen_elo.py @ 97d2379ea418148c1ce0a21deae0461310914844"	"regen_elo.py @ 97d2379ea418148c1ce0a21deae0461310914844"	refresh commit 65f32e1 (intentional final pre-fight capture, user-confirmed authoritative)	preserved byte-for-byte; no recomputation	unchanged intentional August 15 final prediction
1786823131332-dg1zxg	Jalin Turner|Kaue Fernandes	_provenance.sourceManifest.elo.maxObservedEventDate	"2026-08-08"	"2026-08-08"	refresh commit 65f32e1 (intentional final pre-fight capture, user-confirmed authoritative)	preserved byte-for-byte; no recomputation	unchanged intentional August 15 final prediction
1786823131332-dg1zxg	Jalin Turner|Kaue Fernandes	_provenance.sourceManifest.elo.sourceInputs	["ufc_fight_results.csv", "ufc_event_details.csv"]	["ufc_fight_results.csv", "ufc_event_details.csv"]	refresh commit 65f32e1 (intentional final pre-fight capture, user-confirmed authoritative)	preserved byte-for-byte; no recomputation	unchanged intentional August 15 final prediction
1786823131332-dg1zxg	Jalin Turner|Kaue Fernandes	_provenance.sourceManifest.elo.verificationMethod	"Parsed DATE column of ufc_event_details.csv directly (783 rows); maximum event date found = 2026-08-08. Cross-checked ufc_fight_results.csv, ufc_fight_details.csv, ufc_fight_stats.csv for window-period event names: FOUND (see manual audit). This value is NOT derived from any file mtime, git commit date, or in-file header comment -- see research/source_integrity_audit.md for the original manual methodology this script automates. NOTE: eloModule.js's own header comment claims coverage \"through Jul 2026\" -- this is misleading relative to the verified underlying data and should not be trusted; regen_elo.py reads only ufc_fight_results.csv + ufc_event_details.csv. Unlike ELO, the fighter aggregate updater also requires ufc_fight_details.csv and ufc_fight_stats.csv."	"Parsed DATE column of ufc_event_details.csv directly (783 rows); maximum event date found = 2026-08-08. Cross-checked ufc_fight_results.csv, ufc_fight_details.csv, ufc_fight_stats.csv for window-period event names: FOUND (see manual audit). This value is NOT derived from any file mtime, git commit date, or in-file header comment -- see research/source_integrity_audit.md for the original manual methodology this script automates. NOTE: eloModule.js's own header comment claims coverage \"through Jul 2026\" -- this is misleading relative to the verified underlying data and should not be trusted; regen_elo.py reads only ufc_fight_results.csv + ufc_event_details.csv. Unlike ELO, the fighter aggregate updater also requires ufc_fight_details.csv and ufc_fight_stats.csv."	refresh commit 65f32e1 (intentional final pre-fight capture, user-confirmed authoritative)	preserved byte-for-byte; no recomputation	unchanged intentional August 15 final prediction
1786823131332-dg1zxg	Jalin Turner|Kaue Fernandes	_provenance.sourceManifest.fightHistory.contentHash	"46bff36e8569423c1401fb137638b82265fab6a675584273ac1f0181ff9df0a5"	"46bff36e8569423c1401fb137638b82265fab6a675584273ac1f0181ff9df0a5"	refresh commit 65f32e1 (intentional final pre-fight capture, user-confirmed authoritative)	preserved byte-for-byte; no recomputation	unchanged intentional August 15 final prediction
1786823131332-dg1zxg	Jalin Turner|Kaue Fernandes	_provenance.sourceManifest.fightHistory.feedsV2	true	true	refresh commit 65f32e1 (intentional final pre-fight capture, user-confirmed authoritative)	preserved byte-for-byte; no recomputation	unchanged intentional August 15 final prediction
1786823131332-dg1zxg	Jalin Turner|Kaue Fernandes	_provenance.sourceManifest.fightHistory.file	"src/fightHistory.js"	"src/fightHistory.js"	refresh commit 65f32e1 (intentional final pre-fight capture, user-confirmed authoritative)	preserved byte-for-byte; no recomputation	unchanged intentional August 15 final prediction
1786823131332-dg1zxg	Jalin Turner|Kaue Fernandes	_provenance.sourceManifest.fightHistory.generatedAt	"2026-08-13"	"2026-08-13"	refresh commit 65f32e1 (intentional final pre-fight capture, user-confirmed authoritative)	preserved byte-for-byte; no recomputation	unchanged intentional August 15 final prediction
1786823131332-dg1zxg	Jalin Turner|Kaue Fernandes	_provenance.sourceManifest.fightHistory.generatorRequiredInputs	["ufc_fight_results.csv", "ufc_event_details.csv", "ufc_fight_details.csv", "ufc_fight_stats.csv"]	["ufc_fight_results.csv", "ufc_event_details.csv", "ufc_fight_details.csv", "ufc_fight_stats.csv"]	refresh commit 65f32e1 (intentional final pre-fight capture, user-confirmed authoritative)	preserved byte-for-byte; no recomputation	unchanged intentional August 15 final prediction
1786823131332-dg1zxg	Jalin Turner|Kaue Fernandes	_provenance.sourceManifest.fightHistory.generatorVersion	"update_fighters.py @ 97d2379ea418148c1ce0a21deae0461310914844"	"update_fighters.py @ 97d2379ea418148c1ce0a21deae0461310914844"	refresh commit 65f32e1 (intentional final pre-fight capture, user-confirmed authoritative)	preserved byte-for-byte; no recomputation	unchanged intentional August 15 final prediction
1786823131332-dg1zxg	Jalin Turner|Kaue Fernandes	_provenance.sourceManifest.fightHistory.maxObservedEventDate	"2026-08-08"	"2026-08-08"	refresh commit 65f32e1 (intentional final pre-fight capture, user-confirmed authoritative)	preserved byte-for-byte; no recomputation	unchanged intentional August 15 final prediction
1786823131332-dg1zxg	Jalin Turner|Kaue Fernandes	_provenance.sourceManifest.fightHistory.sourceInputs	["ufc_fight_results.csv", "ufc_event_details.csv", "ufc_fight_details.csv"]	["ufc_fight_results.csv", "ufc_event_details.csv", "ufc_fight_details.csv"]	refresh commit 65f32e1 (intentional final pre-fight capture, user-confirmed authoritative)	preserved byte-for-byte; no recomputation	unchanged intentional August 15 final prediction
1786823131332-dg1zxg	Jalin Turner|Kaue Fernandes	_provenance.sourceManifest.fightHistory.verificationMethod	"Parsed DATE column of ufc_event_details.csv directly (783 rows); maximum event date found = 2026-08-08. Cross-checked ufc_fight_results.csv, ufc_fight_details.csv, ufc_fight_stats.csv for window-period event names: FOUND (see manual audit). This value is NOT derived from any file mtime, git commit date, or in-file header comment -- see research/source_integrity_audit.md for the original manual methodology this script automates."	"Parsed DATE column of ufc_event_details.csv directly (783 rows); maximum event date found = 2026-08-08. Cross-checked ufc_fight_results.csv, ufc_fight_details.csv, ufc_fight_stats.csv for window-period event names: FOUND (see manual audit). This value is NOT derived from any file mtime, git commit date, or in-file header comment -- see research/source_integrity_audit.md for the original manual methodology this script automates."	refresh commit 65f32e1 (intentional final pre-fight capture, user-confirmed authoritative)	preserved byte-for-byte; no recomputation	unchanged intentional August 15 final prediction
1786823131332-dg1zxg	Jalin Turner|Kaue Fernandes	_provenance.sourceManifest.fighterBirthdates.contentHash	"560e7d5207c1766a57380ce852767ea03b004a89e2281c3be3dd11fc9e63cd5d"	"560e7d5207c1766a57380ce852767ea03b004a89e2281c3be3dd11fc9e63cd5d"	refresh commit 65f32e1 (intentional final pre-fight capture, user-confirmed authoritative)	preserved byte-for-byte; no recomputation	unchanged intentional August 15 final prediction
1786823131332-dg1zxg	Jalin Turner|Kaue Fernandes	_provenance.sourceManifest.fighterBirthdates.feedsV2	true	true	refresh commit 65f32e1 (intentional final pre-fight capture, user-confirmed authoritative)	preserved byte-for-byte; no recomputation	unchanged intentional August 15 final prediction
1786823131332-dg1zxg	Jalin Turner|Kaue Fernandes	_provenance.sourceManifest.fighterBirthdates.file	"src/fighterBirthdates.js"	"src/fighterBirthdates.js"	refresh commit 65f32e1 (intentional final pre-fight capture, user-confirmed authoritative)	preserved byte-for-byte; no recomputation	unchanged intentional August 15 final prediction
1786823131332-dg1zxg	Jalin Turner|Kaue Fernandes	_provenance.sourceManifest.fighterBirthdates.generatedAt	"2026-08-13"	"2026-08-13"	refresh commit 65f32e1 (intentional final pre-fight capture, user-confirmed authoritative)	preserved byte-for-byte; no recomputation	unchanged intentional August 15 final prediction
1786823131332-dg1zxg	Jalin Turner|Kaue Fernandes	_provenance.sourceManifest.fighterBirthdates.generatorVersion	"scripts/generate-fighter-birthdates.mjs @ 97d2379ea418148c1ce0a21deae0461310914844"	"scripts/generate-fighter-birthdates.mjs @ 97d2379ea418148c1ce0a21deae0461310914844"	refresh commit 65f32e1 (intentional final pre-fight capture, user-confirmed authoritative)	preserved byte-for-byte; no recomputation	unchanged intentional August 15 final prediction
1786823131332-dg1zxg	Jalin Turner|Kaue Fernandes	_provenance.sourceManifest.fighterBirthdates.maxObservedEventDate	null	null	refresh commit 65f32e1 (intentional final pre-fight capture, user-confirmed authoritative)	preserved byte-for-byte; no recomputation	unchanged intentional August 15 final prediction
1786823131332-dg1zxg	Jalin Turner|Kaue Fernandes	_provenance.sourceManifest.fighterBirthdates.note	"Canonical fighter name -> date of birth. Feeds the v2 'younger' feature and the v1 age differential/age-decay penalty via src/domain/age, which derives every age from DOB -- at app load for the roster, and at the bout date for a prediction. The integer AGE values in fightersData.js are now used only where no birth date exists here."	"Canonical fighter name -> date of birth. Feeds the v2 'younger' feature and the v1 age differential/age-decay penalty via src/domain/age, which derives every age from DOB -- at app load for the roster, and at the bout date for a prediction. The integer AGE values in fightersData.js are now used only where no birth date exists here."	refresh commit 65f32e1 (intentional final pre-fight capture, user-confirmed authoritative)	preserved byte-for-byte; no recomputation	unchanged intentional August 15 final prediction
1786823131332-dg1zxg	Jalin Turner|Kaue Fernandes	_provenance.sourceManifest.fighterBirthdates.verificationMethod	"Recomputed the join from source while writing this manifest: read 2267 rows from fighters.json, of which 2207 carry a dob matching ^\\d{4}-\\d{2}-\\d{2}$; applied 1 name_aliases.json rewrites; produced 2207 canonical names, and the shipped artifact contains 2207 entries. The generator raises on any canonical name that would receive two DIFFERENT birth dates, so a silent bad join cannot ship. Keys are sorted by UTF-16 code point (not localeCompare), making regeneration byte-identical across machines and ICU builds; the scheduled workflow enforces this with a --check re-run. maxObservedEventDate is null by nature, not by omission: this artifact holds birth dates, which are not event-scoped, so there is no event date it could be current or stale relative to. Its freshness question is coverage, which is the measured count above."	"Recomputed the join from source while writing this manifest: read 2267 rows from fighters.json, of which 2207 carry a dob matching ^\\d{4}-\\d{2}-\\d{2}$; applied 1 name_aliases.json rewrites; produced 2207 canonical names, and the shipped artifact contains 2207 entries. The generator raises on any canonical name that would receive two DIFFERENT birth dates, so a silent bad join cannot ship. Keys are sorted by UTF-16 code point (not localeCompare), making regeneration byte-identical across machines and ICU builds; the scheduled workflow enforces this with a --check re-run. maxObservedEventDate is null by nature, not by omission: this artifact holds birth dates, which are not event-scoped, so there is no event date it could be current or stale relative to. Its freshness question is coverage, which is the measured count above."	refresh commit 65f32e1 (intentional final pre-fight capture, user-confirmed authoritative)	preserved byte-for-byte; no recomputation	unchanged intentional August 15 final prediction
1786823131332-dg1zxg	Jalin Turner|Kaue Fernandes	_provenance.sourceManifest.fightersDataAggregates.contentHash	"51dc68372e9742be8602c43b0a9119ecc3e2c9eb5fa0b3c4a97980ab1e244aad"	"51dc68372e9742be8602c43b0a9119ecc3e2c9eb5fa0b3c4a97980ab1e244aad"	refresh commit 65f32e1 (intentional final pre-fight capture, user-confirmed authoritative)	preserved byte-for-byte; no recomputation	unchanged intentional August 15 final prediction
1786823131332-dg1zxg	Jalin Turner|Kaue Fernandes	_provenance.sourceManifest.fightersDataAggregates.feedsV2	true	true	refresh commit 65f32e1 (intentional final pre-fight capture, user-confirmed authoritative)	preserved byte-for-byte; no recomputation	unchanged intentional August 15 final prediction
1786823131332-dg1zxg	Jalin Turner|Kaue Fernandes	_provenance.sourceManifest.fightersDataAggregates.file	"src/fightersData.js"	"src/fightersData.js"	refresh commit 65f32e1 (intentional final pre-fight capture, user-confirmed authoritative)	preserved byte-for-byte; no recomputation	unchanged intentional August 15 final prediction
1786823131332-dg1zxg	Jalin Turner|Kaue Fernandes	_provenance.sourceManifest.fightersDataAggregates.generatedAt	"2026-08-13"	"2026-08-13"	refresh commit 65f32e1 (intentional final pre-fight capture, user-confirmed authoritative)	preserved byte-for-byte; no recomputation	unchanged intentional August 15 final prediction
1786823131332-dg1zxg	Jalin Turner|Kaue Fernandes	_provenance.sourceManifest.fightersDataAggregates.generatorRequiredInputs	["ufc_fight_results.csv", "ufc_event_details.csv", "ufc_fight_details.csv", "ufc_fight_stats.csv"]	["ufc_fight_results.csv", "ufc_event_details.csv", "ufc_fight_details.csv", "ufc_fight_stats.csv"]	refresh commit 65f32e1 (intentional final pre-fight capture, user-confirmed authoritative)	preserved byte-for-byte; no recomputation	unchanged intentional August 15 final prediction
1786823131332-dg1zxg	Jalin Turner|Kaue Fernandes	_provenance.sourceManifest.fightersDataAggregates.generatorVersion	"update_fighters.py @ 97d2379ea418148c1ce0a21deae0461310914844"	"update_fighters.py @ 97d2379ea418148c1ce0a21deae0461310914844"	refresh commit 65f32e1 (intentional final pre-fight capture, user-confirmed authoritative)	preserved byte-for-byte; no recomputation	unchanged intentional August 15 final prediction
1786823131332-dg1zxg	Jalin Turner|Kaue Fernandes	_provenance.sourceManifest.fightersDataAggregates.maxObservedEventDate	"2026-08-08"	"2026-08-08"	refresh commit 65f32e1 (intentional final pre-fight capture, user-confirmed authoritative)	preserved byte-for-byte; no recomputation	unchanged intentional August 15 final prediction
1786823131332-dg1zxg	Jalin Turner|Kaue Fernandes	_provenance.sourceManifest.fightersDataAggregates.note	"Feeds ASL/ASP/ATL/ATP/ASA (sig_str_landed, sig_str_accuracy, sub_attempts, td_landed, td_accuracy) and TR (rounds) -- the highest-weight non-ELO v2 features."	"Feeds ASL/ASP/ATL/ATP/ASA (sig_str_landed, sig_str_accuracy, sub_attempts, td_landed, td_accuracy) and TR (rounds) -- the highest-weight non-ELO v2 features."	refresh commit 65f32e1 (intentional final pre-fight capture, user-confirmed authoritative)	preserved byte-for-byte; no recomputation	unchanged intentional August 15 final prediction
1786823131332-dg1zxg	Jalin Turner|Kaue Fernandes	_provenance.sourceManifest.fightersDataAggregates.sourceInputs	["ufc_fight_results.csv", "ufc_event_details.csv", "ufc_fight_details.csv", "ufc_fight_stats.csv"]	["ufc_fight_results.csv", "ufc_event_details.csv", "ufc_fight_details.csv", "ufc_fight_stats.csv"]	refresh commit 65f32e1 (intentional final pre-fight capture, user-confirmed authoritative)	preserved byte-for-byte; no recomputation	unchanged intentional August 15 final prediction
1786823131332-dg1zxg	Jalin Turner|Kaue Fernandes	_provenance.sourceManifest.fightersDataAggregates.verificationMethod	"Parsed DATE column of ufc_event_details.csv directly (783 rows); maximum event date found = 2026-08-08. Cross-checked ufc_fight_results.csv, ufc_fight_details.csv, ufc_fight_stats.csv for window-period event names: FOUND (see manual audit). This value is NOT derived from any file mtime, git commit date, or in-file header comment -- see research/source_integrity_audit.md for the original manual methodology this script automates."	"Parsed DATE column of ufc_event_details.csv directly (783 rows); maximum event date found = 2026-08-08. Cross-checked ufc_fight_results.csv, ufc_fight_details.csv, ufc_fight_stats.csv for window-period event names: FOUND (see manual audit). This value is NOT derived from any file mtime, git commit date, or in-file header comment -- see research/source_integrity_audit.md for the original manual methodology this script automates."	refresh commit 65f32e1 (intentional final pre-fight capture, user-confirmed authoritative)	preserved byte-for-byte; no recomputation	unchanged intentional August 15 final prediction
1786823131332-dg1zxg	Jalin Turner|Kaue Fernandes	_provenance.sourceManifest.rankHistory.contentHash	"9a706f356ef41fa68b605dd9c52740dd370eda014dfb747b0cb8bdc6313ba244"	"9a706f356ef41fa68b605dd9c52740dd370eda014dfb747b0cb8bdc6313ba244"	refresh commit 65f32e1 (intentional final pre-fight capture, user-confirmed authoritative)	preserved byte-for-byte; no recomputation	unchanged intentional August 15 final prediction
1786823131332-dg1zxg	Jalin Turner|Kaue Fernandes	_provenance.sourceManifest.rankHistory.feedsV2	false	false	refresh commit 65f32e1 (intentional final pre-fight capture, user-confirmed authoritative)	preserved byte-for-byte; no recomputation	unchanged intentional August 15 final prediction
1786823131332-dg1zxg	Jalin Turner|Kaue Fernandes	_provenance.sourceManifest.rankHistory.file	"src/rankHistory.js"	"src/rankHistory.js"	refresh commit 65f32e1 (intentional final pre-fight capture, user-confirmed authoritative)	preserved byte-for-byte; no recomputation	unchanged intentional August 15 final prediction
1786823131332-dg1zxg	Jalin Turner|Kaue Fernandes	_provenance.sourceManifest.rankHistory.generatedAt	"2026-08-13"	"2026-08-13"	refresh commit 65f32e1 (intentional final pre-fight capture, user-confirmed authoritative)	preserved byte-for-byte; no recomputation	unchanged intentional August 15 final prediction
1786823131332-dg1zxg	Jalin Turner|Kaue Fernandes	_provenance.sourceManifest.rankHistory.generatorVersion	"regen_rankhistory.py (untracked in git -- present on disk, no commit history, no recoverable version)"	"regen_rankhistory.py (untracked in git -- present on disk, no commit history, no recoverable version)"	refresh commit 65f32e1 (intentional final pre-fight capture, user-confirmed authoritative)	preserved byte-for-byte; no recomputation	unchanged intentional August 15 final prediction
1786823131332-dg1zxg	Jalin Turner|Kaue Fernandes	_provenance.sourceManifest.rankHistory.maxObservedEventDate	"2026-03-12"	"2026-03-12"	refresh commit 65f32e1 (intentional final pre-fight capture, user-confirmed authoritative)	preserved byte-for-byte; no recomputation	unchanged intentional August 15 final prediction
1786823131332-dg1zxg	Jalin Turner|Kaue Fernandes	_provenance.sourceManifest.rankHistory.note	"Does not feed MODEL_V2 (no path into computeLogisticProb's 16 features, confirmed in research/source_integrity_audit.md). Tracked here for future model versions that might use it."	"Does not feed MODEL_V2 (no path into computeLogisticProb's 16 features, confirmed in research/source_integrity_audit.md). Tracked here for future model versions that might use it."	refresh commit 65f32e1 (intentional final pre-fight capture, user-confirmed authoritative)	preserved byte-for-byte; no recomputation	unchanged intentional August 15 final prediction
1786823131332-dg1zxg	Jalin Turner|Kaue Fernandes	_provenance.sourceManifest.rankHistory.verificationMethod	"Raw source UFC_rankings_history.csv is not present on disk, so maxObservedEventDate is instead the maximum YYYYMMDD date literally embedded in the shipped rankHistory.js artifact's own HISTORICAL_RANKINGS data -- a defensible proxy (the artifact cannot reflect dates its regeneration process never saw), but distinct from the direct-CSV verification used for the three modules above."	"Raw source UFC_rankings_history.csv is not present on disk, so maxObservedEventDate is instead the maximum YYYYMMDD date literally embedded in the shipped rankHistory.js artifact's own HISTORICAL_RANKINGS data -- a defensible proxy (the artifact cannot reflect dates its regeneration process never saw), but distinct from the direct-CSV verification used for the three modules above."	refresh commit 65f32e1 (intentional final pre-fight capture, user-confirmed authoritative)	preserved byte-for-byte; no recomputation	unchanged intentional August 15 final prediction
1786823131332-dg1zxg	Jalin Turner|Kaue Fernandes	_provenance.sourceManifest.rankings.contentHash	"48524131c5d78b0adc80d83fe27a2ef7c365c124f66eddab11e17487f7df41d0"	"48524131c5d78b0adc80d83fe27a2ef7c365c124f66eddab11e17487f7df41d0"	refresh commit 65f32e1 (intentional final pre-fight capture, user-confirmed authoritative)	preserved byte-for-byte; no recomputation	unchanged intentional August 15 final prediction
1786823131332-dg1zxg	Jalin Turner|Kaue Fernandes	_provenance.sourceManifest.rankings.feedsV2	false	false	refresh commit 65f32e1 (intentional final pre-fight capture, user-confirmed authoritative)	preserved byte-for-byte; no recomputation	unchanged intentional August 15 final prediction
1786823131332-dg1zxg	Jalin Turner|Kaue Fernandes	_provenance.sourceManifest.rankings.file	"src/rankingsData.js"	"src/rankingsData.js"	refresh commit 65f32e1 (intentional final pre-fight capture, user-confirmed authoritative)	preserved byte-for-byte; no recomputation	unchanged intentional August 15 final prediction
1786823131332-dg1zxg	Jalin Turner|Kaue Fernandes	_provenance.sourceManifest.rankings.generatedAt	"2026-08-07T18:49:33Z"	"2026-08-07T18:49:33Z"	refresh commit 65f32e1 (intentional final pre-fight capture, user-confirmed authoritative)	preserved byte-for-byte; no recomputation	unchanged intentional August 15 final prediction
1786823131332-dg1zxg	Jalin Turner|Kaue Fernandes	_provenance.sourceManifest.rankings.generatorVersion	"scripts/update_rankings.py @ 97d2379ea418148c1ce0a21deae0461310914844"	"scripts/update_rankings.py @ 97d2379ea418148c1ce0a21deae0461310914844"	refresh commit 65f32e1 (intentional final pre-fight capture, user-confirmed authoritative)	preserved byte-for-byte; no recomputation	unchanged intentional August 15 final prediction
1786823131332-dg1zxg	Jalin Turner|Kaue Fernandes	_provenance.sourceManifest.rankings.inProductionBundle	true	true	refresh commit 65f32e1 (intentional final pre-fight capture, user-confirmed authoritative)	preserved byte-for-byte; no recomputation	unchanged intentional August 15 final prediction
1786823131332-dg1zxg	Jalin Turner|Kaue Fernandes	_provenance.sourceManifest.rankings.maxObservedEventDate	"2026-08-04"	"2026-08-04"	refresh commit 65f32e1 (intentional final pre-fight capture, user-confirmed authoritative)	preserved byte-for-byte; no recomputation	unchanged intentional August 15 final prediction
1786823131332-dg1zxg	Jalin Turner|Kaue Fernandes	_provenance.sourceManifest.rankings.note	"Current official rankings feed fighter-profile/UI rank badges only. Runtime artifact: this is the only rankings file in the production dependency graph. Historical series live in the separate rankingsHistory module below."	"Current official rankings feed fighter-profile/UI rank badges only. Runtime artifact: this is the only rankings file in the production dependency graph. Historical series live in the separate rankingsHistory module below."	refresh commit 65f32e1 (intentional final pre-fight capture, user-confirmed authoritative)	preserved byte-for-byte; no recomputation	unchanged intentional August 15 final prediction
1786823131332-dg1zxg	Jalin Turner|Kaue Fernandes	_provenance.sourceManifest.rankings.officialSnapshots	["2026-08-01-meta.json", "2026-08-04-media.json"]	["2026-08-01-meta.json", "2026-08-04-media.json"]	refresh commit 65f32e1 (intentional final pre-fight capture, user-confirmed authoritative)	preserved byte-for-byte; no recomputation	unchanged intentional August 15 final prediction
1786823131332-dg1zxg	Jalin Turner|Kaue Fernandes	_provenance.sourceManifest.rankings.verificationMethod	"Read directly from the generated artifacts and the committed history cache, all produced by scripts/update_rankings.py and regenerating byte-identically from the same inputs. upstreamContentSha256 is the SHA-256 of the Kaggle CSV the cache was built from. No git commit date, file mtime, or header comment is consulted, and a missing artifact, cache or snapshot set is a hard failure rather than a silent fallback."	"Read directly from the generated artifacts and the committed history cache, all produced by scripts/update_rankings.py and regenerating byte-identically from the same inputs. upstreamContentSha256 is the SHA-256 of the Kaggle CSV the cache was built from. No git commit date, file mtime, or header comment is consulted, and a missing artifact, cache or snapshot set is a hard failure rather than a silent fallback."	refresh commit 65f32e1 (intentional final pre-fight capture, user-confirmed authoritative)	preserved byte-for-byte; no recomputation	unchanged intentional August 15 final prediction
1786823131332-dg1zxg	Jalin Turner|Kaue Fernandes	_provenance.sourceManifest.rankingsHistory.contentHash	"387363b7f1fda0f51757fd778ff969ce9fffe1d34d3c870437977db5e36003a3"	"387363b7f1fda0f51757fd778ff969ce9fffe1d34d3c870437977db5e36003a3"	refresh commit 65f32e1 (intentional final pre-fight capture, user-confirmed authoritative)	preserved byte-for-byte; no recomputation	unchanged intentional August 15 final prediction
1786823131332-dg1zxg	Jalin Turner|Kaue Fernandes	_provenance.sourceManifest.rankingsHistory.feedsV2	false	false	refresh commit 65f32e1 (intentional final pre-fight capture, user-confirmed authoritative)	preserved byte-for-byte; no recomputation	unchanged intentional August 15 final prediction
1786823131332-dg1zxg	Jalin Turner|Kaue Fernandes	_provenance.sourceManifest.rankingsHistory.file	"src/rankingsHistoryData.js"	"src/rankingsHistoryData.js"	refresh commit 65f32e1 (intentional final pre-fight capture, user-confirmed authoritative)	preserved byte-for-byte; no recomputation	unchanged intentional August 15 final prediction
1786823131332-dg1zxg	Jalin Turner|Kaue Fernandes	_provenance.sourceManifest.rankingsHistory.generatedAt	"2026-08-07T18:49:33Z"	"2026-08-07T18:49:33Z"	refresh commit 65f32e1 (intentional final pre-fight capture, user-confirmed authoritative)	preserved byte-for-byte; no recomputation	unchanged intentional August 15 final prediction
1786823131332-dg1zxg	Jalin Turner|Kaue Fernandes	_provenance.sourceManifest.rankingsHistory.generatorVersion	"scripts/update_rankings.py @ 97d2379ea418148c1ce0a21deae0461310914844"	"scripts/update_rankings.py @ 97d2379ea418148c1ce0a21deae0461310914844"	refresh commit 65f32e1 (intentional final pre-fight capture, user-confirmed authoritative)	preserved byte-for-byte; no recomputation	unchanged intentional August 15 final prediction
1786823131332-dg1zxg	Jalin Turner|Kaue Fernandes	_provenance.sourceManifest.rankingsHistory.historyCacheSha256	"4f245240e2b53ee088d82f861aa0a718aef9f62bf15d62eb434d4628b3b6b3ad"	"4f245240e2b53ee088d82f861aa0a718aef9f62bf15d62eb434d4628b3b6b3ad"	refresh commit 65f32e1 (intentional final pre-fight capture, user-confirmed authoritative)	preserved byte-for-byte; no recomputation	unchanged intentional August 15 final prediction
1786823131332-dg1zxg	Jalin Turner|Kaue Fernandes	_provenance.sourceManifest.rankingsHistory.historyUsedThrough	"2026-06-18"	"2026-06-18"	refresh commit 65f32e1 (intentional final pre-fight capture, user-confirmed authoritative)	preserved byte-for-byte; no recomputation	unchanged intentional August 15 final prediction
1786823131332-dg1zxg	Jalin Turner|Kaue Fernandes	_provenance.sourceManifest.rankingsHistory.inProductionBundle	false	false	refresh commit 65f32e1 (intentional final pre-fight capture, user-confirmed authoritative)	preserved byte-for-byte; no recomputation	unchanged intentional August 15 final prediction
1786823131332-dg1zxg	Jalin Turner|Kaue Fernandes	_provenance.sourceManifest.rankingsHistory.maxObservedEventDate	"2026-08-04"	"2026-08-04"	refresh commit 65f32e1 (intentional final pre-fight capture, user-confirmed authoritative)	preserved byte-for-byte; no recomputation	unchanged intentional August 15 final prediction
1786823131332-dg1zxg	Jalin Turner|Kaue Fernandes	_provenance.sourceManifest.rankingsHistory.note	"Historical divisional rankings. RESEARCH ARTIFACT: no runtime consumer and no model consumer -- neither the deprecated v1 engine nor the frozen 16-feature MODEL_V2. Kept out of the browser bundle; enforced by src/domain/rankings/__tests__/boundary.test.js (import graph) and scripts/verify-bundle.mjs (emitted assets)."	"Historical divisional rankings. RESEARCH ARTIFACT: no runtime consumer and no model consumer -- neither the deprecated v1 engine nor the frozen 16-feature MODEL_V2. Kept out of the browser bundle; enforced by src/domain/rankings/__tests__/boundary.test.js (import graph) and scripts/verify-bundle.mjs (emitted assets)."	refresh commit 65f32e1 (intentional final pre-fight capture, user-confirmed authoritative)	preserved byte-for-byte; no recomputation	unchanged intentional August 15 final prediction
1786823131332-dg1zxg	Jalin Turner|Kaue Fernandes	_provenance.sourceManifest.rankingsHistory.upstreamContentSha256	"2d27b34e64372520e9170cc30f1d1c59e795d046b6726de89db95b9535db9858"	"2d27b34e64372520e9170cc30f1d1c59e795d046b6726de89db95b9535db9858"	refresh commit 65f32e1 (intentional final pre-fight capture, user-confirmed authoritative)	preserved byte-for-byte; no recomputation	unchanged intentional August 15 final prediction
1786823131332-dg1zxg	Jalin Turner|Kaue Fernandes	_provenance.sourceManifest.rankingsHistory.upstreamVersion	49	49	refresh commit 65f32e1 (intentional final pre-fight capture, user-confirmed authoritative)	preserved byte-for-byte; no recomputation	unchanged intentional August 15 final prediction
1786823131332-dg1zxg	Jalin Turner|Kaue Fernandes	_provenance.sourceManifest.rankingsHistory.verificationMethod	"Read directly from the generated artifacts and the committed history cache, all produced by scripts/update_rankings.py and regenerating byte-identically from the same inputs. upstreamContentSha256 is the SHA-256 of the Kaggle CSV the cache was built from. No git commit date, file mtime, or header comment is consulted, and a missing artifact, cache or snapshot set is a hard failure rather than a silent fallback."	"Read directly from the generated artifacts and the committed history cache, all produced by scripts/update_rankings.py and regenerating byte-identically from the same inputs. upstreamContentSha256 is the SHA-256 of the Kaggle CSV the cache was built from. No git commit date, file mtime, or header comment is consulted, and a missing artifact, cache or snapshot set is a hard failure rather than a silent fallback."	refresh commit 65f32e1 (intentional final pre-fight capture, user-confirmed authoritative)	preserved byte-for-byte; no recomputation	unchanged intentional August 15 final prediction
1786823131332-dg1zxg	Jalin Turner|Kaue Fernandes	_provenance.targetEventDate	"2026-08-15"	"2026-08-15"	refresh commit 65f32e1 (intentional final pre-fight capture, user-confirmed authoritative)	preserved byte-for-byte; no recomputation	unchanged intentional August 15 final prediction
1786823131332-dg1zxg	Jalin Turner|Kaue Fernandes	actualFinish	""	""	grading commit 3a67be6	preserved byte-for-byte; no recomputation	preserved legitimate grading
1786823131332-dg1zxg	Jalin Turner|Kaue Fernandes	actualWinner	"Jalin Turner"	"Jalin Turner"	grading commit 3a67be6	preserved byte-for-byte; no recomputation	preserved legitimate grading
1786823131332-dg1zxg	Jalin Turner|Kaue Fernandes	bestBet	null	null	refresh commit 65f32e1 (intentional final pre-fight capture, user-confirmed authoritative)	preserved byte-for-byte; no recomputation	unchanged intentional August 15 final prediction
1786823131332-dg1zxg	Jalin Turner|Kaue Fernandes	betAction	"NO BET"	"NO BET"	refresh commit 65f32e1 (intentional final pre-fight capture, user-confirmed authoritative)	preserved byte-for-byte; no recomputation	unchanged intentional August 15 final prediction
1786823131332-dg1zxg	Jalin Turner|Kaue Fernandes	betRecommendedFighter	""	""	refresh commit 65f32e1 (intentional final pre-fight capture, user-confirmed authoritative)	preserved byte-for-byte; no recomputation	unchanged intentional August 15 final prediction
1786823131332-dg1zxg	Jalin Turner|Kaue Fernandes	betRecommendedOdds	""	""	refresh commit 65f32e1 (intentional final pre-fight capture, user-confirmed authoritative)	preserved byte-for-byte; no recomputation	unchanged intentional August 15 final prediction
1786823131332-dg1zxg	Jalin Turner|Kaue Fernandes	boutContext.division	"Lightweight"	"Lightweight"	refresh commit 65f32e1 (intentional final pre-fight capture, user-confirmed authoritative)	preserved byte-for-byte; no recomputation	unchanged intentional August 15 final prediction
1786823131332-dg1zxg	Jalin Turner|Kaue Fernandes	boutContext.isTitleBout	false	false	refresh commit 65f32e1 (intentional final pre-fight capture, user-confirmed authoritative)	preserved byte-for-byte; no recomputation	unchanged intentional August 15 final prediction
1786823131332-dg1zxg	Jalin Turner|Kaue Fernandes	boutContext.scheduledRounds	3	3	refresh commit 65f32e1 (intentional final pre-fight capture, user-confirmed authoritative)	preserved byte-for-byte; no recomputation	unchanged intentional August 15 final prediction
1786823131332-dg1zxg	Jalin Turner|Kaue Fernandes	createdAt	"2026-08-15T19:45:31.332Z"	"2026-08-15T19:45:31.332Z"	refresh commit 65f32e1 (intentional final pre-fight capture, user-confirmed authoritative)	preserved byte-for-byte; no recomputation	unchanged intentional August 15 final prediction
1786823131332-dg1zxg	Jalin Turner|Kaue Fernandes	division	"Lightweight"	"Lightweight"	refresh commit 65f32e1 (intentional final pre-fight capture, user-confirmed authoritative)	preserved byte-for-byte; no recomputation	unchanged intentional August 15 final prediction
1786823131332-dg1zxg	Jalin Turner|Kaue Fernandes	edge	0.07196447713737752	0.07196447713737752	refresh commit 65f32e1 (intentional final pre-fight capture, user-confirmed authoritative)	preserved byte-for-byte; no recomputation	unchanged intentional August 15 final prediction
1786823131332-dg1zxg	Jalin Turner|Kaue Fernandes	edgeA	0.07196447713737752	0.07196447713737752	refresh commit 65f32e1 (intentional final pre-fight capture, user-confirmed authoritative)	preserved byte-for-byte; no recomputation	unchanged intentional August 15 final prediction
1786823131332-dg1zxg	Jalin Turner|Kaue Fernandes	edgeB	-0.07196447713737752	-0.07196447713737752	refresh commit 65f32e1 (intentional final pre-fight capture, user-confirmed authoritative)	preserved byte-for-byte; no recomputation	unchanged intentional August 15 final prediction
1786823131332-dg1zxg	Jalin Turner|Kaue Fernandes	ev	9.193218362590265	9.193218362590265	refresh commit 65f32e1 (intentional final pre-fight capture, user-confirmed authoritative)	preserved byte-for-byte; no recomputation	unchanged intentional August 15 final prediction
1786823131332-dg1zxg	Jalin Turner|Kaue Fernandes	evA	9.193218362590265	9.193218362590265	refresh commit 65f32e1 (intentional final pre-fight capture, user-confirmed authoritative)	preserved byte-for-byte; no recomputation	unchanged intentional August 15 final prediction
1786823131332-dg1zxg	Jalin Turner|Kaue Fernandes	evB	-18.284127453499345	-18.284127453499345	refresh commit 65f32e1 (intentional final pre-fight capture, user-confirmed authoritative)	preserved byte-for-byte; no recomputation	unchanged intentional August 15 final prediction
1786823131332-dg1zxg	Jalin Turner|Kaue Fernandes	eventDate	"2026-08-15"	"2026-08-15"	refresh commit 65f32e1 (intentional final pre-fight capture, user-confirmed authoritative)	preserved byte-for-byte; no recomputation	unchanged intentional August 15 final prediction
1786823131332-dg1zxg	Jalin Turner|Kaue Fernandes	eventName	"UFC 330"	"UFC 330"	refresh commit 65f32e1 (intentional final pre-fight capture, user-confirmed authoritative)	preserved byte-for-byte; no recomputation	unchanged intentional August 15 final prediction
1786823131332-dg1zxg	Jalin Turner|Kaue Fernandes	fairLine	"-134"	"-134"	refresh commit 65f32e1 (intentional final pre-fight capture, user-confirmed authoritative)	preserved byte-for-byte; no recomputation	unchanged intentional August 15 final prediction
1786823131332-dg1zxg	Jalin Turner|Kaue Fernandes	fairLineA	"-134"	"-134"	refresh commit 65f32e1 (intentional final pre-fight capture, user-confirmed authoritative)	preserved byte-for-byte; no recomputation	unchanged intentional August 15 final prediction
1786823131332-dg1zxg	Jalin Turner|Kaue Fernandes	fairLineB	"+134"	"+134"	refresh commit 65f32e1 (intentional final pre-fight capture, user-confirmed authoritative)	preserved byte-for-byte; no recomputation	unchanged intentional August 15 final prediction
1786823131332-dg1zxg	Jalin Turner|Kaue Fernandes	fighterA	"Jalin Turner"	"Jalin Turner"	refresh commit 65f32e1 (intentional final pre-fight capture, user-confirmed authoritative)	preserved byte-for-byte; no recomputation	unchanged intentional August 15 final prediction
1786823131332-dg1zxg	Jalin Turner|Kaue Fernandes	fighterAIsProspect	false	false	refresh commit 65f32e1 (intentional final pre-fight capture, user-confirmed authoritative)	preserved byte-for-byte; no recomputation	unchanged intentional August 15 final prediction
1786823131332-dg1zxg	Jalin Turner|Kaue Fernandes	fighterAProb	0.5777012846198838	0.5777012846198838	refresh commit 65f32e1 (intentional final pre-fight capture, user-confirmed authoritative)	preserved byte-for-byte; no recomputation	unchanged intentional August 15 final prediction
1786823131332-dg1zxg	Jalin Turner|Kaue Fernandes	fighterB	"Kaue Fernandes"	"Kaue Fernandes"	refresh commit 65f32e1 (intentional final pre-fight capture, user-confirmed authoritative)	preserved byte-for-byte; no recomputation	unchanged intentional August 15 final prediction
1786823131332-dg1zxg	Jalin Turner|Kaue Fernandes	fighterBIsProspect	false	false	refresh commit 65f32e1 (intentional final pre-fight capture, user-confirmed authoritative)	preserved byte-for-byte; no recomputation	unchanged intentional August 15 final prediction
1786823131332-dg1zxg	Jalin Turner|Kaue Fernandes	fighterBProb	0.4222987153801162	0.4222987153801162	refresh commit 65f32e1 (intentional final pre-fight capture, user-confirmed authoritative)	preserved byte-for-byte; no recomputation	unchanged intentional August 15 final prediction
1786823131332-dg1zxg	Jalin Turner|Kaue Fernandes	id	"1786823131332-dg1zxg"	"1786823131332-dg1zxg"	refresh commit 65f32e1 (intentional final pre-fight capture, user-confirmed authoritative)	preserved byte-for-byte; no recomputation	unchanged intentional August 15 final prediction
1786823131332-dg1zxg	Jalin Turner|Kaue Fernandes	includesProspect	false	false	refresh commit 65f32e1 (intentional final pre-fight capture, user-confirmed authoritative)	preserved byte-for-byte; no recomputation	unchanged intentional August 15 final prediction
1786823131332-dg1zxg	Jalin Turner|Kaue Fernandes	kelly	0.10112540198849286	0.10112540198849286	refresh commit 65f32e1 (intentional final pre-fight capture, user-confirmed authoritative)	preserved byte-for-byte; no recomputation	unchanged intentional August 15 final prediction
1786823131332-dg1zxg	Jalin Turner|Kaue Fernandes	kellyA	0.10112540198849286	0.10112540198849286	refresh commit 65f32e1 (intentional final pre-fight capture, user-confirmed authoritative)	preserved byte-for-byte; no recomputation	unchanged intentional August 15 final prediction
1786823131332-dg1zxg	Jalin Turner|Kaue Fernandes	kellyB	0	0	refresh commit 65f32e1 (intentional final pre-fight capture, user-confirmed authoritative)	preserved byte-for-byte; no recomputation	unchanged intentional August 15 final prediction
1786823131332-dg1zxg	Jalin Turner|Kaue Fernandes	marketOdds	"-110"	"-110"	refresh commit 65f32e1 (intentional final pre-fight capture, user-confirmed authoritative)	preserved byte-for-byte; no recomputation	unchanged intentional August 15 final prediction
1786823131332-dg1zxg	Jalin Turner|Kaue Fernandes	modelUsed	"v2"	"v2"	refresh commit 65f32e1 (intentional final pre-fight capture, user-confirmed authoritative)	preserved byte-for-byte; no recomputation	unchanged intentional August 15 final prediction
1786823131332-dg1zxg	Jalin Turner|Kaue Fernandes	notes	""	""	refresh commit 65f32e1 (intentional final pre-fight capture, user-confirmed authoritative)	preserved byte-for-byte; no recomputation	unchanged intentional August 15 final prediction
1786823131332-dg1zxg	Jalin Turner|Kaue Fernandes	oddsA	"-110"	"-110"	refresh commit 65f32e1 (intentional final pre-fight capture, user-confirmed authoritative)	preserved byte-for-byte; no recomputation	unchanged intentional August 15 final prediction
1786823131332-dg1zxg	Jalin Turner|Kaue Fernandes	oddsB	"-110"	"-110"	refresh commit 65f32e1 (intentional final pre-fight capture, user-confirmed authoritative)	preserved byte-for-byte; no recomputation	unchanged intentional August 15 final prediction
1786823131332-dg1zxg	Jalin Turner|Kaue Fernandes	predictedProb	0.5777012846198838	0.5777012846198838	refresh commit 65f32e1 (intentional final pre-fight capture, user-confirmed authoritative)	preserved byte-for-byte; no recomputation	unchanged intentional August 15 final prediction
1786823131332-dg1zxg	Jalin Turner|Kaue Fernandes	predictedWinner	"Jalin Turner"	"Jalin Turner"	refresh commit 65f32e1 (intentional final pre-fight capture, user-confirmed authoritative)	preserved byte-for-byte; no recomputation	unchanged intentional August 15 final prediction
1786823131332-dg1zxg	Jalin Turner|Kaue Fernandes	projectedDEC	21	21	refresh commit 65f32e1 (intentional final pre-fight capture, user-confirmed authoritative)	preserved byte-for-byte; no recomputation	unchanged intentional August 15 final prediction
1786823131332-dg1zxg	Jalin Turner|Kaue Fernandes	projectedFinish	"KO/TKO"	"KO/TKO"	refresh commit 65f32e1 (intentional final pre-fight capture, user-confirmed authoritative)	preserved byte-for-byte; no recomputation	unchanged intentional August 15 final prediction
1786823131332-dg1zxg	Jalin Turner|Kaue Fernandes	projectedKO	60	60	refresh commit 65f32e1 (intentional final pre-fight capture, user-confirmed authoritative)	preserved byte-for-byte; no recomputation	unchanged intentional August 15 final prediction
1786823131332-dg1zxg	Jalin Turner|Kaue Fernandes	projectedSUB	20	20	refresh commit 65f32e1 (intentional final pre-fight capture, user-confirmed authoritative)	preserved byte-for-byte; no recomputation	unchanged intentional August 15 final prediction
1786823131332-dg1zxg	Jalin Turner|Kaue Fernandes	trackedProb	0.5719644771373775	0.5719644771373775	refresh commit 65f32e1 (intentional final pre-fight capture, user-confirmed authoritative)	preserved byte-for-byte; no recomputation	unchanged intentional August 15 final prediction
1786823131332-dg1zxg	Jalin Turner|Kaue Fernandes	trackedSide	"Jalin Turner"	"Jalin Turner"	refresh commit 65f32e1 (intentional final pre-fight capture, user-confirmed authoritative)	preserved byte-for-byte; no recomputation	unchanged intentional August 15 final prediction
1786823131332-dg1zxg	Jalin Turner|Kaue Fernandes	v2pA	0.5719644771373775	0.5719644771373775	refresh commit 65f32e1 (intentional final pre-fight capture, user-confirmed authoritative)	preserved byte-for-byte; no recomputation	unchanged intentional August 15 final prediction
1786823131332-dg1zxg	Jalin Turner|Kaue Fernandes	v2pB	0.4280355228626225	0.4280355228626225	refresh commit 65f32e1 (intentional final pre-fight capture, user-confirmed authoritative)	preserved byte-for-byte; no recomputation	unchanged intentional August 15 final prediction
1786823094478-i6q6sa	Mansur Abdul-Malik|Dustin Stoltzfus	boutContext.provenance.sourceUrl	null	"https://www.ufc.com/news/official-weigh-results-ufc-330-makhachev-vs-machado-garry"	src/upcomingData.js @ 1adfd22 (official UFC 330 weigh-in page, retrievedAt 2026-08-14)	official bout-metadata provenance nulled by 65f32e1; restored verbatim from its authoritative source	restored official provenance
1786823094478-i6q6sa	Mansur Abdul-Malik|Dustin Stoltzfus	boutContext.provenance.retrievedAt	null	"2026-08-14"	src/upcomingData.js @ 1adfd22 (official UFC 330 weigh-in page, retrievedAt 2026-08-14)	official bout-metadata provenance nulled by 65f32e1; restored verbatim from its authoritative source	restored official provenance
1786823094478-i6q6sa	Mansur Abdul-Malik|Dustin Stoltzfus	boutContext.provenance.authority	null	"official"	src/upcomingData.js @ 1adfd22 (official UFC 330 weigh-in page, retrievedAt 2026-08-14)	official bout-metadata provenance nulled by 65f32e1; restored verbatim from its authoritative source	restored official provenance
1786823094478-i6q6sa	Mansur Abdul-Malik|Dustin Stoltzfus	_provenance.boutContext.division	"Middleweight"	<removed>	n/a - field absent from all 168 non-UFC330 ROI records	accidental duplicate grafted by 65f32e1; not part of the established schema	removal of accidental duplicated provenance structure
1786823094478-i6q6sa	Mansur Abdul-Malik|Dustin Stoltzfus	_provenance.boutContext.isTitleBout	false	<removed>	n/a - field absent from all 168 non-UFC330 ROI records	accidental duplicate grafted by 65f32e1; not part of the established schema	removal of accidental duplicated provenance structure
1786823094478-i6q6sa	Mansur Abdul-Malik|Dustin Stoltzfus	_provenance.boutContext.provenance	null	<removed>	n/a - field absent from all 168 non-UFC330 ROI records	accidental duplicate grafted by 65f32e1; not part of the established schema	removal of accidental duplicated provenance structure
1786823094478-i6q6sa	Mansur Abdul-Malik|Dustin Stoltzfus	_provenance.boutContext.scheduledRounds	3	<removed>	n/a - field absent from all 168 non-UFC330 ROI records	accidental duplicate grafted by 65f32e1; not part of the established schema	removal of accidental duplicated provenance structure
1786823094478-i6q6sa	Mansur Abdul-Malik|Dustin Stoltzfus	unitsWagered	1	1	user decision 2026-08-17 (explicit, final)	user-ratified: both NO BET records store 1; already 1 in ROI, asserted not inferred	user-ratified unitsWagered: 1
1786823094478-i6q6sa	Mansur Abdul-Malik|Dustin Stoltzfus	_provenance.captureMode	"live"	"live"	refresh commit 65f32e1 (intentional final pre-fight capture, user-confirmed authoritative)	preserved byte-for-byte; no recomputation	unchanged intentional August 15 final prediction
1786823094478-i6q6sa	Mansur Abdul-Malik|Dustin Stoltzfus	_provenance.featureVector.v1.age_dif	1.3953488372093024	1.3953488372093024	refresh commit 65f32e1 (intentional final pre-fight capture, user-confirmed authoritative)	preserved byte-for-byte; no recomputation	unchanged intentional August 15 final prediction
1786823094478-i6q6sa	Mansur Abdul-Malik|Dustin Stoltzfus	_provenance.featureVector.v1.atd_dif	1.9555555555555546	1.9555555555555546	refresh commit 65f32e1 (intentional final pre-fight capture, user-confirmed authoritative)	preserved byte-for-byte; no recomputation	unchanged intentional August 15 final prediction
1786823094478-i6q6sa	Mansur Abdul-Malik|Dustin Stoltzfus	_provenance.featureVector.v1.avg_sig_str_pct_dif	0.062072824427482076	0.062072824427482076	refresh commit 65f32e1 (intentional final pre-fight capture, user-confirmed authoritative)	preserved byte-for-byte; no recomputation	unchanged intentional August 15 final prediction
1786823094478-i6q6sa	Mansur Abdul-Malik|Dustin Stoltzfus	_provenance.featureVector.v1.avg_sub_att_dif	-0.809374409305707	-0.809374409305707	refresh commit 65f32e1 (intentional final pre-fight capture, user-confirmed authoritative)	preserved byte-for-byte; no recomputation	unchanged intentional August 15 final prediction
1786823094478-i6q6sa	Mansur Abdul-Malik|Dustin Stoltzfus	_provenance.featureVector.v1.avg_td_dif	-0.11872655398037106	-0.11872655398037106	refresh commit 65f32e1 (intentional final pre-fight capture, user-confirmed authoritative)	preserved byte-for-byte; no recomputation	unchanged intentional August 15 final prediction
1786823094478-i6q6sa	Mansur Abdul-Malik|Dustin Stoltzfus	_provenance.featureVector.v1.avg_td_pct_dif	0.19885496183206133	0.19885496183206133	refresh commit 65f32e1 (intentional final pre-fight capture, user-confirmed authoritative)	preserved byte-for-byte; no recomputation	unchanged intentional August 15 final prediction
1786823094478-i6q6sa	Mansur Abdul-Malik|Dustin Stoltzfus	_provenance.featureVector.v1.cardio_dif	-0.22291666666666665	-0.22291666666666665	refresh commit 65f32e1 (intentional final pre-fight capture, user-confirmed authoritative)	preserved byte-for-byte; no recomputation	unchanged intentional August 15 final prediction
1786823094478-i6q6sa	Mansur Abdul-Malik|Dustin Stoltzfus	_provenance.featureVector.v1.control_time_dif	-0.027777777777777776	-0.027777777777777776	refresh commit 65f32e1 (intentional final pre-fight capture, user-confirmed authoritative)	preserved byte-for-byte; no recomputation	unchanged intentional August 15 final prediction
1786823094478-i6q6sa	Mansur Abdul-Malik|Dustin Stoltzfus	_provenance.featureVector.v1.deep_round_dif	-0.23529411764705882	-0.23529411764705882	refresh commit 65f32e1 (intentional final pre-fight capture, user-confirmed authoritative)	preserved byte-for-byte; no recomputation	unchanged intentional August 15 final prediction
1786823094478-i6q6sa	Mansur Abdul-Malik|Dustin Stoltzfus	_provenance.featureVector.v1.elo_dif	2.258064516129032	2.258064516129032	refresh commit 65f32e1 (intentional final pre-fight capture, user-confirmed authoritative)	preserved byte-for-byte; no recomputation	unchanged intentional August 15 final prediction
1786823094478-i6q6sa	Mansur Abdul-Malik|Dustin Stoltzfus	_provenance.featureVector.v1.height_dif	0.21978021978021978	0.21978021978021978	refresh commit 65f32e1 (intentional final pre-fight capture, user-confirmed authoritative)	preserved byte-for-byte; no recomputation	unchanged intentional August 15 final prediction
1786823094478-i6q6sa	Mansur Abdul-Malik|Dustin Stoltzfus	_provenance.featureVector.v1.kd_dif	1.252	1.252	refresh commit 65f32e1 (intentional final pre-fight capture, user-confirmed authoritative)	preserved byte-for-byte; no recomputation	unchanged intentional August 15 final prediction
1786823094478-i6q6sa	Mansur Abdul-Malik|Dustin Stoltzfus	_provenance.featureVector.v1.ko_dif	0.5	0.5	refresh commit 65f32e1 (intentional final pre-fight capture, user-confirmed authoritative)	preserved byte-for-byte; no recomputation	unchanged intentional August 15 final prediction
1786823094478-i6q6sa	Mansur Abdul-Malik|Dustin Stoltzfus	_provenance.featureVector.v1.layoff_dif	0.98	0.98	refresh commit 65f32e1 (intentional final pre-fight capture, user-confirmed authoritative)	preserved byte-for-byte; no recomputation	unchanged intentional August 15 final prediction
1786823094478-i6q6sa	Mansur Abdul-Malik|Dustin Stoltzfus	_provenance.featureVector.v1.lose_streak_dif	1	1	refresh commit 65f32e1 (intentional final pre-fight capture, user-confirmed authoritative)	preserved byte-for-byte; no recomputation	unchanged intentional August 15 final prediction
1786823094478-i6q6sa	Mansur Abdul-Malik|Dustin Stoltzfus	_provenance.featureVector.v1.loss_dif	2.222222222222222	2.222222222222222	refresh commit 65f32e1 (intentional final pre-fight capture, user-confirmed authoritative)	preserved byte-for-byte; no recomputation	unchanged intentional August 15 final prediction
1786823094478-i6q6sa	Mansur Abdul-Malik|Dustin Stoltzfus	_provenance.featureVector.v1.peak_elo_dif	1.9090909090909092	1.9090909090909092	refresh commit 65f32e1 (intentional final pre-fight capture, user-confirmed authoritative)	preserved byte-for-byte; no recomputation	unchanged intentional August 15 final prediction
1786823094478-i6q6sa	Mansur Abdul-Malik|Dustin Stoltzfus	_provenance.featureVector.v1.rank_tier_dif	0	0	refresh commit 65f32e1 (intentional final pre-fight capture, user-confirmed authoritative)	preserved byte-for-byte; no recomputation	unchanged intentional August 15 final prediction
1786823094478-i6q6sa	Mansur Abdul-Malik|Dustin Stoltzfus	_provenance.featureVector.v1.reach_dif	0.4629629629629629	0.4629629629629629	refresh commit 65f32e1 (intentional final pre-fight capture, user-confirmed authoritative)	preserved byte-for-byte; no recomputation	unchanged intentional August 15 final prediction
1786823094478-i6q6sa	Mansur Abdul-Malik|Dustin Stoltzfus	_provenance.featureVector.v1.sig_str_dif	0.0023327232099719882	0.0023327232099719882	refresh commit 65f32e1 (intentional final pre-fight capture, user-confirmed authoritative)	preserved byte-for-byte; no recomputation	unchanged intentional August 15 final prediction
1786823094478-i6q6sa	Mansur Abdul-Malik|Dustin Stoltzfus	_provenance.featureVector.v1.sub_dif	0	0	refresh commit 65f32e1 (intentional final pre-fight capture, user-confirmed authoritative)	preserved byte-for-byte; no recomputation	unchanged intentional August 15 final prediction
1786823094478-i6q6sa	Mansur Abdul-Malik|Dustin Stoltzfus	_provenance.featureVector.v1.total_round_dif	-0.7647058823529411	-0.7647058823529411	refresh commit 65f32e1 (intentional final pre-fight capture, user-confirmed authoritative)	preserved byte-for-byte; no recomputation	unchanged intentional August 15 final prediction
1786823094478-i6q6sa	Mansur Abdul-Malik|Dustin Stoltzfus	_provenance.featureVector.v1.total_title_bout_dif	0	0	refresh commit 65f32e1 (intentional final pre-fight capture, user-confirmed authoritative)	preserved byte-for-byte; no recomputation	unchanged intentional August 15 final prediction
1786823094478-i6q6sa	Mansur Abdul-Malik|Dustin Stoltzfus	_provenance.featureVector.v1.ufc_fight_count_dif	-0.75	-0.75	refresh commit 65f32e1 (intentional final pre-fight capture, user-confirmed authoritative)	preserved byte-for-byte; no recomputation	unchanged intentional August 15 final prediction
1786823094478-i6q6sa	Mansur Abdul-Malik|Dustin Stoltzfus	_provenance.featureVector.v1.win_dif	0	0	refresh commit 65f32e1 (intentional final pre-fight capture, user-confirmed authoritative)	preserved byte-for-byte; no recomputation	unchanged intentional August 15 final prediction
1786823094478-i6q6sa	Mansur Abdul-Malik|Dustin Stoltzfus	_provenance.featureVector.v1.win_streak_dif	0	0	refresh commit 65f32e1 (intentional final pre-fight capture, user-confirmed authoritative)	preserved byte-for-byte; no recomputation	unchanged intentional August 15 final prediction
1786823094478-i6q6sa	Mansur Abdul-Malik|Dustin Stoltzfus	_provenance.featureVector.v2.elo	1.12	1.12	refresh commit 65f32e1 (intentional final pre-fight capture, user-confirmed authoritative)	preserved byte-for-byte; no recomputation	unchanged intentional August 15 final prediction
1786823094478-i6q6sa	Mansur Abdul-Malik|Dustin Stoltzfus	_provenance.featureVector.v2.height	2	2	refresh commit 65f32e1 (intentional final pre-fight capture, user-confirmed authoritative)	preserved byte-for-byte; no recomputation	unchanged intentional August 15 final prediction
1786823094478-i6q6sa	Mansur Abdul-Malik|Dustin Stoltzfus	_provenance.featureVector.v2.ko_wins	1	1	refresh commit 65f32e1 (intentional final pre-fight capture, user-confirmed authoritative)	preserved byte-for-byte; no recomputation	unchanged intentional August 15 final prediction
1786823094478-i6q6sa	Mansur Abdul-Malik|Dustin Stoltzfus	_provenance.featureVector.v2.losses	6	6	refresh commit 65f32e1 (intentional final pre-fight capture, user-confirmed authoritative)	preserved byte-for-byte; no recomputation	unchanged intentional August 15 final prediction
1786823094478-i6q6sa	Mansur Abdul-Malik|Dustin Stoltzfus	_provenance.featureVector.v2.modern_form	0.20386586116970729	0.20386586116970729	refresh commit 65f32e1 (intentional final pre-fight capture, user-confirmed authoritative)	preserved byte-for-byte; no recomputation	unchanged intentional August 15 final prediction
1786823094478-i6q6sa	Mansur Abdul-Malik|Dustin Stoltzfus	_provenance.featureVector.v2.reach	5	5	refresh commit 65f32e1 (intentional final pre-fight capture, user-confirmed authoritative)	preserved byte-for-byte; no recomputation	unchanged intentional August 15 final prediction
1786823094478-i6q6sa	Mansur Abdul-Malik|Dustin Stoltzfus	_provenance.featureVector.v2.rounds	-13	-13	refresh commit 65f32e1 (intentional final pre-fight capture, user-confirmed authoritative)	preserved byte-for-byte; no recomputation	unchanged intentional August 15 final prediction
1786823094478-i6q6sa	Mansur Abdul-Malik|Dustin Stoltzfus	_provenance.featureVector.v2.sig_str_accuracy	0.006207282442748208	0.006207282442748208	refresh commit 65f32e1 (intentional final pre-fight capture, user-confirmed authoritative)	preserved byte-for-byte; no recomputation	unchanged intentional August 15 final prediction
1786823094478-i6q6sa	Mansur Abdul-Malik|Dustin Stoltzfus	_provenance.featureVector.v2.sig_str_landed	0.03685702671755742	0.03685702671755742	refresh commit 65f32e1 (intentional final pre-fight capture, user-confirmed authoritative)	preserved byte-for-byte; no recomputation	unchanged intentional August 15 final prediction
1786823094478-i6q6sa	Mansur Abdul-Malik|Dustin Stoltzfus	_provenance.featureVector.v2.sub_attempts	-0.5665620865139949	-0.5665620865139949	refresh commit 65f32e1 (intentional final pre-fight capture, user-confirmed authoritative)	preserved byte-for-byte; no recomputation	unchanged intentional August 15 final prediction
1786823094478-i6q6sa	Mansur Abdul-Malik|Dustin Stoltzfus	_provenance.featureVector.v2.sub_wins	0	0	refresh commit 65f32e1 (intentional final pre-fight capture, user-confirmed authoritative)	preserved byte-for-byte; no recomputation	unchanged intentional August 15 final prediction
1786823094478-i6q6sa	Mansur Abdul-Malik|Dustin Stoltzfus	_provenance.featureVector.v2.td_accuracy	0.04573664122137411	0.04573664122137411	refresh commit 65f32e1 (intentional final pre-fight capture, user-confirmed authoritative)	preserved byte-for-byte; no recomputation	unchanged intentional August 15 final prediction
1786823094478-i6q6sa	Mansur Abdul-Malik|Dustin Stoltzfus	_provenance.featureVector.v2.td_landed	-0.16621717557251947	-0.16621717557251947	refresh commit 65f32e1 (intentional final pre-fight capture, user-confirmed authoritative)	preserved byte-for-byte; no recomputation	unchanged intentional August 15 final prediction
1786823094478-i6q6sa	Mansur Abdul-Malik|Dustin Stoltzfus	_provenance.featureVector.v2.title_bouts	0	0	refresh commit 65f32e1 (intentional final pre-fight capture, user-confirmed authoritative)	preserved byte-for-byte; no recomputation	unchanged intentional August 15 final prediction
1786823094478-i6q6sa	Mansur Abdul-Malik|Dustin Stoltzfus	_provenance.featureVector.v2.wins	0	0	refresh commit 65f32e1 (intentional final pre-fight capture, user-confirmed authoritative)	preserved byte-for-byte; no recomputation	unchanged intentional August 15 final prediction
1786823094478-i6q6sa	Mansur Abdul-Malik|Dustin Stoltzfus	_provenance.featureVector.v2.younger	6	6	refresh commit 65f32e1 (intentional final pre-fight capture, user-confirmed authoritative)	preserved byte-for-byte; no recomputation	unchanged intentional August 15 final prediction
1786823094478-i6q6sa	Mansur Abdul-Malik|Dustin Stoltzfus	_provenance.fightHistoryCutoff.fighterA	"2026-03-28"	"2026-03-28"	refresh commit 65f32e1 (intentional final pre-fight capture, user-confirmed authoritative)	preserved byte-for-byte; no recomputation	unchanged intentional August 15 final prediction
1786823094478-i6q6sa	Mansur Abdul-Malik|Dustin Stoltzfus	_provenance.fightHistoryCutoff.fighterB	"2025-09-13"	"2025-09-13"	refresh commit 65f32e1 (intentional final pre-fight capture, user-confirmed authoritative)	preserved byte-for-byte; no recomputation	unchanged intentional August 15 final prediction
1786823094478-i6q6sa	Mansur Abdul-Malik|Dustin Stoltzfus	_provenance.frozenTier	"NO BET"	"NO BET"	refresh commit 65f32e1 (intentional final pre-fight capture, user-confirmed authoritative)	preserved byte-for-byte; no recomputation	unchanged intentional August 15 final prediction
1786823094478-i6q6sa	Mansur Abdul-Malik|Dustin Stoltzfus	_provenance.modelCoefHash	"256f866e"	"256f866e"	refresh commit 65f32e1 (intentional final pre-fight capture, user-confirmed authoritative)	preserved byte-for-byte; no recomputation	unchanged intentional August 15 final prediction
1786823094478-i6q6sa	Mansur Abdul-Malik|Dustin Stoltzfus	_provenance.modelVersion	"logistic_v2.0_20260709"	"logistic_v2.0_20260709"	refresh commit 65f32e1 (intentional final pre-fight capture, user-confirmed authoritative)	preserved byte-for-byte; no recomputation	unchanged intentional August 15 final prediction
1786823094478-i6q6sa	Mansur Abdul-Malik|Dustin Stoltzfus	_provenance.predictionTimestamp	"2026-08-15T19:44:54.478Z"	"2026-08-15T19:44:54.478Z"	refresh commit 65f32e1 (intentional final pre-fight capture, user-confirmed authoritative)	preserved byte-for-byte; no recomputation	unchanged intentional August 15 final prediction
1786823094478-i6q6sa	Mansur Abdul-Malik|Dustin Stoltzfus	_provenance.sourceManifest.cardio.contentHash	"7025f1f440bbf01c15731cc40e65521e50635902ee482536cd07a412738b788c"	"7025f1f440bbf01c15731cc40e65521e50635902ee482536cd07a412738b788c"	refresh commit 65f32e1 (intentional final pre-fight capture, user-confirmed authoritative)	preserved byte-for-byte; no recomputation	unchanged intentional August 15 final prediction
1786823094478-i6q6sa	Mansur Abdul-Malik|Dustin Stoltzfus	_provenance.sourceManifest.cardio.feedsV2	false	false	refresh commit 65f32e1 (intentional final pre-fight capture, user-confirmed authoritative)	preserved byte-for-byte; no recomputation	unchanged intentional August 15 final prediction
1786823094478-i6q6sa	Mansur Abdul-Malik|Dustin Stoltzfus	_provenance.sourceManifest.cardio.file	"src/cardioModule.js"	"src/cardioModule.js"	refresh commit 65f32e1 (intentional final pre-fight capture, user-confirmed authoritative)	preserved byte-for-byte; no recomputation	unchanged intentional August 15 final prediction
1786823094478-i6q6sa	Mansur Abdul-Malik|Dustin Stoltzfus	_provenance.sourceManifest.cardio.generatedAt	"2026-08-13"	"2026-08-13"	refresh commit 65f32e1 (intentional final pre-fight capture, user-confirmed authoritative)	preserved byte-for-byte; no recomputation	unchanged intentional August 15 final prediction
1786823094478-i6q6sa	Mansur Abdul-Malik|Dustin Stoltzfus	_provenance.sourceManifest.cardio.generatorVersion	"unavailable -- no cardio-generation script found in repo"	"unavailable -- no cardio-generation script found in repo"	refresh commit 65f32e1 (intentional final pre-fight capture, user-confirmed authoritative)	preserved byte-for-byte; no recomputation	unchanged intentional August 15 final prediction
1786823094478-i6q6sa	Mansur Abdul-Malik|Dustin Stoltzfus	_provenance.sourceManifest.cardio.maxObservedEventDate	null	null	refresh commit 65f32e1 (intentional final pre-fight capture, user-confirmed authoritative)	preserved byte-for-byte; no recomputation	unchanged intentional August 15 final prediction
1786823094478-i6q6sa	Mansur Abdul-Malik|Dustin Stoltzfus	_provenance.sourceManifest.cardio.note	"Does not feed MODEL_V2 (no path into computeLogisticProb's 16 features, confirmed in research/source_integrity_audit.md). Tracked here for future model versions that might use it."	"Does not feed MODEL_V2 (no path into computeLogisticProb's 16 features, confirmed in research/source_integrity_audit.md). Tracked here for future model versions that might use it."	refresh commit 65f32e1 (intentional final pre-fight capture, user-confirmed authoritative)	preserved byte-for-byte; no recomputation	unchanged intentional August 15 final prediction
1786823094478-i6q6sa	Mansur Abdul-Malik|Dustin Stoltzfus	_provenance.sourceManifest.cardio.verificationMethod	"INDETERMINATE: no generator script present in the repository, and no per-fighter date field is embedded in the shipped artifact itself, so maxObservedEventDate cannot be independently verified the way the Greco-CSV-backed modules above were. The file's own header comment self-reports \"fetched 2026-04-14\" -- this is NOT independently verified and should not be treated as authoritative."	"INDETERMINATE: no generator script present in the repository, and no per-fighter date field is embedded in the shipped artifact itself, so maxObservedEventDate cannot be independently verified the way the Greco-CSV-backed modules above were. The file's own header comment self-reports \"fetched 2026-04-14\" -- this is NOT independently verified and should not be treated as authoritative."	refresh commit 65f32e1 (intentional final pre-fight capture, user-confirmed authoritative)	preserved byte-for-byte; no recomputation	unchanged intentional August 15 final prediction
1786823094478-i6q6sa	Mansur Abdul-Malik|Dustin Stoltzfus	_provenance.sourceManifest.elo.contentHash	"0cb60aee84bb6b2b40b2cb476c44e734f9706a96942246d022d285ebe80aa35d"	"0cb60aee84bb6b2b40b2cb476c44e734f9706a96942246d022d285ebe80aa35d"	refresh commit 65f32e1 (intentional final pre-fight capture, user-confirmed authoritative)	preserved byte-for-byte; no recomputation	unchanged intentional August 15 final prediction
1786823094478-i6q6sa	Mansur Abdul-Malik|Dustin Stoltzfus	_provenance.sourceManifest.elo.feedsV2	true	true	refresh commit 65f32e1 (intentional final pre-fight capture, user-confirmed authoritative)	preserved byte-for-byte; no recomputation	unchanged intentional August 15 final prediction
1786823094478-i6q6sa	Mansur Abdul-Malik|Dustin Stoltzfus	_provenance.sourceManifest.elo.file	"src/eloModule.js"	"src/eloModule.js"	refresh commit 65f32e1 (intentional final pre-fight capture, user-confirmed authoritative)	preserved byte-for-byte; no recomputation	unchanged intentional August 15 final prediction
1786823094478-i6q6sa	Mansur Abdul-Malik|Dustin Stoltzfus	_provenance.sourceManifest.elo.generatedAt	"2026-08-13"	"2026-08-13"	refresh commit 65f32e1 (intentional final pre-fight capture, user-confirmed authoritative)	preserved byte-for-byte; no recomputation	unchanged intentional August 15 final prediction
1786823094478-i6q6sa	Mansur Abdul-Malik|Dustin Stoltzfus	_provenance.sourceManifest.elo.generatorRequiredInputs	["ufc_fight_results.csv", "ufc_event_details.csv"]	["ufc_fight_results.csv", "ufc_event_details.csv"]	refresh commit 65f32e1 (intentional final pre-fight capture, user-confirmed authoritative)	preserved byte-for-byte; no recomputation	unchanged intentional August 15 final prediction
1786823094478-i6q6sa	Mansur Abdul-Malik|Dustin Stoltzfus	_provenance.sourceManifest.elo.generatorVersion	"regen_elo.py @ 97d2379ea418148c1ce0a21deae0461310914844"	"regen_elo.py @ 97d2379ea418148c1ce0a21deae0461310914844"	refresh commit 65f32e1 (intentional final pre-fight capture, user-confirmed authoritative)	preserved byte-for-byte; no recomputation	unchanged intentional August 15 final prediction
1786823094478-i6q6sa	Mansur Abdul-Malik|Dustin Stoltzfus	_provenance.sourceManifest.elo.maxObservedEventDate	"2026-08-08"	"2026-08-08"	refresh commit 65f32e1 (intentional final pre-fight capture, user-confirmed authoritative)	preserved byte-for-byte; no recomputation	unchanged intentional August 15 final prediction
1786823094478-i6q6sa	Mansur Abdul-Malik|Dustin Stoltzfus	_provenance.sourceManifest.elo.sourceInputs	["ufc_fight_results.csv", "ufc_event_details.csv"]	["ufc_fight_results.csv", "ufc_event_details.csv"]	refresh commit 65f32e1 (intentional final pre-fight capture, user-confirmed authoritative)	preserved byte-for-byte; no recomputation	unchanged intentional August 15 final prediction
1786823094478-i6q6sa	Mansur Abdul-Malik|Dustin Stoltzfus	_provenance.sourceManifest.elo.verificationMethod	"Parsed DATE column of ufc_event_details.csv directly (783 rows); maximum event date found = 2026-08-08. Cross-checked ufc_fight_results.csv, ufc_fight_details.csv, ufc_fight_stats.csv for window-period event names: FOUND (see manual audit). This value is NOT derived from any file mtime, git commit date, or in-file header comment -- see research/source_integrity_audit.md for the original manual methodology this script automates. NOTE: eloModule.js's own header comment claims coverage \"through Jul 2026\" -- this is misleading relative to the verified underlying data and should not be trusted; regen_elo.py reads only ufc_fight_results.csv + ufc_event_details.csv. Unlike ELO, the fighter aggregate updater also requires ufc_fight_details.csv and ufc_fight_stats.csv."	"Parsed DATE column of ufc_event_details.csv directly (783 rows); maximum event date found = 2026-08-08. Cross-checked ufc_fight_results.csv, ufc_fight_details.csv, ufc_fight_stats.csv for window-period event names: FOUND (see manual audit). This value is NOT derived from any file mtime, git commit date, or in-file header comment -- see research/source_integrity_audit.md for the original manual methodology this script automates. NOTE: eloModule.js's own header comment claims coverage \"through Jul 2026\" -- this is misleading relative to the verified underlying data and should not be trusted; regen_elo.py reads only ufc_fight_results.csv + ufc_event_details.csv. Unlike ELO, the fighter aggregate updater also requires ufc_fight_details.csv and ufc_fight_stats.csv."	refresh commit 65f32e1 (intentional final pre-fight capture, user-confirmed authoritative)	preserved byte-for-byte; no recomputation	unchanged intentional August 15 final prediction
1786823094478-i6q6sa	Mansur Abdul-Malik|Dustin Stoltzfus	_provenance.sourceManifest.fightHistory.contentHash	"46bff36e8569423c1401fb137638b82265fab6a675584273ac1f0181ff9df0a5"	"46bff36e8569423c1401fb137638b82265fab6a675584273ac1f0181ff9df0a5"	refresh commit 65f32e1 (intentional final pre-fight capture, user-confirmed authoritative)	preserved byte-for-byte; no recomputation	unchanged intentional August 15 final prediction
1786823094478-i6q6sa	Mansur Abdul-Malik|Dustin Stoltzfus	_provenance.sourceManifest.fightHistory.feedsV2	true	true	refresh commit 65f32e1 (intentional final pre-fight capture, user-confirmed authoritative)	preserved byte-for-byte; no recomputation	unchanged intentional August 15 final prediction
1786823094478-i6q6sa	Mansur Abdul-Malik|Dustin Stoltzfus	_provenance.sourceManifest.fightHistory.file	"src/fightHistory.js"	"src/fightHistory.js"	refresh commit 65f32e1 (intentional final pre-fight capture, user-confirmed authoritative)	preserved byte-for-byte; no recomputation	unchanged intentional August 15 final prediction
1786823094478-i6q6sa	Mansur Abdul-Malik|Dustin Stoltzfus	_provenance.sourceManifest.fightHistory.generatedAt	"2026-08-13"	"2026-08-13"	refresh commit 65f32e1 (intentional final pre-fight capture, user-confirmed authoritative)	preserved byte-for-byte; no recomputation	unchanged intentional August 15 final prediction
1786823094478-i6q6sa	Mansur Abdul-Malik|Dustin Stoltzfus	_provenance.sourceManifest.fightHistory.generatorRequiredInputs	["ufc_fight_results.csv", "ufc_event_details.csv", "ufc_fight_details.csv", "ufc_fight_stats.csv"]	["ufc_fight_results.csv", "ufc_event_details.csv", "ufc_fight_details.csv", "ufc_fight_stats.csv"]	refresh commit 65f32e1 (intentional final pre-fight capture, user-confirmed authoritative)	preserved byte-for-byte; no recomputation	unchanged intentional August 15 final prediction
1786823094478-i6q6sa	Mansur Abdul-Malik|Dustin Stoltzfus	_provenance.sourceManifest.fightHistory.generatorVersion	"update_fighters.py @ 97d2379ea418148c1ce0a21deae0461310914844"	"update_fighters.py @ 97d2379ea418148c1ce0a21deae0461310914844"	refresh commit 65f32e1 (intentional final pre-fight capture, user-confirmed authoritative)	preserved byte-for-byte; no recomputation	unchanged intentional August 15 final prediction
1786823094478-i6q6sa	Mansur Abdul-Malik|Dustin Stoltzfus	_provenance.sourceManifest.fightHistory.maxObservedEventDate	"2026-08-08"	"2026-08-08"	refresh commit 65f32e1 (intentional final pre-fight capture, user-confirmed authoritative)	preserved byte-for-byte; no recomputation	unchanged intentional August 15 final prediction
1786823094478-i6q6sa	Mansur Abdul-Malik|Dustin Stoltzfus	_provenance.sourceManifest.fightHistory.sourceInputs	["ufc_fight_results.csv", "ufc_event_details.csv", "ufc_fight_details.csv"]	["ufc_fight_results.csv", "ufc_event_details.csv", "ufc_fight_details.csv"]	refresh commit 65f32e1 (intentional final pre-fight capture, user-confirmed authoritative)	preserved byte-for-byte; no recomputation	unchanged intentional August 15 final prediction
1786823094478-i6q6sa	Mansur Abdul-Malik|Dustin Stoltzfus	_provenance.sourceManifest.fightHistory.verificationMethod	"Parsed DATE column of ufc_event_details.csv directly (783 rows); maximum event date found = 2026-08-08. Cross-checked ufc_fight_results.csv, ufc_fight_details.csv, ufc_fight_stats.csv for window-period event names: FOUND (see manual audit). This value is NOT derived from any file mtime, git commit date, or in-file header comment -- see research/source_integrity_audit.md for the original manual methodology this script automates."	"Parsed DATE column of ufc_event_details.csv directly (783 rows); maximum event date found = 2026-08-08. Cross-checked ufc_fight_results.csv, ufc_fight_details.csv, ufc_fight_stats.csv for window-period event names: FOUND (see manual audit). This value is NOT derived from any file mtime, git commit date, or in-file header comment -- see research/source_integrity_audit.md for the original manual methodology this script automates."	refresh commit 65f32e1 (intentional final pre-fight capture, user-confirmed authoritative)	preserved byte-for-byte; no recomputation	unchanged intentional August 15 final prediction
1786823094478-i6q6sa	Mansur Abdul-Malik|Dustin Stoltzfus	_provenance.sourceManifest.fighterBirthdates.contentHash	"560e7d5207c1766a57380ce852767ea03b004a89e2281c3be3dd11fc9e63cd5d"	"560e7d5207c1766a57380ce852767ea03b004a89e2281c3be3dd11fc9e63cd5d"	refresh commit 65f32e1 (intentional final pre-fight capture, user-confirmed authoritative)	preserved byte-for-byte; no recomputation	unchanged intentional August 15 final prediction
1786823094478-i6q6sa	Mansur Abdul-Malik|Dustin Stoltzfus	_provenance.sourceManifest.fighterBirthdates.feedsV2	true	true	refresh commit 65f32e1 (intentional final pre-fight capture, user-confirmed authoritative)	preserved byte-for-byte; no recomputation	unchanged intentional August 15 final prediction
1786823094478-i6q6sa	Mansur Abdul-Malik|Dustin Stoltzfus	_provenance.sourceManifest.fighterBirthdates.file	"src/fighterBirthdates.js"	"src/fighterBirthdates.js"	refresh commit 65f32e1 (intentional final pre-fight capture, user-confirmed authoritative)	preserved byte-for-byte; no recomputation	unchanged intentional August 15 final prediction
1786823094478-i6q6sa	Mansur Abdul-Malik|Dustin Stoltzfus	_provenance.sourceManifest.fighterBirthdates.generatedAt	"2026-08-13"	"2026-08-13"	refresh commit 65f32e1 (intentional final pre-fight capture, user-confirmed authoritative)	preserved byte-for-byte; no recomputation	unchanged intentional August 15 final prediction
1786823094478-i6q6sa	Mansur Abdul-Malik|Dustin Stoltzfus	_provenance.sourceManifest.fighterBirthdates.generatorVersion	"scripts/generate-fighter-birthdates.mjs @ 97d2379ea418148c1ce0a21deae0461310914844"	"scripts/generate-fighter-birthdates.mjs @ 97d2379ea418148c1ce0a21deae0461310914844"	refresh commit 65f32e1 (intentional final pre-fight capture, user-confirmed authoritative)	preserved byte-for-byte; no recomputation	unchanged intentional August 15 final prediction
1786823094478-i6q6sa	Mansur Abdul-Malik|Dustin Stoltzfus	_provenance.sourceManifest.fighterBirthdates.maxObservedEventDate	null	null	refresh commit 65f32e1 (intentional final pre-fight capture, user-confirmed authoritative)	preserved byte-for-byte; no recomputation	unchanged intentional August 15 final prediction
1786823094478-i6q6sa	Mansur Abdul-Malik|Dustin Stoltzfus	_provenance.sourceManifest.fighterBirthdates.note	"Canonical fighter name -> date of birth. Feeds the v2 'younger' feature and the v1 age differential/age-decay penalty via src/domain/age, which derives every age from DOB -- at app load for the roster, and at the bout date for a prediction. The integer AGE values in fightersData.js are now used only where no birth date exists here."	"Canonical fighter name -> date of birth. Feeds the v2 'younger' feature and the v1 age differential/age-decay penalty via src/domain/age, which derives every age from DOB -- at app load for the roster, and at the bout date for a prediction. The integer AGE values in fightersData.js are now used only where no birth date exists here."	refresh commit 65f32e1 (intentional final pre-fight capture, user-confirmed authoritative)	preserved byte-for-byte; no recomputation	unchanged intentional August 15 final prediction
1786823094478-i6q6sa	Mansur Abdul-Malik|Dustin Stoltzfus	_provenance.sourceManifest.fighterBirthdates.verificationMethod	"Recomputed the join from source while writing this manifest: read 2267 rows from fighters.json, of which 2207 carry a dob matching ^\\d{4}-\\d{2}-\\d{2}$; applied 1 name_aliases.json rewrites; produced 2207 canonical names, and the shipped artifact contains 2207 entries. The generator raises on any canonical name that would receive two DIFFERENT birth dates, so a silent bad join cannot ship. Keys are sorted by UTF-16 code point (not localeCompare), making regeneration byte-identical across machines and ICU builds; the scheduled workflow enforces this with a --check re-run. maxObservedEventDate is null by nature, not by omission: this artifact holds birth dates, which are not event-scoped, so there is no event date it could be current or stale relative to. Its freshness question is coverage, which is the measured count above."	"Recomputed the join from source while writing this manifest: read 2267 rows from fighters.json, of which 2207 carry a dob matching ^\\d{4}-\\d{2}-\\d{2}$; applied 1 name_aliases.json rewrites; produced 2207 canonical names, and the shipped artifact contains 2207 entries. The generator raises on any canonical name that would receive two DIFFERENT birth dates, so a silent bad join cannot ship. Keys are sorted by UTF-16 code point (not localeCompare), making regeneration byte-identical across machines and ICU builds; the scheduled workflow enforces this with a --check re-run. maxObservedEventDate is null by nature, not by omission: this artifact holds birth dates, which are not event-scoped, so there is no event date it could be current or stale relative to. Its freshness question is coverage, which is the measured count above."	refresh commit 65f32e1 (intentional final pre-fight capture, user-confirmed authoritative)	preserved byte-for-byte; no recomputation	unchanged intentional August 15 final prediction
1786823094478-i6q6sa	Mansur Abdul-Malik|Dustin Stoltzfus	_provenance.sourceManifest.fightersDataAggregates.contentHash	"51dc68372e9742be8602c43b0a9119ecc3e2c9eb5fa0b3c4a97980ab1e244aad"	"51dc68372e9742be8602c43b0a9119ecc3e2c9eb5fa0b3c4a97980ab1e244aad"	refresh commit 65f32e1 (intentional final pre-fight capture, user-confirmed authoritative)	preserved byte-for-byte; no recomputation	unchanged intentional August 15 final prediction
1786823094478-i6q6sa	Mansur Abdul-Malik|Dustin Stoltzfus	_provenance.sourceManifest.fightersDataAggregates.feedsV2	true	true	refresh commit 65f32e1 (intentional final pre-fight capture, user-confirmed authoritative)	preserved byte-for-byte; no recomputation	unchanged intentional August 15 final prediction
1786823094478-i6q6sa	Mansur Abdul-Malik|Dustin Stoltzfus	_provenance.sourceManifest.fightersDataAggregates.file	"src/fightersData.js"	"src/fightersData.js"	refresh commit 65f32e1 (intentional final pre-fight capture, user-confirmed authoritative)	preserved byte-for-byte; no recomputation	unchanged intentional August 15 final prediction
1786823094478-i6q6sa	Mansur Abdul-Malik|Dustin Stoltzfus	_provenance.sourceManifest.fightersDataAggregates.generatedAt	"2026-08-13"	"2026-08-13"	refresh commit 65f32e1 (intentional final pre-fight capture, user-confirmed authoritative)	preserved byte-for-byte; no recomputation	unchanged intentional August 15 final prediction
1786823094478-i6q6sa	Mansur Abdul-Malik|Dustin Stoltzfus	_provenance.sourceManifest.fightersDataAggregates.generatorRequiredInputs	["ufc_fight_results.csv", "ufc_event_details.csv", "ufc_fight_details.csv", "ufc_fight_stats.csv"]	["ufc_fight_results.csv", "ufc_event_details.csv", "ufc_fight_details.csv", "ufc_fight_stats.csv"]	refresh commit 65f32e1 (intentional final pre-fight capture, user-confirmed authoritative)	preserved byte-for-byte; no recomputation	unchanged intentional August 15 final prediction
1786823094478-i6q6sa	Mansur Abdul-Malik|Dustin Stoltzfus	_provenance.sourceManifest.fightersDataAggregates.generatorVersion	"update_fighters.py @ 97d2379ea418148c1ce0a21deae0461310914844"	"update_fighters.py @ 97d2379ea418148c1ce0a21deae0461310914844"	refresh commit 65f32e1 (intentional final pre-fight capture, user-confirmed authoritative)	preserved byte-for-byte; no recomputation	unchanged intentional August 15 final prediction
1786823094478-i6q6sa	Mansur Abdul-Malik|Dustin Stoltzfus	_provenance.sourceManifest.fightersDataAggregates.maxObservedEventDate	"2026-08-08"	"2026-08-08"	refresh commit 65f32e1 (intentional final pre-fight capture, user-confirmed authoritative)	preserved byte-for-byte; no recomputation	unchanged intentional August 15 final prediction
1786823094478-i6q6sa	Mansur Abdul-Malik|Dustin Stoltzfus	_provenance.sourceManifest.fightersDataAggregates.note	"Feeds ASL/ASP/ATL/ATP/ASA (sig_str_landed, sig_str_accuracy, sub_attempts, td_landed, td_accuracy) and TR (rounds) -- the highest-weight non-ELO v2 features."	"Feeds ASL/ASP/ATL/ATP/ASA (sig_str_landed, sig_str_accuracy, sub_attempts, td_landed, td_accuracy) and TR (rounds) -- the highest-weight non-ELO v2 features."	refresh commit 65f32e1 (intentional final pre-fight capture, user-confirmed authoritative)	preserved byte-for-byte; no recomputation	unchanged intentional August 15 final prediction
1786823094478-i6q6sa	Mansur Abdul-Malik|Dustin Stoltzfus	_provenance.sourceManifest.fightersDataAggregates.sourceInputs	["ufc_fight_results.csv", "ufc_event_details.csv", "ufc_fight_details.csv", "ufc_fight_stats.csv"]	["ufc_fight_results.csv", "ufc_event_details.csv", "ufc_fight_details.csv", "ufc_fight_stats.csv"]	refresh commit 65f32e1 (intentional final pre-fight capture, user-confirmed authoritative)	preserved byte-for-byte; no recomputation	unchanged intentional August 15 final prediction
1786823094478-i6q6sa	Mansur Abdul-Malik|Dustin Stoltzfus	_provenance.sourceManifest.fightersDataAggregates.verificationMethod	"Parsed DATE column of ufc_event_details.csv directly (783 rows); maximum event date found = 2026-08-08. Cross-checked ufc_fight_results.csv, ufc_fight_details.csv, ufc_fight_stats.csv for window-period event names: FOUND (see manual audit). This value is NOT derived from any file mtime, git commit date, or in-file header comment -- see research/source_integrity_audit.md for the original manual methodology this script automates."	"Parsed DATE column of ufc_event_details.csv directly (783 rows); maximum event date found = 2026-08-08. Cross-checked ufc_fight_results.csv, ufc_fight_details.csv, ufc_fight_stats.csv for window-period event names: FOUND (see manual audit). This value is NOT derived from any file mtime, git commit date, or in-file header comment -- see research/source_integrity_audit.md for the original manual methodology this script automates."	refresh commit 65f32e1 (intentional final pre-fight capture, user-confirmed authoritative)	preserved byte-for-byte; no recomputation	unchanged intentional August 15 final prediction
1786823094478-i6q6sa	Mansur Abdul-Malik|Dustin Stoltzfus	_provenance.sourceManifest.rankHistory.contentHash	"9a706f356ef41fa68b605dd9c52740dd370eda014dfb747b0cb8bdc6313ba244"	"9a706f356ef41fa68b605dd9c52740dd370eda014dfb747b0cb8bdc6313ba244"	refresh commit 65f32e1 (intentional final pre-fight capture, user-confirmed authoritative)	preserved byte-for-byte; no recomputation	unchanged intentional August 15 final prediction
1786823094478-i6q6sa	Mansur Abdul-Malik|Dustin Stoltzfus	_provenance.sourceManifest.rankHistory.feedsV2	false	false	refresh commit 65f32e1 (intentional final pre-fight capture, user-confirmed authoritative)	preserved byte-for-byte; no recomputation	unchanged intentional August 15 final prediction
1786823094478-i6q6sa	Mansur Abdul-Malik|Dustin Stoltzfus	_provenance.sourceManifest.rankHistory.file	"src/rankHistory.js"	"src/rankHistory.js"	refresh commit 65f32e1 (intentional final pre-fight capture, user-confirmed authoritative)	preserved byte-for-byte; no recomputation	unchanged intentional August 15 final prediction
1786823094478-i6q6sa	Mansur Abdul-Malik|Dustin Stoltzfus	_provenance.sourceManifest.rankHistory.generatedAt	"2026-08-13"	"2026-08-13"	refresh commit 65f32e1 (intentional final pre-fight capture, user-confirmed authoritative)	preserved byte-for-byte; no recomputation	unchanged intentional August 15 final prediction
1786823094478-i6q6sa	Mansur Abdul-Malik|Dustin Stoltzfus	_provenance.sourceManifest.rankHistory.generatorVersion	"regen_rankhistory.py (untracked in git -- present on disk, no commit history, no recoverable version)"	"regen_rankhistory.py (untracked in git -- present on disk, no commit history, no recoverable version)"	refresh commit 65f32e1 (intentional final pre-fight capture, user-confirmed authoritative)	preserved byte-for-byte; no recomputation	unchanged intentional August 15 final prediction
1786823094478-i6q6sa	Mansur Abdul-Malik|Dustin Stoltzfus	_provenance.sourceManifest.rankHistory.maxObservedEventDate	"2026-03-12"	"2026-03-12"	refresh commit 65f32e1 (intentional final pre-fight capture, user-confirmed authoritative)	preserved byte-for-byte; no recomputation	unchanged intentional August 15 final prediction
1786823094478-i6q6sa	Mansur Abdul-Malik|Dustin Stoltzfus	_provenance.sourceManifest.rankHistory.note	"Does not feed MODEL_V2 (no path into computeLogisticProb's 16 features, confirmed in research/source_integrity_audit.md). Tracked here for future model versions that might use it."	"Does not feed MODEL_V2 (no path into computeLogisticProb's 16 features, confirmed in research/source_integrity_audit.md). Tracked here for future model versions that might use it."	refresh commit 65f32e1 (intentional final pre-fight capture, user-confirmed authoritative)	preserved byte-for-byte; no recomputation	unchanged intentional August 15 final prediction
1786823094478-i6q6sa	Mansur Abdul-Malik|Dustin Stoltzfus	_provenance.sourceManifest.rankHistory.verificationMethod	"Raw source UFC_rankings_history.csv is not present on disk, so maxObservedEventDate is instead the maximum YYYYMMDD date literally embedded in the shipped rankHistory.js artifact's own HISTORICAL_RANKINGS data -- a defensible proxy (the artifact cannot reflect dates its regeneration process never saw), but distinct from the direct-CSV verification used for the three modules above."	"Raw source UFC_rankings_history.csv is not present on disk, so maxObservedEventDate is instead the maximum YYYYMMDD date literally embedded in the shipped rankHistory.js artifact's own HISTORICAL_RANKINGS data -- a defensible proxy (the artifact cannot reflect dates its regeneration process never saw), but distinct from the direct-CSV verification used for the three modules above."	refresh commit 65f32e1 (intentional final pre-fight capture, user-confirmed authoritative)	preserved byte-for-byte; no recomputation	unchanged intentional August 15 final prediction
1786823094478-i6q6sa	Mansur Abdul-Malik|Dustin Stoltzfus	_provenance.sourceManifest.rankings.contentHash	"48524131c5d78b0adc80d83fe27a2ef7c365c124f66eddab11e17487f7df41d0"	"48524131c5d78b0adc80d83fe27a2ef7c365c124f66eddab11e17487f7df41d0"	refresh commit 65f32e1 (intentional final pre-fight capture, user-confirmed authoritative)	preserved byte-for-byte; no recomputation	unchanged intentional August 15 final prediction
1786823094478-i6q6sa	Mansur Abdul-Malik|Dustin Stoltzfus	_provenance.sourceManifest.rankings.feedsV2	false	false	refresh commit 65f32e1 (intentional final pre-fight capture, user-confirmed authoritative)	preserved byte-for-byte; no recomputation	unchanged intentional August 15 final prediction
1786823094478-i6q6sa	Mansur Abdul-Malik|Dustin Stoltzfus	_provenance.sourceManifest.rankings.file	"src/rankingsData.js"	"src/rankingsData.js"	refresh commit 65f32e1 (intentional final pre-fight capture, user-confirmed authoritative)	preserved byte-for-byte; no recomputation	unchanged intentional August 15 final prediction
1786823094478-i6q6sa	Mansur Abdul-Malik|Dustin Stoltzfus	_provenance.sourceManifest.rankings.generatedAt	"2026-08-07T18:49:33Z"	"2026-08-07T18:49:33Z"	refresh commit 65f32e1 (intentional final pre-fight capture, user-confirmed authoritative)	preserved byte-for-byte; no recomputation	unchanged intentional August 15 final prediction
1786823094478-i6q6sa	Mansur Abdul-Malik|Dustin Stoltzfus	_provenance.sourceManifest.rankings.generatorVersion	"scripts/update_rankings.py @ 97d2379ea418148c1ce0a21deae0461310914844"	"scripts/update_rankings.py @ 97d2379ea418148c1ce0a21deae0461310914844"	refresh commit 65f32e1 (intentional final pre-fight capture, user-confirmed authoritative)	preserved byte-for-byte; no recomputation	unchanged intentional August 15 final prediction
1786823094478-i6q6sa	Mansur Abdul-Malik|Dustin Stoltzfus	_provenance.sourceManifest.rankings.inProductionBundle	true	true	refresh commit 65f32e1 (intentional final pre-fight capture, user-confirmed authoritative)	preserved byte-for-byte; no recomputation	unchanged intentional August 15 final prediction
1786823094478-i6q6sa	Mansur Abdul-Malik|Dustin Stoltzfus	_provenance.sourceManifest.rankings.maxObservedEventDate	"2026-08-04"	"2026-08-04"	refresh commit 65f32e1 (intentional final pre-fight capture, user-confirmed authoritative)	preserved byte-for-byte; no recomputation	unchanged intentional August 15 final prediction
1786823094478-i6q6sa	Mansur Abdul-Malik|Dustin Stoltzfus	_provenance.sourceManifest.rankings.note	"Current official rankings feed fighter-profile/UI rank badges only. Runtime artifact: this is the only rankings file in the production dependency graph. Historical series live in the separate rankingsHistory module below."	"Current official rankings feed fighter-profile/UI rank badges only. Runtime artifact: this is the only rankings file in the production dependency graph. Historical series live in the separate rankingsHistory module below."	refresh commit 65f32e1 (intentional final pre-fight capture, user-confirmed authoritative)	preserved byte-for-byte; no recomputation	unchanged intentional August 15 final prediction
1786823094478-i6q6sa	Mansur Abdul-Malik|Dustin Stoltzfus	_provenance.sourceManifest.rankings.officialSnapshots	["2026-08-01-meta.json", "2026-08-04-media.json"]	["2026-08-01-meta.json", "2026-08-04-media.json"]	refresh commit 65f32e1 (intentional final pre-fight capture, user-confirmed authoritative)	preserved byte-for-byte; no recomputation	unchanged intentional August 15 final prediction
1786823094478-i6q6sa	Mansur Abdul-Malik|Dustin Stoltzfus	_provenance.sourceManifest.rankings.verificationMethod	"Read directly from the generated artifacts and the committed history cache, all produced by scripts/update_rankings.py and regenerating byte-identically from the same inputs. upstreamContentSha256 is the SHA-256 of the Kaggle CSV the cache was built from. No git commit date, file mtime, or header comment is consulted, and a missing artifact, cache or snapshot set is a hard failure rather than a silent fallback."	"Read directly from the generated artifacts and the committed history cache, all produced by scripts/update_rankings.py and regenerating byte-identically from the same inputs. upstreamContentSha256 is the SHA-256 of the Kaggle CSV the cache was built from. No git commit date, file mtime, or header comment is consulted, and a missing artifact, cache or snapshot set is a hard failure rather than a silent fallback."	refresh commit 65f32e1 (intentional final pre-fight capture, user-confirmed authoritative)	preserved byte-for-byte; no recomputation	unchanged intentional August 15 final prediction
1786823094478-i6q6sa	Mansur Abdul-Malik|Dustin Stoltzfus	_provenance.sourceManifest.rankingsHistory.contentHash	"387363b7f1fda0f51757fd778ff969ce9fffe1d34d3c870437977db5e36003a3"	"387363b7f1fda0f51757fd778ff969ce9fffe1d34d3c870437977db5e36003a3"	refresh commit 65f32e1 (intentional final pre-fight capture, user-confirmed authoritative)	preserved byte-for-byte; no recomputation	unchanged intentional August 15 final prediction
1786823094478-i6q6sa	Mansur Abdul-Malik|Dustin Stoltzfus	_provenance.sourceManifest.rankingsHistory.feedsV2	false	false	refresh commit 65f32e1 (intentional final pre-fight capture, user-confirmed authoritative)	preserved byte-for-byte; no recomputation	unchanged intentional August 15 final prediction
1786823094478-i6q6sa	Mansur Abdul-Malik|Dustin Stoltzfus	_provenance.sourceManifest.rankingsHistory.file	"src/rankingsHistoryData.js"	"src/rankingsHistoryData.js"	refresh commit 65f32e1 (intentional final pre-fight capture, user-confirmed authoritative)	preserved byte-for-byte; no recomputation	unchanged intentional August 15 final prediction
1786823094478-i6q6sa	Mansur Abdul-Malik|Dustin Stoltzfus	_provenance.sourceManifest.rankingsHistory.generatedAt	"2026-08-07T18:49:33Z"	"2026-08-07T18:49:33Z"	refresh commit 65f32e1 (intentional final pre-fight capture, user-confirmed authoritative)	preserved byte-for-byte; no recomputation	unchanged intentional August 15 final prediction
1786823094478-i6q6sa	Mansur Abdul-Malik|Dustin Stoltzfus	_provenance.sourceManifest.rankingsHistory.generatorVersion	"scripts/update_rankings.py @ 97d2379ea418148c1ce0a21deae0461310914844"	"scripts/update_rankings.py @ 97d2379ea418148c1ce0a21deae0461310914844"	refresh commit 65f32e1 (intentional final pre-fight capture, user-confirmed authoritative)	preserved byte-for-byte; no recomputation	unchanged intentional August 15 final prediction
1786823094478-i6q6sa	Mansur Abdul-Malik|Dustin Stoltzfus	_provenance.sourceManifest.rankingsHistory.historyCacheSha256	"4f245240e2b53ee088d82f861aa0a718aef9f62bf15d62eb434d4628b3b6b3ad"	"4f245240e2b53ee088d82f861aa0a718aef9f62bf15d62eb434d4628b3b6b3ad"	refresh commit 65f32e1 (intentional final pre-fight capture, user-confirmed authoritative)	preserved byte-for-byte; no recomputation	unchanged intentional August 15 final prediction
1786823094478-i6q6sa	Mansur Abdul-Malik|Dustin Stoltzfus	_provenance.sourceManifest.rankingsHistory.historyUsedThrough	"2026-06-18"	"2026-06-18"	refresh commit 65f32e1 (intentional final pre-fight capture, user-confirmed authoritative)	preserved byte-for-byte; no recomputation	unchanged intentional August 15 final prediction
1786823094478-i6q6sa	Mansur Abdul-Malik|Dustin Stoltzfus	_provenance.sourceManifest.rankingsHistory.inProductionBundle	false	false	refresh commit 65f32e1 (intentional final pre-fight capture, user-confirmed authoritative)	preserved byte-for-byte; no recomputation	unchanged intentional August 15 final prediction
1786823094478-i6q6sa	Mansur Abdul-Malik|Dustin Stoltzfus	_provenance.sourceManifest.rankingsHistory.maxObservedEventDate	"2026-08-04"	"2026-08-04"	refresh commit 65f32e1 (intentional final pre-fight capture, user-confirmed authoritative)	preserved byte-for-byte; no recomputation	unchanged intentional August 15 final prediction
1786823094478-i6q6sa	Mansur Abdul-Malik|Dustin Stoltzfus	_provenance.sourceManifest.rankingsHistory.note	"Historical divisional rankings. RESEARCH ARTIFACT: no runtime consumer and no model consumer -- neither the deprecated v1 engine nor the frozen 16-feature MODEL_V2. Kept out of the browser bundle; enforced by src/domain/rankings/__tests__/boundary.test.js (import graph) and scripts/verify-bundle.mjs (emitted assets)."	"Historical divisional rankings. RESEARCH ARTIFACT: no runtime consumer and no model consumer -- neither the deprecated v1 engine nor the frozen 16-feature MODEL_V2. Kept out of the browser bundle; enforced by src/domain/rankings/__tests__/boundary.test.js (import graph) and scripts/verify-bundle.mjs (emitted assets)."	refresh commit 65f32e1 (intentional final pre-fight capture, user-confirmed authoritative)	preserved byte-for-byte; no recomputation	unchanged intentional August 15 final prediction
1786823094478-i6q6sa	Mansur Abdul-Malik|Dustin Stoltzfus	_provenance.sourceManifest.rankingsHistory.upstreamContentSha256	"2d27b34e64372520e9170cc30f1d1c59e795d046b6726de89db95b9535db9858"	"2d27b34e64372520e9170cc30f1d1c59e795d046b6726de89db95b9535db9858"	refresh commit 65f32e1 (intentional final pre-fight capture, user-confirmed authoritative)	preserved byte-for-byte; no recomputation	unchanged intentional August 15 final prediction
1786823094478-i6q6sa	Mansur Abdul-Malik|Dustin Stoltzfus	_provenance.sourceManifest.rankingsHistory.upstreamVersion	49	49	refresh commit 65f32e1 (intentional final pre-fight capture, user-confirmed authoritative)	preserved byte-for-byte; no recomputation	unchanged intentional August 15 final prediction
1786823094478-i6q6sa	Mansur Abdul-Malik|Dustin Stoltzfus	_provenance.sourceManifest.rankingsHistory.verificationMethod	"Read directly from the generated artifacts and the committed history cache, all produced by scripts/update_rankings.py and regenerating byte-identically from the same inputs. upstreamContentSha256 is the SHA-256 of the Kaggle CSV the cache was built from. No git commit date, file mtime, or header comment is consulted, and a missing artifact, cache or snapshot set is a hard failure rather than a silent fallback."	"Read directly from the generated artifacts and the committed history cache, all produced by scripts/update_rankings.py and regenerating byte-identically from the same inputs. upstreamContentSha256 is the SHA-256 of the Kaggle CSV the cache was built from. No git commit date, file mtime, or header comment is consulted, and a missing artifact, cache or snapshot set is a hard failure rather than a silent fallback."	refresh commit 65f32e1 (intentional final pre-fight capture, user-confirmed authoritative)	preserved byte-for-byte; no recomputation	unchanged intentional August 15 final prediction
1786823094478-i6q6sa	Mansur Abdul-Malik|Dustin Stoltzfus	_provenance.targetEventDate	"2026-08-15"	"2026-08-15"	refresh commit 65f32e1 (intentional final pre-fight capture, user-confirmed authoritative)	preserved byte-for-byte; no recomputation	unchanged intentional August 15 final prediction
1786823094478-i6q6sa	Mansur Abdul-Malik|Dustin Stoltzfus	actualFinish	""	""	grading commit 3a67be6	preserved byte-for-byte; no recomputation	preserved legitimate grading
1786823094478-i6q6sa	Mansur Abdul-Malik|Dustin Stoltzfus	actualWinner	"Dustin Stoltzfus"	"Dustin Stoltzfus"	grading commit 3a67be6	preserved byte-for-byte; no recomputation	preserved legitimate grading
1786823094478-i6q6sa	Mansur Abdul-Malik|Dustin Stoltzfus	bestBet	null	null	refresh commit 65f32e1 (intentional final pre-fight capture, user-confirmed authoritative)	preserved byte-for-byte; no recomputation	unchanged intentional August 15 final prediction
1786823094478-i6q6sa	Mansur Abdul-Malik|Dustin Stoltzfus	betAction	"NO BET"	"NO BET"	refresh commit 65f32e1 (intentional final pre-fight capture, user-confirmed authoritative)	preserved byte-for-byte; no recomputation	unchanged intentional August 15 final prediction
1786823094478-i6q6sa	Mansur Abdul-Malik|Dustin Stoltzfus	betRecommendedFighter	""	""	refresh commit 65f32e1 (intentional final pre-fight capture, user-confirmed authoritative)	preserved byte-for-byte; no recomputation	unchanged intentional August 15 final prediction
1786823094478-i6q6sa	Mansur Abdul-Malik|Dustin Stoltzfus	betRecommendedOdds	""	""	refresh commit 65f32e1 (intentional final pre-fight capture, user-confirmed authoritative)	preserved byte-for-byte; no recomputation	unchanged intentional August 15 final prediction
1786823094478-i6q6sa	Mansur Abdul-Malik|Dustin Stoltzfus	boutContext.division	"Middleweight"	"Middleweight"	refresh commit 65f32e1 (intentional final pre-fight capture, user-confirmed authoritative)	preserved byte-for-byte; no recomputation	unchanged intentional August 15 final prediction
1786823094478-i6q6sa	Mansur Abdul-Malik|Dustin Stoltzfus	boutContext.isTitleBout	false	false	refresh commit 65f32e1 (intentional final pre-fight capture, user-confirmed authoritative)	preserved byte-for-byte; no recomputation	unchanged intentional August 15 final prediction
1786823094478-i6q6sa	Mansur Abdul-Malik|Dustin Stoltzfus	boutContext.scheduledRounds	3	3	refresh commit 65f32e1 (intentional final pre-fight capture, user-confirmed authoritative)	preserved byte-for-byte; no recomputation	unchanged intentional August 15 final prediction
1786823094478-i6q6sa	Mansur Abdul-Malik|Dustin Stoltzfus	createdAt	"2026-08-15T19:44:54.478Z"	"2026-08-15T19:44:54.478Z"	refresh commit 65f32e1 (intentional final pre-fight capture, user-confirmed authoritative)	preserved byte-for-byte; no recomputation	unchanged intentional August 15 final prediction
1786823094478-i6q6sa	Mansur Abdul-Malik|Dustin Stoltzfus	division	"Middleweight"	"Middleweight"	refresh commit 65f32e1 (intentional final pre-fight capture, user-confirmed authoritative)	preserved byte-for-byte; no recomputation	unchanged intentional August 15 final prediction
1786823094478-i6q6sa	Mansur Abdul-Malik|Dustin Stoltzfus	edge	-0.18908107335922963	-0.18908107335922963	refresh commit 65f32e1 (intentional final pre-fight capture, user-confirmed authoritative)	preserved byte-for-byte; no recomputation	unchanged intentional August 15 final prediction
1786823094478-i6q6sa	Mansur Abdul-Malik|Dustin Stoltzfus	edgeA	-0.18908107335922963	-0.18908107335922963	refresh commit 65f32e1 (intentional final pre-fight capture, user-confirmed authoritative)	preserved byte-for-byte; no recomputation	unchanged intentional August 15 final prediction
1786823094478-i6q6sa	Mansur Abdul-Malik|Dustin Stoltzfus	edgeB	0.18908107335922955	0.18908107335922955	refresh commit 65f32e1 (intentional final pre-fight capture, user-confirmed authoritative)	preserved byte-for-byte; no recomputation	unchanged intentional August 15 final prediction
1786823094478-i6q6sa	Mansur Abdul-Malik|Dustin Stoltzfus	ev	-25.71676837453292	-25.71676837453292	refresh commit 65f32e1 (intentional final pre-fight capture, user-confirmed authoritative)	preserved byte-for-byte; no recomputation	unchanged intentional August 15 final prediction
1786823094478-i6q6sa	Mansur Abdul-Malik|Dustin Stoltzfus	evA	-25.71676837453292	-25.71676837453292	refresh commit 65f32e1 (intentional final pre-fight capture, user-confirmed authoritative)	preserved byte-for-byte; no recomputation	unchanged intentional August 15 final prediction
1786823094478-i6q6sa	Mansur Abdul-Malik|Dustin Stoltzfus	evB	104.82189573308902	104.82189573308902	refresh commit 65f32e1 (intentional final pre-fight capture, user-confirmed authoritative)	preserved byte-for-byte; no recomputation	unchanged intentional August 15 final prediction
1786823094478-i6q6sa	Mansur Abdul-Malik|Dustin Stoltzfus	eventDate	"2026-08-15"	"2026-08-15"	refresh commit 65f32e1 (intentional final pre-fight capture, user-confirmed authoritative)	preserved byte-for-byte; no recomputation	unchanged intentional August 15 final prediction
1786823094478-i6q6sa	Mansur Abdul-Malik|Dustin Stoltzfus	eventName	"UFC 330"	"UFC 330"	refresh commit 65f32e1 (intentional final pre-fight capture, user-confirmed authoritative)	preserved byte-for-byte; no recomputation	unchanged intentional August 15 final prediction
1786823094478-i6q6sa	Mansur Abdul-Malik|Dustin Stoltzfus	fairLine	"-181"	"-181"	refresh commit 65f32e1 (intentional final pre-fight capture, user-confirmed authoritative)	preserved byte-for-byte; no recomputation	unchanged intentional August 15 final prediction
1786823094478-i6q6sa	Mansur Abdul-Malik|Dustin Stoltzfus	fairLineA	"-181"	"-181"	refresh commit 65f32e1 (intentional final pre-fight capture, user-confirmed authoritative)	preserved byte-for-byte; no recomputation	unchanged intentional August 15 final prediction
1786823094478-i6q6sa	Mansur Abdul-Malik|Dustin Stoltzfus	fairLineB	"+181"	"+181"	refresh commit 65f32e1 (intentional final pre-fight capture, user-confirmed authoritative)	preserved byte-for-byte; no recomputation	unchanged intentional August 15 final prediction
1786823094478-i6q6sa	Mansur Abdul-Malik|Dustin Stoltzfus	fighterA	"Mansur Abdul-Malik"	"Mansur Abdul-Malik"	refresh commit 65f32e1 (intentional final pre-fight capture, user-confirmed authoritative)	preserved byte-for-byte; no recomputation	unchanged intentional August 15 final prediction
1786823094478-i6q6sa	Mansur Abdul-Malik|Dustin Stoltzfus	fighterAIsProspect	false	false	refresh commit 65f32e1 (intentional final pre-fight capture, user-confirmed authoritative)	preserved byte-for-byte; no recomputation	unchanged intentional August 15 final prediction
1786823094478-i6q6sa	Mansur Abdul-Malik|Dustin Stoltzfus	fighterAProb	0.6974330563381701	0.6974330563381701	refresh commit 65f32e1 (intentional final pre-fight capture, user-confirmed authoritative)	preserved byte-for-byte; no recomputation	unchanged intentional August 15 final prediction
1786823094478-i6q6sa	Mansur Abdul-Malik|Dustin Stoltzfus	fighterB	"Dustin Stoltzfus"	"Dustin Stoltzfus"	refresh commit 65f32e1 (intentional final pre-fight capture, user-confirmed authoritative)	preserved byte-for-byte; no recomputation	unchanged intentional August 15 final prediction
1786823094478-i6q6sa	Mansur Abdul-Malik|Dustin Stoltzfus	fighterBIsProspect	false	false	refresh commit 65f32e1 (intentional final pre-fight capture, user-confirmed authoritative)	preserved byte-for-byte; no recomputation	unchanged intentional August 15 final prediction
1786823094478-i6q6sa	Mansur Abdul-Malik|Dustin Stoltzfus	fighterBProb	0.3025669436618299	0.3025669436618299	refresh commit 65f32e1 (intentional final pre-fight capture, user-confirmed authoritative)	preserved byte-for-byte; no recomputation	unchanged intentional August 15 final prediction
1786823094478-i6q6sa	Mansur Abdul-Malik|Dustin Stoltzfus	id	"1786823094478-i6q6sa"	"1786823094478-i6q6sa"	refresh commit 65f32e1 (intentional final pre-fight capture, user-confirmed authoritative)	preserved byte-for-byte; no recomputation	unchanged intentional August 15 final prediction
1786823094478-i6q6sa	Mansur Abdul-Malik|Dustin Stoltzfus	includesProspect	false	false	refresh commit 65f32e1 (intentional final pre-fight capture, user-confirmed authoritative)	preserved byte-for-byte; no recomputation	unchanged intentional August 15 final prediction
1786823094478-i6q6sa	Mansur Abdul-Malik|Dustin Stoltzfus	kelly	0	0	refresh commit 65f32e1 (intentional final pre-fight capture, user-confirmed authoritative)	preserved byte-for-byte; no recomputation	unchanged intentional August 15 final prediction
1786823094478-i6q6sa	Mansur Abdul-Malik|Dustin Stoltzfus	kellyA	0	0	refresh commit 65f32e1 (intentional final pre-fight capture, user-confirmed authoritative)	preserved byte-for-byte; no recomputation	unchanged intentional August 15 final prediction
1786823094478-i6q6sa	Mansur Abdul-Malik|Dustin Stoltzfus	kellyB	0.22067767522755583	0.22067767522755583	refresh commit 65f32e1 (intentional final pre-fight capture, user-confirmed authoritative)	preserved byte-for-byte; no recomputation	unchanged intentional August 15 final prediction
1786823094478-i6q6sa	Mansur Abdul-Malik|Dustin Stoltzfus	marketOdds	"-650"	"-650"	refresh commit 65f32e1 (intentional final pre-fight capture, user-confirmed authoritative)	preserved byte-for-byte; no recomputation	unchanged intentional August 15 final prediction
1786823094478-i6q6sa	Mansur Abdul-Malik|Dustin Stoltzfus	modelUsed	"v2"	"v2"	refresh commit 65f32e1 (intentional final pre-fight capture, user-confirmed authoritative)	preserved byte-for-byte; no recomputation	unchanged intentional August 15 final prediction
1786823094478-i6q6sa	Mansur Abdul-Malik|Dustin Stoltzfus	notes	""	""	refresh commit 65f32e1 (intentional final pre-fight capture, user-confirmed authoritative)	preserved byte-for-byte; no recomputation	unchanged intentional August 15 final prediction
1786823094478-i6q6sa	Mansur Abdul-Malik|Dustin Stoltzfus	oddsA	"-650"	"-650"	refresh commit 65f32e1 (intentional final pre-fight capture, user-confirmed authoritative)	preserved byte-for-byte; no recomputation	unchanged intentional August 15 final prediction
1786823094478-i6q6sa	Mansur Abdul-Malik|Dustin Stoltzfus	oddsB	"+475"	"+475"	refresh commit 65f32e1 (intentional final pre-fight capture, user-confirmed authoritative)	preserved byte-for-byte; no recomputation	unchanged intentional August 15 final prediction
1786823094478-i6q6sa	Mansur Abdul-Malik|Dustin Stoltzfus	predictedProb	0.6974330563381701	0.6974330563381701	refresh commit 65f32e1 (intentional final pre-fight capture, user-confirmed authoritative)	preserved byte-for-byte; no recomputation	unchanged intentional August 15 final prediction
1786823094478-i6q6sa	Mansur Abdul-Malik|Dustin Stoltzfus	predictedWinner	"Mansur Abdul-Malik"	"Mansur Abdul-Malik"	refresh commit 65f32e1 (intentional final pre-fight capture, user-confirmed authoritative)	preserved byte-for-byte; no recomputation	unchanged intentional August 15 final prediction
1786823094478-i6q6sa	Mansur Abdul-Malik|Dustin Stoltzfus	projectedDEC	26	26	refresh commit 65f32e1 (intentional final pre-fight capture, user-confirmed authoritative)	preserved byte-for-byte; no recomputation	unchanged intentional August 15 final prediction
1786823094478-i6q6sa	Mansur Abdul-Malik|Dustin Stoltzfus	projectedFinish	"KO/TKO"	"KO/TKO"	refresh commit 65f32e1 (intentional final pre-fight capture, user-confirmed authoritative)	preserved byte-for-byte; no recomputation	unchanged intentional August 15 final prediction
1786823094478-i6q6sa	Mansur Abdul-Malik|Dustin Stoltzfus	projectedKO	47	47	refresh commit 65f32e1 (intentional final pre-fight capture, user-confirmed authoritative)	preserved byte-for-byte; no recomputation	unchanged intentional August 15 final prediction
1786823094478-i6q6sa	Mansur Abdul-Malik|Dustin Stoltzfus	projectedSUB	26	26	refresh commit 65f32e1 (intentional final pre-fight capture, user-confirmed authoritative)	preserved byte-for-byte; no recomputation	unchanged intentional August 15 final prediction
1786823094478-i6q6sa	Mansur Abdul-Malik|Dustin Stoltzfus	trackedProb	0.6437880074207147	0.6437880074207147	refresh commit 65f32e1 (intentional final pre-fight capture, user-confirmed authoritative)	preserved byte-for-byte; no recomputation	unchanged intentional August 15 final prediction
1786823094478-i6q6sa	Mansur Abdul-Malik|Dustin Stoltzfus	trackedSide	"Mansur Abdul-Malik"	"Mansur Abdul-Malik"	refresh commit 65f32e1 (intentional final pre-fight capture, user-confirmed authoritative)	preserved byte-for-byte; no recomputation	unchanged intentional August 15 final prediction
1786823094478-i6q6sa	Mansur Abdul-Malik|Dustin Stoltzfus	v2pA	0.6437880074207147	0.6437880074207147	refresh commit 65f32e1 (intentional final pre-fight capture, user-confirmed authoritative)	preserved byte-for-byte; no recomputation	unchanged intentional August 15 final prediction
1786823094478-i6q6sa	Mansur Abdul-Malik|Dustin Stoltzfus	v2pB	0.35621199257928526	0.35621199257928526	refresh commit 65f32e1 (intentional final pre-fight capture, user-confirmed authoritative)	preserved byte-for-byte; no recomputation	unchanged intentional August 15 final prediction
1786823062490-fbmbbj	Edson Barboza|Esteban Ribovics	boutContext.provenance.sourceUrl	null	"https://www.ufc.com/news/official-weigh-results-ufc-330-makhachev-vs-machado-garry"	src/upcomingData.js @ 1adfd22 (official UFC 330 weigh-in page, retrievedAt 2026-08-14)	official bout-metadata provenance nulled by 65f32e1; restored verbatim from its authoritative source	restored official provenance
1786823062490-fbmbbj	Edson Barboza|Esteban Ribovics	boutContext.provenance.retrievedAt	null	"2026-08-14"	src/upcomingData.js @ 1adfd22 (official UFC 330 weigh-in page, retrievedAt 2026-08-14)	official bout-metadata provenance nulled by 65f32e1; restored verbatim from its authoritative source	restored official provenance
1786823062490-fbmbbj	Edson Barboza|Esteban Ribovics	boutContext.provenance.authority	null	"official"	src/upcomingData.js @ 1adfd22 (official UFC 330 weigh-in page, retrievedAt 2026-08-14)	official bout-metadata provenance nulled by 65f32e1; restored verbatim from its authoritative source	restored official provenance
1786823062490-fbmbbj	Edson Barboza|Esteban Ribovics	_provenance.boutContext.division	"Lightweight"	<removed>	n/a - field absent from all 168 non-UFC330 ROI records	accidental duplicate grafted by 65f32e1; not part of the established schema	removal of accidental duplicated provenance structure
1786823062490-fbmbbj	Edson Barboza|Esteban Ribovics	_provenance.boutContext.isTitleBout	false	<removed>	n/a - field absent from all 168 non-UFC330 ROI records	accidental duplicate grafted by 65f32e1; not part of the established schema	removal of accidental duplicated provenance structure
1786823062490-fbmbbj	Edson Barboza|Esteban Ribovics	_provenance.boutContext.provenance	null	<removed>	n/a - field absent from all 168 non-UFC330 ROI records	accidental duplicate grafted by 65f32e1; not part of the established schema	removal of accidental duplicated provenance structure
1786823062490-fbmbbj	Edson Barboza|Esteban Ribovics	_provenance.boutContext.scheduledRounds	3	<removed>	n/a - field absent from all 168 non-UFC330 ROI records	accidental duplicate grafted by 65f32e1; not part of the established schema	removal of accidental duplicated provenance structure
1786823062490-fbmbbj	Edson Barboza|Esteban Ribovics	unitsWagered	1	1	user decision 2026-08-17 (explicit, final)	user-ratified: both NO BET records store 1; already 1 in ROI, asserted not inferred	user-ratified unitsWagered: 1
1786823062490-fbmbbj	Edson Barboza|Esteban Ribovics	_provenance.captureMode	"live"	"live"	refresh commit 65f32e1 (intentional final pre-fight capture, user-confirmed authoritative)	preserved byte-for-byte; no recomputation	unchanged intentional August 15 final prediction
1786823062490-fbmbbj	Edson Barboza|Esteban Ribovics	_provenance.featureVector.v1.age_dif	-2.3255813953488373	-2.3255813953488373	refresh commit 65f32e1 (intentional final pre-fight capture, user-confirmed authoritative)	preserved byte-for-byte; no recomputation	unchanged intentional August 15 final prediction
1786823062490-fbmbbj	Edson Barboza|Esteban Ribovics	_provenance.featureVector.v1.atd_dif	0.46666666666666634	0.46666666666666634	refresh commit 65f32e1 (intentional final pre-fight capture, user-confirmed authoritative)	preserved byte-for-byte; no recomputation	unchanged intentional August 15 final prediction
1786823062490-fbmbbj	Edson Barboza|Esteban Ribovics	_provenance.featureVector.v1.avg_sig_str_pct_dif	-0.039599999999999635	-0.039599999999999635	refresh commit 65f32e1 (intentional final pre-fight capture, user-confirmed authoritative)	preserved byte-for-byte; no recomputation	unchanged intentional August 15 final prediction
1786823062490-fbmbbj	Edson Barboza|Esteban Ribovics	_provenance.featureVector.v1.avg_sub_att_dif	-0.14285714285714285	-0.14285714285714285	refresh commit 65f32e1 (intentional final pre-fight capture, user-confirmed authoritative)	preserved byte-for-byte; no recomputation	unchanged intentional August 15 final prediction
1786823062490-fbmbbj	Edson Barboza|Esteban Ribovics	_provenance.featureVector.v1.avg_td_dif	0.057142857142857155	0.057142857142857155	refresh commit 65f32e1 (intentional final pre-fight capture, user-confirmed authoritative)	preserved byte-for-byte; no recomputation	unchanged intentional August 15 final prediction
1786823062490-fbmbbj	Edson Barboza|Esteban Ribovics	_provenance.featureVector.v1.avg_td_pct_dif	-0.7391304347826089	-0.7391304347826089	refresh commit 65f32e1 (intentional final pre-fight capture, user-confirmed authoritative)	preserved byte-for-byte; no recomputation	unchanged intentional August 15 final prediction
1786823062490-fbmbbj	Edson Barboza|Esteban Ribovics	_provenance.featureVector.v1.cardio_dif	-4.597916666666666	-4.597916666666666	refresh commit 65f32e1 (intentional final pre-fight capture, user-confirmed authoritative)	preserved byte-for-byte; no recomputation	unchanged intentional August 15 final prediction
1786823062490-fbmbbj	Edson Barboza|Esteban Ribovics	_provenance.featureVector.v1.control_time_dif	-0.022222222222222216	-0.022222222222222216	refresh commit 65f32e1 (intentional final pre-fight capture, user-confirmed authoritative)	preserved byte-for-byte; no recomputation	unchanged intentional August 15 final prediction
1786823062490-fbmbbj	Edson Barboza|Esteban Ribovics	_provenance.featureVector.v1.deep_round_dif	1	1	refresh commit 65f32e1 (intentional final pre-fight capture, user-confirmed authoritative)	preserved byte-for-byte; no recomputation	unchanged intentional August 15 final prediction
1786823062490-fbmbbj	Edson Barboza|Esteban Ribovics	_provenance.featureVector.v1.elo_dif	0.6854838709677419	0.6854838709677419	refresh commit 65f32e1 (intentional final pre-fight capture, user-confirmed authoritative)	preserved byte-for-byte; no recomputation	unchanged intentional August 15 final prediction
1786823062490-fbmbbj	Edson Barboza|Esteban Ribovics	_provenance.featureVector.v1.height_dif	0.10989010989010989	0.10989010989010989	refresh commit 65f32e1 (intentional final pre-fight capture, user-confirmed authoritative)	preserved byte-for-byte; no recomputation	unchanged intentional August 15 final prediction
1786823062490-fbmbbj	Edson Barboza|Esteban Ribovics	_provenance.featureVector.v1.kd_dif	0.40399999999999997	0.40399999999999997	refresh commit 65f32e1 (intentional final pre-fight capture, user-confirmed authoritative)	preserved byte-for-byte; no recomputation	unchanged intentional August 15 final prediction
1786823062490-fbmbbj	Edson Barboza|Esteban Ribovics	_provenance.featureVector.v1.ko_dif	4	4	refresh commit 65f32e1 (intentional final pre-fight capture, user-confirmed authoritative)	preserved byte-for-byte; no recomputation	unchanged intentional August 15 final prediction
1786823062490-fbmbbj	Edson Barboza|Esteban Ribovics	_provenance.featureVector.v1.layoff_dif	-0.63	-0.63	refresh commit 65f32e1 (intentional final pre-fight capture, user-confirmed authoritative)	preserved byte-for-byte; no recomputation	unchanged intentional August 15 final prediction
1786823062490-fbmbbj	Edson Barboza|Esteban Ribovics	_provenance.featureVector.v1.lose_streak_dif	-2	-2	refresh commit 65f32e1 (intentional final pre-fight capture, user-confirmed authoritative)	preserved byte-for-byte; no recomputation	unchanged intentional August 15 final prediction
1786823062490-fbmbbj	Edson Barboza|Esteban Ribovics	_provenance.featureVector.v1.loss_dif	-4.0740740740740735	-4.0740740740740735	refresh commit 65f32e1 (intentional final pre-fight capture, user-confirmed authoritative)	preserved byte-for-byte; no recomputation	unchanged intentional August 15 final prediction
1786823062490-fbmbbj	Edson Barboza|Esteban Ribovics	_provenance.featureVector.v1.peak_elo_dif	1.8	1.8	refresh commit 65f32e1 (intentional final pre-fight capture, user-confirmed authoritative)	preserved byte-for-byte; no recomputation	unchanged intentional August 15 final prediction
1786823062490-fbmbbj	Edson Barboza|Esteban Ribovics	_provenance.featureVector.v1.rank_tier_dif	0	0	refresh commit 65f32e1 (intentional final pre-fight capture, user-confirmed authoritative)	preserved byte-for-byte; no recomputation	unchanged intentional August 15 final prediction
1786823062490-fbmbbj	Edson Barboza|Esteban Ribovics	_provenance.featureVector.v1.reach_dif	0.5555555555555555	0.5555555555555555	refresh commit 65f32e1 (intentional final pre-fight capture, user-confirmed authoritative)	preserved byte-for-byte; no recomputation	unchanged intentional August 15 final prediction
1786823062490-fbmbbj	Edson Barboza|Esteban Ribovics	_provenance.featureVector.v1.sig_str_dif	-0.21653164556962026	-0.21653164556962026	refresh commit 65f32e1 (intentional final pre-fight capture, user-confirmed authoritative)	preserved byte-for-byte; no recomputation	unchanged intentional August 15 final prediction
1786823062490-fbmbbj	Edson Barboza|Esteban Ribovics	_provenance.featureVector.v1.sub_dif	0	0	refresh commit 65f32e1 (intentional final pre-fight capture, user-confirmed authoritative)	preserved byte-for-byte; no recomputation	unchanged intentional August 15 final prediction
1786823062490-fbmbbj	Edson Barboza|Esteban Ribovics	_provenance.featureVector.v1.total_round_dif	3.9411764705882355	3.9411764705882355	refresh commit 65f32e1 (intentional final pre-fight capture, user-confirmed authoritative)	preserved byte-for-byte; no recomputation	unchanged intentional August 15 final prediction
1786823062490-fbmbbj	Edson Barboza|Esteban Ribovics	_provenance.featureVector.v1.total_title_bout_dif	0	0	refresh commit 65f32e1 (intentional final pre-fight capture, user-confirmed authoritative)	preserved byte-for-byte; no recomputation	unchanged intentional August 15 final prediction
1786823062490-fbmbbj	Edson Barboza|Esteban Ribovics	_provenance.featureVector.v1.ufc_fight_count_dif	3.125	3.125	refresh commit 65f32e1 (intentional final pre-fight capture, user-confirmed authoritative)	preserved byte-for-byte; no recomputation	unchanged intentional August 15 final prediction
1786823062490-fbmbbj	Edson Barboza|Esteban Ribovics	_provenance.featureVector.v1.win_dif	3.1818181818181817	3.1818181818181817	refresh commit 65f32e1 (intentional final pre-fight capture, user-confirmed authoritative)	preserved byte-for-byte; no recomputation	unchanged intentional August 15 final prediction
1786823062490-fbmbbj	Edson Barboza|Esteban Ribovics	_provenance.featureVector.v1.win_streak_dif	0	0	refresh commit 65f32e1 (intentional final pre-fight capture, user-confirmed authoritative)	preserved byte-for-byte; no recomputation	unchanged intentional August 15 final prediction
1786823062490-fbmbbj	Edson Barboza|Esteban Ribovics	_provenance.featureVector.v2.elo	0.34	0.34	refresh commit 65f32e1 (intentional final pre-fight capture, user-confirmed authoritative)	preserved byte-for-byte; no recomputation	unchanged intentional August 15 final prediction
1786823062490-fbmbbj	Edson Barboza|Esteban Ribovics	_provenance.featureVector.v2.height	1	1	refresh commit 65f32e1 (intentional final pre-fight capture, user-confirmed authoritative)	preserved byte-for-byte; no recomputation	unchanged intentional August 15 final prediction
1786823062490-fbmbbj	Edson Barboza|Esteban Ribovics	_provenance.featureVector.v2.ko_wins	8	8	refresh commit 65f32e1 (intentional final pre-fight capture, user-confirmed authoritative)	preserved byte-for-byte; no recomputation	unchanged intentional August 15 final prediction
1786823062490-fbmbbj	Edson Barboza|Esteban Ribovics	_provenance.featureVector.v2.losses	-11	-11	refresh commit 65f32e1 (intentional final pre-fight capture, user-confirmed authoritative)	preserved byte-for-byte; no recomputation	unchanged intentional August 15 final prediction
1786823062490-fbmbbj	Edson Barboza|Esteban Ribovics	_provenance.featureVector.v2.modern_form	-0.19739342498983953	-0.19739342498983953	refresh commit 65f32e1 (intentional final pre-fight capture, user-confirmed authoritative)	preserved byte-for-byte; no recomputation	unchanged intentional August 15 final prediction
1786823062490-fbmbbj	Edson Barboza|Esteban Ribovics	_provenance.featureVector.v2.reach	6	6	refresh commit 65f32e1 (intentional final pre-fight capture, user-confirmed authoritative)	preserved byte-for-byte; no recomputation	unchanged intentional August 15 final prediction
1786823062490-fbmbbj	Edson Barboza|Esteban Ribovics	_provenance.featureVector.v2.rounds	67	67	refresh commit 65f32e1 (intentional final pre-fight capture, user-confirmed authoritative)	preserved byte-for-byte; no recomputation	unchanged intentional August 15 final prediction
1786823062490-fbmbbj	Edson Barboza|Esteban Ribovics	_provenance.featureVector.v2.sig_str_accuracy	-0.0039599999999999635	-0.0039599999999999635	refresh commit 65f32e1 (intentional final pre-fight capture, user-confirmed authoritative)	preserved byte-for-byte; no recomputation	unchanged intentional August 15 final prediction
1786823062490-fbmbbj	Edson Barboza|Esteban Ribovics	_provenance.featureVector.v2.sig_str_landed	-3.4212000000000002	-3.4212000000000002	refresh commit 65f32e1 (intentional final pre-fight capture, user-confirmed authoritative)	preserved byte-for-byte; no recomputation	unchanged intentional August 15 final prediction
1786823062490-fbmbbj	Edson Barboza|Esteban Ribovics	_provenance.featureVector.v2.sub_attempts	-0.09999999999999999	-0.09999999999999999	refresh commit 65f32e1 (intentional final pre-fight capture, user-confirmed authoritative)	preserved byte-for-byte; no recomputation	unchanged intentional August 15 final prediction
1786823062490-fbmbbj	Edson Barboza|Esteban Ribovics	_provenance.featureVector.v2.sub_wins	0	0	refresh commit 65f32e1 (intentional final pre-fight capture, user-confirmed authoritative)	preserved byte-for-byte; no recomputation	unchanged intentional August 15 final prediction
1786823062490-fbmbbj	Edson Barboza|Esteban Ribovics	_provenance.featureVector.v2.td_accuracy	-0.17000000000000004	-0.17000000000000004	refresh commit 65f32e1 (intentional final pre-fight capture, user-confirmed authoritative)	preserved byte-for-byte; no recomputation	unchanged intentional August 15 final prediction
1786823062490-fbmbbj	Edson Barboza|Esteban Ribovics	_provenance.featureVector.v2.td_landed	0.08000000000000002	0.08000000000000002	refresh commit 65f32e1 (intentional final pre-fight capture, user-confirmed authoritative)	preserved byte-for-byte; no recomputation	unchanged intentional August 15 final prediction
1786823062490-fbmbbj	Edson Barboza|Esteban Ribovics	_provenance.featureVector.v2.title_bouts	0	0	refresh commit 65f32e1 (intentional final pre-fight capture, user-confirmed authoritative)	preserved byte-for-byte; no recomputation	unchanged intentional August 15 final prediction
1786823062490-fbmbbj	Edson Barboza|Esteban Ribovics	_provenance.featureVector.v2.wins	14	14	refresh commit 65f32e1 (intentional final pre-fight capture, user-confirmed authoritative)	preserved byte-for-byte; no recomputation	unchanged intentional August 15 final prediction
1786823062490-fbmbbj	Edson Barboza|Esteban Ribovics	_provenance.featureVector.v2.younger	-10	-10	refresh commit 65f32e1 (intentional final pre-fight capture, user-confirmed authoritative)	preserved byte-for-byte; no recomputation	unchanged intentional August 15 final prediction
1786823062490-fbmbbj	Edson Barboza|Esteban Ribovics	_provenance.fightHistoryCutoff.fighterA	"2025-12-06"	"2025-12-06"	refresh commit 65f32e1 (intentional final pre-fight capture, user-confirmed authoritative)	preserved byte-for-byte; no recomputation	unchanged intentional August 15 final prediction
1786823062490-fbmbbj	Edson Barboza|Esteban Ribovics	_provenance.fightHistoryCutoff.fighterB	"2026-04-11"	"2026-04-11"	refresh commit 65f32e1 (intentional final pre-fight capture, user-confirmed authoritative)	preserved byte-for-byte; no recomputation	unchanged intentional August 15 final prediction
1786823062490-fbmbbj	Edson Barboza|Esteban Ribovics	_provenance.frozenTier	"NO BET"	"NO BET"	refresh commit 65f32e1 (intentional final pre-fight capture, user-confirmed authoritative)	preserved byte-for-byte; no recomputation	unchanged intentional August 15 final prediction
1786823062490-fbmbbj	Edson Barboza|Esteban Ribovics	_provenance.modelCoefHash	"256f866e"	"256f866e"	refresh commit 65f32e1 (intentional final pre-fight capture, user-confirmed authoritative)	preserved byte-for-byte; no recomputation	unchanged intentional August 15 final prediction
1786823062490-fbmbbj	Edson Barboza|Esteban Ribovics	_provenance.modelVersion	"logistic_v2.0_20260709"	"logistic_v2.0_20260709"	refresh commit 65f32e1 (intentional final pre-fight capture, user-confirmed authoritative)	preserved byte-for-byte; no recomputation	unchanged intentional August 15 final prediction
1786823062490-fbmbbj	Edson Barboza|Esteban Ribovics	_provenance.predictionTimestamp	"2026-08-15T19:44:22.490Z"	"2026-08-15T19:44:22.490Z"	refresh commit 65f32e1 (intentional final pre-fight capture, user-confirmed authoritative)	preserved byte-for-byte; no recomputation	unchanged intentional August 15 final prediction
1786823062490-fbmbbj	Edson Barboza|Esteban Ribovics	_provenance.sourceManifest.cardio.contentHash	"7025f1f440bbf01c15731cc40e65521e50635902ee482536cd07a412738b788c"	"7025f1f440bbf01c15731cc40e65521e50635902ee482536cd07a412738b788c"	refresh commit 65f32e1 (intentional final pre-fight capture, user-confirmed authoritative)	preserved byte-for-byte; no recomputation	unchanged intentional August 15 final prediction
1786823062490-fbmbbj	Edson Barboza|Esteban Ribovics	_provenance.sourceManifest.cardio.feedsV2	false	false	refresh commit 65f32e1 (intentional final pre-fight capture, user-confirmed authoritative)	preserved byte-for-byte; no recomputation	unchanged intentional August 15 final prediction
1786823062490-fbmbbj	Edson Barboza|Esteban Ribovics	_provenance.sourceManifest.cardio.file	"src/cardioModule.js"	"src/cardioModule.js"	refresh commit 65f32e1 (intentional final pre-fight capture, user-confirmed authoritative)	preserved byte-for-byte; no recomputation	unchanged intentional August 15 final prediction
1786823062490-fbmbbj	Edson Barboza|Esteban Ribovics	_provenance.sourceManifest.cardio.generatedAt	"2026-08-13"	"2026-08-13"	refresh commit 65f32e1 (intentional final pre-fight capture, user-confirmed authoritative)	preserved byte-for-byte; no recomputation	unchanged intentional August 15 final prediction
1786823062490-fbmbbj	Edson Barboza|Esteban Ribovics	_provenance.sourceManifest.cardio.generatorVersion	"unavailable -- no cardio-generation script found in repo"	"unavailable -- no cardio-generation script found in repo"	refresh commit 65f32e1 (intentional final pre-fight capture, user-confirmed authoritative)	preserved byte-for-byte; no recomputation	unchanged intentional August 15 final prediction
1786823062490-fbmbbj	Edson Barboza|Esteban Ribovics	_provenance.sourceManifest.cardio.maxObservedEventDate	null	null	refresh commit 65f32e1 (intentional final pre-fight capture, user-confirmed authoritative)	preserved byte-for-byte; no recomputation	unchanged intentional August 15 final prediction
1786823062490-fbmbbj	Edson Barboza|Esteban Ribovics	_provenance.sourceManifest.cardio.note	"Does not feed MODEL_V2 (no path into computeLogisticProb's 16 features, confirmed in research/source_integrity_audit.md). Tracked here for future model versions that might use it."	"Does not feed MODEL_V2 (no path into computeLogisticProb's 16 features, confirmed in research/source_integrity_audit.md). Tracked here for future model versions that might use it."	refresh commit 65f32e1 (intentional final pre-fight capture, user-confirmed authoritative)	preserved byte-for-byte; no recomputation	unchanged intentional August 15 final prediction
1786823062490-fbmbbj	Edson Barboza|Esteban Ribovics	_provenance.sourceManifest.cardio.verificationMethod	"INDETERMINATE: no generator script present in the repository, and no per-fighter date field is embedded in the shipped artifact itself, so maxObservedEventDate cannot be independently verified the way the Greco-CSV-backed modules above were. The file's own header comment self-reports \"fetched 2026-04-14\" -- this is NOT independently verified and should not be treated as authoritative."	"INDETERMINATE: no generator script present in the repository, and no per-fighter date field is embedded in the shipped artifact itself, so maxObservedEventDate cannot be independently verified the way the Greco-CSV-backed modules above were. The file's own header comment self-reports \"fetched 2026-04-14\" -- this is NOT independently verified and should not be treated as authoritative."	refresh commit 65f32e1 (intentional final pre-fight capture, user-confirmed authoritative)	preserved byte-for-byte; no recomputation	unchanged intentional August 15 final prediction
1786823062490-fbmbbj	Edson Barboza|Esteban Ribovics	_provenance.sourceManifest.elo.contentHash	"0cb60aee84bb6b2b40b2cb476c44e734f9706a96942246d022d285ebe80aa35d"	"0cb60aee84bb6b2b40b2cb476c44e734f9706a96942246d022d285ebe80aa35d"	refresh commit 65f32e1 (intentional final pre-fight capture, user-confirmed authoritative)	preserved byte-for-byte; no recomputation	unchanged intentional August 15 final prediction
1786823062490-fbmbbj	Edson Barboza|Esteban Ribovics	_provenance.sourceManifest.elo.feedsV2	true	true	refresh commit 65f32e1 (intentional final pre-fight capture, user-confirmed authoritative)	preserved byte-for-byte; no recomputation	unchanged intentional August 15 final prediction
1786823062490-fbmbbj	Edson Barboza|Esteban Ribovics	_provenance.sourceManifest.elo.file	"src/eloModule.js"	"src/eloModule.js"	refresh commit 65f32e1 (intentional final pre-fight capture, user-confirmed authoritative)	preserved byte-for-byte; no recomputation	unchanged intentional August 15 final prediction
1786823062490-fbmbbj	Edson Barboza|Esteban Ribovics	_provenance.sourceManifest.elo.generatedAt	"2026-08-13"	"2026-08-13"	refresh commit 65f32e1 (intentional final pre-fight capture, user-confirmed authoritative)	preserved byte-for-byte; no recomputation	unchanged intentional August 15 final prediction
1786823062490-fbmbbj	Edson Barboza|Esteban Ribovics	_provenance.sourceManifest.elo.generatorRequiredInputs	["ufc_fight_results.csv", "ufc_event_details.csv"]	["ufc_fight_results.csv", "ufc_event_details.csv"]	refresh commit 65f32e1 (intentional final pre-fight capture, user-confirmed authoritative)	preserved byte-for-byte; no recomputation	unchanged intentional August 15 final prediction
1786823062490-fbmbbj	Edson Barboza|Esteban Ribovics	_provenance.sourceManifest.elo.generatorVersion	"regen_elo.py @ 97d2379ea418148c1ce0a21deae0461310914844"	"regen_elo.py @ 97d2379ea418148c1ce0a21deae0461310914844"	refresh commit 65f32e1 (intentional final pre-fight capture, user-confirmed authoritative)	preserved byte-for-byte; no recomputation	unchanged intentional August 15 final prediction
1786823062490-fbmbbj	Edson Barboza|Esteban Ribovics	_provenance.sourceManifest.elo.maxObservedEventDate	"2026-08-08"	"2026-08-08"	refresh commit 65f32e1 (intentional final pre-fight capture, user-confirmed authoritative)	preserved byte-for-byte; no recomputation	unchanged intentional August 15 final prediction
1786823062490-fbmbbj	Edson Barboza|Esteban Ribovics	_provenance.sourceManifest.elo.sourceInputs	["ufc_fight_results.csv", "ufc_event_details.csv"]	["ufc_fight_results.csv", "ufc_event_details.csv"]	refresh commit 65f32e1 (intentional final pre-fight capture, user-confirmed authoritative)	preserved byte-for-byte; no recomputation	unchanged intentional August 15 final prediction
1786823062490-fbmbbj	Edson Barboza|Esteban Ribovics	_provenance.sourceManifest.elo.verificationMethod	"Parsed DATE column of ufc_event_details.csv directly (783 rows); maximum event date found = 2026-08-08. Cross-checked ufc_fight_results.csv, ufc_fight_details.csv, ufc_fight_stats.csv for window-period event names: FOUND (see manual audit). This value is NOT derived from any file mtime, git commit date, or in-file header comment -- see research/source_integrity_audit.md for the original manual methodology this script automates. NOTE: eloModule.js's own header comment claims coverage \"through Jul 2026\" -- this is misleading relative to the verified underlying data and should not be trusted; regen_elo.py reads only ufc_fight_results.csv + ufc_event_details.csv. Unlike ELO, the fighter aggregate updater also requires ufc_fight_details.csv and ufc_fight_stats.csv."	"Parsed DATE column of ufc_event_details.csv directly (783 rows); maximum event date found = 2026-08-08. Cross-checked ufc_fight_results.csv, ufc_fight_details.csv, ufc_fight_stats.csv for window-period event names: FOUND (see manual audit). This value is NOT derived from any file mtime, git commit date, or in-file header comment -- see research/source_integrity_audit.md for the original manual methodology this script automates. NOTE: eloModule.js's own header comment claims coverage \"through Jul 2026\" -- this is misleading relative to the verified underlying data and should not be trusted; regen_elo.py reads only ufc_fight_results.csv + ufc_event_details.csv. Unlike ELO, the fighter aggregate updater also requires ufc_fight_details.csv and ufc_fight_stats.csv."	refresh commit 65f32e1 (intentional final pre-fight capture, user-confirmed authoritative)	preserved byte-for-byte; no recomputation	unchanged intentional August 15 final prediction
1786823062490-fbmbbj	Edson Barboza|Esteban Ribovics	_provenance.sourceManifest.fightHistory.contentHash	"46bff36e8569423c1401fb137638b82265fab6a675584273ac1f0181ff9df0a5"	"46bff36e8569423c1401fb137638b82265fab6a675584273ac1f0181ff9df0a5"	refresh commit 65f32e1 (intentional final pre-fight capture, user-confirmed authoritative)	preserved byte-for-byte; no recomputation	unchanged intentional August 15 final prediction
1786823062490-fbmbbj	Edson Barboza|Esteban Ribovics	_provenance.sourceManifest.fightHistory.feedsV2	true	true	refresh commit 65f32e1 (intentional final pre-fight capture, user-confirmed authoritative)	preserved byte-for-byte; no recomputation	unchanged intentional August 15 final prediction
1786823062490-fbmbbj	Edson Barboza|Esteban Ribovics	_provenance.sourceManifest.fightHistory.file	"src/fightHistory.js"	"src/fightHistory.js"	refresh commit 65f32e1 (intentional final pre-fight capture, user-confirmed authoritative)	preserved byte-for-byte; no recomputation	unchanged intentional August 15 final prediction
1786823062490-fbmbbj	Edson Barboza|Esteban Ribovics	_provenance.sourceManifest.fightHistory.generatedAt	"2026-08-13"	"2026-08-13"	refresh commit 65f32e1 (intentional final pre-fight capture, user-confirmed authoritative)	preserved byte-for-byte; no recomputation	unchanged intentional August 15 final prediction
1786823062490-fbmbbj	Edson Barboza|Esteban Ribovics	_provenance.sourceManifest.fightHistory.generatorRequiredInputs	["ufc_fight_results.csv", "ufc_event_details.csv", "ufc_fight_details.csv", "ufc_fight_stats.csv"]	["ufc_fight_results.csv", "ufc_event_details.csv", "ufc_fight_details.csv", "ufc_fight_stats.csv"]	refresh commit 65f32e1 (intentional final pre-fight capture, user-confirmed authoritative)	preserved byte-for-byte; no recomputation	unchanged intentional August 15 final prediction
1786823062490-fbmbbj	Edson Barboza|Esteban Ribovics	_provenance.sourceManifest.fightHistory.generatorVersion	"update_fighters.py @ 97d2379ea418148c1ce0a21deae0461310914844"	"update_fighters.py @ 97d2379ea418148c1ce0a21deae0461310914844"	refresh commit 65f32e1 (intentional final pre-fight capture, user-confirmed authoritative)	preserved byte-for-byte; no recomputation	unchanged intentional August 15 final prediction
1786823062490-fbmbbj	Edson Barboza|Esteban Ribovics	_provenance.sourceManifest.fightHistory.maxObservedEventDate	"2026-08-08"	"2026-08-08"	refresh commit 65f32e1 (intentional final pre-fight capture, user-confirmed authoritative)	preserved byte-for-byte; no recomputation	unchanged intentional August 15 final prediction
1786823062490-fbmbbj	Edson Barboza|Esteban Ribovics	_provenance.sourceManifest.fightHistory.sourceInputs	["ufc_fight_results.csv", "ufc_event_details.csv", "ufc_fight_details.csv"]	["ufc_fight_results.csv", "ufc_event_details.csv", "ufc_fight_details.csv"]	refresh commit 65f32e1 (intentional final pre-fight capture, user-confirmed authoritative)	preserved byte-for-byte; no recomputation	unchanged intentional August 15 final prediction
1786823062490-fbmbbj	Edson Barboza|Esteban Ribovics	_provenance.sourceManifest.fightHistory.verificationMethod	"Parsed DATE column of ufc_event_details.csv directly (783 rows); maximum event date found = 2026-08-08. Cross-checked ufc_fight_results.csv, ufc_fight_details.csv, ufc_fight_stats.csv for window-period event names: FOUND (see manual audit). This value is NOT derived from any file mtime, git commit date, or in-file header comment -- see research/source_integrity_audit.md for the original manual methodology this script automates."	"Parsed DATE column of ufc_event_details.csv directly (783 rows); maximum event date found = 2026-08-08. Cross-checked ufc_fight_results.csv, ufc_fight_details.csv, ufc_fight_stats.csv for window-period event names: FOUND (see manual audit). This value is NOT derived from any file mtime, git commit date, or in-file header comment -- see research/source_integrity_audit.md for the original manual methodology this script automates."	refresh commit 65f32e1 (intentional final pre-fight capture, user-confirmed authoritative)	preserved byte-for-byte; no recomputation	unchanged intentional August 15 final prediction
1786823062490-fbmbbj	Edson Barboza|Esteban Ribovics	_provenance.sourceManifest.fighterBirthdates.contentHash	"560e7d5207c1766a57380ce852767ea03b004a89e2281c3be3dd11fc9e63cd5d"	"560e7d5207c1766a57380ce852767ea03b004a89e2281c3be3dd11fc9e63cd5d"	refresh commit 65f32e1 (intentional final pre-fight capture, user-confirmed authoritative)	preserved byte-for-byte; no recomputation	unchanged intentional August 15 final prediction
1786823062490-fbmbbj	Edson Barboza|Esteban Ribovics	_provenance.sourceManifest.fighterBirthdates.feedsV2	true	true	refresh commit 65f32e1 (intentional final pre-fight capture, user-confirmed authoritative)	preserved byte-for-byte; no recomputation	unchanged intentional August 15 final prediction
1786823062490-fbmbbj	Edson Barboza|Esteban Ribovics	_provenance.sourceManifest.fighterBirthdates.file	"src/fighterBirthdates.js"	"src/fighterBirthdates.js"	refresh commit 65f32e1 (intentional final pre-fight capture, user-confirmed authoritative)	preserved byte-for-byte; no recomputation	unchanged intentional August 15 final prediction
1786823062490-fbmbbj	Edson Barboza|Esteban Ribovics	_provenance.sourceManifest.fighterBirthdates.generatedAt	"2026-08-13"	"2026-08-13"	refresh commit 65f32e1 (intentional final pre-fight capture, user-confirmed authoritative)	preserved byte-for-byte; no recomputation	unchanged intentional August 15 final prediction
1786823062490-fbmbbj	Edson Barboza|Esteban Ribovics	_provenance.sourceManifest.fighterBirthdates.generatorVersion	"scripts/generate-fighter-birthdates.mjs @ 97d2379ea418148c1ce0a21deae0461310914844"	"scripts/generate-fighter-birthdates.mjs @ 97d2379ea418148c1ce0a21deae0461310914844"	refresh commit 65f32e1 (intentional final pre-fight capture, user-confirmed authoritative)	preserved byte-for-byte; no recomputation	unchanged intentional August 15 final prediction
1786823062490-fbmbbj	Edson Barboza|Esteban Ribovics	_provenance.sourceManifest.fighterBirthdates.maxObservedEventDate	null	null	refresh commit 65f32e1 (intentional final pre-fight capture, user-confirmed authoritative)	preserved byte-for-byte; no recomputation	unchanged intentional August 15 final prediction
1786823062490-fbmbbj	Edson Barboza|Esteban Ribovics	_provenance.sourceManifest.fighterBirthdates.note	"Canonical fighter name -> date of birth. Feeds the v2 'younger' feature and the v1 age differential/age-decay penalty via src/domain/age, which derives every age from DOB -- at app load for the roster, and at the bout date for a prediction. The integer AGE values in fightersData.js are now used only where no birth date exists here."	"Canonical fighter name -> date of birth. Feeds the v2 'younger' feature and the v1 age differential/age-decay penalty via src/domain/age, which derives every age from DOB -- at app load for the roster, and at the bout date for a prediction. The integer AGE values in fightersData.js are now used only where no birth date exists here."	refresh commit 65f32e1 (intentional final pre-fight capture, user-confirmed authoritative)	preserved byte-for-byte; no recomputation	unchanged intentional August 15 final prediction
1786823062490-fbmbbj	Edson Barboza|Esteban Ribovics	_provenance.sourceManifest.fighterBirthdates.verificationMethod	"Recomputed the join from source while writing this manifest: read 2267 rows from fighters.json, of which 2207 carry a dob matching ^\\d{4}-\\d{2}-\\d{2}$; applied 1 name_aliases.json rewrites; produced 2207 canonical names, and the shipped artifact contains 2207 entries. The generator raises on any canonical name that would receive two DIFFERENT birth dates, so a silent bad join cannot ship. Keys are sorted by UTF-16 code point (not localeCompare), making regeneration byte-identical across machines and ICU builds; the scheduled workflow enforces this with a --check re-run. maxObservedEventDate is null by nature, not by omission: this artifact holds birth dates, which are not event-scoped, so there is no event date it could be current or stale relative to. Its freshness question is coverage, which is the measured count above."	"Recomputed the join from source while writing this manifest: read 2267 rows from fighters.json, of which 2207 carry a dob matching ^\\d{4}-\\d{2}-\\d{2}$; applied 1 name_aliases.json rewrites; produced 2207 canonical names, and the shipped artifact contains 2207 entries. The generator raises on any canonical name that would receive two DIFFERENT birth dates, so a silent bad join cannot ship. Keys are sorted by UTF-16 code point (not localeCompare), making regeneration byte-identical across machines and ICU builds; the scheduled workflow enforces this with a --check re-run. maxObservedEventDate is null by nature, not by omission: this artifact holds birth dates, which are not event-scoped, so there is no event date it could be current or stale relative to. Its freshness question is coverage, which is the measured count above."	refresh commit 65f32e1 (intentional final pre-fight capture, user-confirmed authoritative)	preserved byte-for-byte; no recomputation	unchanged intentional August 15 final prediction
1786823062490-fbmbbj	Edson Barboza|Esteban Ribovics	_provenance.sourceManifest.fightersDataAggregates.contentHash	"51dc68372e9742be8602c43b0a9119ecc3e2c9eb5fa0b3c4a97980ab1e244aad"	"51dc68372e9742be8602c43b0a9119ecc3e2c9eb5fa0b3c4a97980ab1e244aad"	refresh commit 65f32e1 (intentional final pre-fight capture, user-confirmed authoritative)	preserved byte-for-byte; no recomputation	unchanged intentional August 15 final prediction
1786823062490-fbmbbj	Edson Barboza|Esteban Ribovics	_provenance.sourceManifest.fightersDataAggregates.feedsV2	true	true	refresh commit 65f32e1 (intentional final pre-fight capture, user-confirmed authoritative)	preserved byte-for-byte; no recomputation	unchanged intentional August 15 final prediction
1786823062490-fbmbbj	Edson Barboza|Esteban Ribovics	_provenance.sourceManifest.fightersDataAggregates.file	"src/fightersData.js"	"src/fightersData.js"	refresh commit 65f32e1 (intentional final pre-fight capture, user-confirmed authoritative)	preserved byte-for-byte; no recomputation	unchanged intentional August 15 final prediction
1786823062490-fbmbbj	Edson Barboza|Esteban Ribovics	_provenance.sourceManifest.fightersDataAggregates.generatedAt	"2026-08-13"	"2026-08-13"	refresh commit 65f32e1 (intentional final pre-fight capture, user-confirmed authoritative)	preserved byte-for-byte; no recomputation	unchanged intentional August 15 final prediction
1786823062490-fbmbbj	Edson Barboza|Esteban Ribovics	_provenance.sourceManifest.fightersDataAggregates.generatorRequiredInputs	["ufc_fight_results.csv", "ufc_event_details.csv", "ufc_fight_details.csv", "ufc_fight_stats.csv"]	["ufc_fight_results.csv", "ufc_event_details.csv", "ufc_fight_details.csv", "ufc_fight_stats.csv"]	refresh commit 65f32e1 (intentional final pre-fight capture, user-confirmed authoritative)	preserved byte-for-byte; no recomputation	unchanged intentional August 15 final prediction
1786823062490-fbmbbj	Edson Barboza|Esteban Ribovics	_provenance.sourceManifest.fightersDataAggregates.generatorVersion	"update_fighters.py @ 97d2379ea418148c1ce0a21deae0461310914844"	"update_fighters.py @ 97d2379ea418148c1ce0a21deae0461310914844"	refresh commit 65f32e1 (intentional final pre-fight capture, user-confirmed authoritative)	preserved byte-for-byte; no recomputation	unchanged intentional August 15 final prediction
1786823062490-fbmbbj	Edson Barboza|Esteban Ribovics	_provenance.sourceManifest.fightersDataAggregates.maxObservedEventDate	"2026-08-08"	"2026-08-08"	refresh commit 65f32e1 (intentional final pre-fight capture, user-confirmed authoritative)	preserved byte-for-byte; no recomputation	unchanged intentional August 15 final prediction
1786823062490-fbmbbj	Edson Barboza|Esteban Ribovics	_provenance.sourceManifest.fightersDataAggregates.note	"Feeds ASL/ASP/ATL/ATP/ASA (sig_str_landed, sig_str_accuracy, sub_attempts, td_landed, td_accuracy) and TR (rounds) -- the highest-weight non-ELO v2 features."	"Feeds ASL/ASP/ATL/ATP/ASA (sig_str_landed, sig_str_accuracy, sub_attempts, td_landed, td_accuracy) and TR (rounds) -- the highest-weight non-ELO v2 features."	refresh commit 65f32e1 (intentional final pre-fight capture, user-confirmed authoritative)	preserved byte-for-byte; no recomputation	unchanged intentional August 15 final prediction
1786823062490-fbmbbj	Edson Barboza|Esteban Ribovics	_provenance.sourceManifest.fightersDataAggregates.sourceInputs	["ufc_fight_results.csv", "ufc_event_details.csv", "ufc_fight_details.csv", "ufc_fight_stats.csv"]	["ufc_fight_results.csv", "ufc_event_details.csv", "ufc_fight_details.csv", "ufc_fight_stats.csv"]	refresh commit 65f32e1 (intentional final pre-fight capture, user-confirmed authoritative)	preserved byte-for-byte; no recomputation	unchanged intentional August 15 final prediction
1786823062490-fbmbbj	Edson Barboza|Esteban Ribovics	_provenance.sourceManifest.fightersDataAggregates.verificationMethod	"Parsed DATE column of ufc_event_details.csv directly (783 rows); maximum event date found = 2026-08-08. Cross-checked ufc_fight_results.csv, ufc_fight_details.csv, ufc_fight_stats.csv for window-period event names: FOUND (see manual audit). This value is NOT derived from any file mtime, git commit date, or in-file header comment -- see research/source_integrity_audit.md for the original manual methodology this script automates."	"Parsed DATE column of ufc_event_details.csv directly (783 rows); maximum event date found = 2026-08-08. Cross-checked ufc_fight_results.csv, ufc_fight_details.csv, ufc_fight_stats.csv for window-period event names: FOUND (see manual audit). This value is NOT derived from any file mtime, git commit date, or in-file header comment -- see research/source_integrity_audit.md for the original manual methodology this script automates."	refresh commit 65f32e1 (intentional final pre-fight capture, user-confirmed authoritative)	preserved byte-for-byte; no recomputation	unchanged intentional August 15 final prediction
1786823062490-fbmbbj	Edson Barboza|Esteban Ribovics	_provenance.sourceManifest.rankHistory.contentHash	"9a706f356ef41fa68b605dd9c52740dd370eda014dfb747b0cb8bdc6313ba244"	"9a706f356ef41fa68b605dd9c52740dd370eda014dfb747b0cb8bdc6313ba244"	refresh commit 65f32e1 (intentional final pre-fight capture, user-confirmed authoritative)	preserved byte-for-byte; no recomputation	unchanged intentional August 15 final prediction
1786823062490-fbmbbj	Edson Barboza|Esteban Ribovics	_provenance.sourceManifest.rankHistory.feedsV2	false	false	refresh commit 65f32e1 (intentional final pre-fight capture, user-confirmed authoritative)	preserved byte-for-byte; no recomputation	unchanged intentional August 15 final prediction
1786823062490-fbmbbj	Edson Barboza|Esteban Ribovics	_provenance.sourceManifest.rankHistory.file	"src/rankHistory.js"	"src/rankHistory.js"	refresh commit 65f32e1 (intentional final pre-fight capture, user-confirmed authoritative)	preserved byte-for-byte; no recomputation	unchanged intentional August 15 final prediction
1786823062490-fbmbbj	Edson Barboza|Esteban Ribovics	_provenance.sourceManifest.rankHistory.generatedAt	"2026-08-13"	"2026-08-13"	refresh commit 65f32e1 (intentional final pre-fight capture, user-confirmed authoritative)	preserved byte-for-byte; no recomputation	unchanged intentional August 15 final prediction
1786823062490-fbmbbj	Edson Barboza|Esteban Ribovics	_provenance.sourceManifest.rankHistory.generatorVersion	"regen_rankhistory.py (untracked in git -- present on disk, no commit history, no recoverable version)"	"regen_rankhistory.py (untracked in git -- present on disk, no commit history, no recoverable version)"	refresh commit 65f32e1 (intentional final pre-fight capture, user-confirmed authoritative)	preserved byte-for-byte; no recomputation	unchanged intentional August 15 final prediction
1786823062490-fbmbbj	Edson Barboza|Esteban Ribovics	_provenance.sourceManifest.rankHistory.maxObservedEventDate	"2026-03-12"	"2026-03-12"	refresh commit 65f32e1 (intentional final pre-fight capture, user-confirmed authoritative)	preserved byte-for-byte; no recomputation	unchanged intentional August 15 final prediction
1786823062490-fbmbbj	Edson Barboza|Esteban Ribovics	_provenance.sourceManifest.rankHistory.note	"Does not feed MODEL_V2 (no path into computeLogisticProb's 16 features, confirmed in research/source_integrity_audit.md). Tracked here for future model versions that might use it."	"Does not feed MODEL_V2 (no path into computeLogisticProb's 16 features, confirmed in research/source_integrity_audit.md). Tracked here for future model versions that might use it."	refresh commit 65f32e1 (intentional final pre-fight capture, user-confirmed authoritative)	preserved byte-for-byte; no recomputation	unchanged intentional August 15 final prediction
1786823062490-fbmbbj	Edson Barboza|Esteban Ribovics	_provenance.sourceManifest.rankHistory.verificationMethod	"Raw source UFC_rankings_history.csv is not present on disk, so maxObservedEventDate is instead the maximum YYYYMMDD date literally embedded in the shipped rankHistory.js artifact's own HISTORICAL_RANKINGS data -- a defensible proxy (the artifact cannot reflect dates its regeneration process never saw), but distinct from the direct-CSV verification used for the three modules above."	"Raw source UFC_rankings_history.csv is not present on disk, so maxObservedEventDate is instead the maximum YYYYMMDD date literally embedded in the shipped rankHistory.js artifact's own HISTORICAL_RANKINGS data -- a defensible proxy (the artifact cannot reflect dates its regeneration process never saw), but distinct from the direct-CSV verification used for the three modules above."	refresh commit 65f32e1 (intentional final pre-fight capture, user-confirmed authoritative)	preserved byte-for-byte; no recomputation	unchanged intentional August 15 final prediction
1786823062490-fbmbbj	Edson Barboza|Esteban Ribovics	_provenance.sourceManifest.rankings.contentHash	"48524131c5d78b0adc80d83fe27a2ef7c365c124f66eddab11e17487f7df41d0"	"48524131c5d78b0adc80d83fe27a2ef7c365c124f66eddab11e17487f7df41d0"	refresh commit 65f32e1 (intentional final pre-fight capture, user-confirmed authoritative)	preserved byte-for-byte; no recomputation	unchanged intentional August 15 final prediction
1786823062490-fbmbbj	Edson Barboza|Esteban Ribovics	_provenance.sourceManifest.rankings.feedsV2	false	false	refresh commit 65f32e1 (intentional final pre-fight capture, user-confirmed authoritative)	preserved byte-for-byte; no recomputation	unchanged intentional August 15 final prediction
1786823062490-fbmbbj	Edson Barboza|Esteban Ribovics	_provenance.sourceManifest.rankings.file	"src/rankingsData.js"	"src/rankingsData.js"	refresh commit 65f32e1 (intentional final pre-fight capture, user-confirmed authoritative)	preserved byte-for-byte; no recomputation	unchanged intentional August 15 final prediction
1786823062490-fbmbbj	Edson Barboza|Esteban Ribovics	_provenance.sourceManifest.rankings.generatedAt	"2026-08-07T18:49:33Z"	"2026-08-07T18:49:33Z"	refresh commit 65f32e1 (intentional final pre-fight capture, user-confirmed authoritative)	preserved byte-for-byte; no recomputation	unchanged intentional August 15 final prediction
1786823062490-fbmbbj	Edson Barboza|Esteban Ribovics	_provenance.sourceManifest.rankings.generatorVersion	"scripts/update_rankings.py @ 97d2379ea418148c1ce0a21deae0461310914844"	"scripts/update_rankings.py @ 97d2379ea418148c1ce0a21deae0461310914844"	refresh commit 65f32e1 (intentional final pre-fight capture, user-confirmed authoritative)	preserved byte-for-byte; no recomputation	unchanged intentional August 15 final prediction
1786823062490-fbmbbj	Edson Barboza|Esteban Ribovics	_provenance.sourceManifest.rankings.inProductionBundle	true	true	refresh commit 65f32e1 (intentional final pre-fight capture, user-confirmed authoritative)	preserved byte-for-byte; no recomputation	unchanged intentional August 15 final prediction
1786823062490-fbmbbj	Edson Barboza|Esteban Ribovics	_provenance.sourceManifest.rankings.maxObservedEventDate	"2026-08-04"	"2026-08-04"	refresh commit 65f32e1 (intentional final pre-fight capture, user-confirmed authoritative)	preserved byte-for-byte; no recomputation	unchanged intentional August 15 final prediction
1786823062490-fbmbbj	Edson Barboza|Esteban Ribovics	_provenance.sourceManifest.rankings.note	"Current official rankings feed fighter-profile/UI rank badges only. Runtime artifact: this is the only rankings file in the production dependency graph. Historical series live in the separate rankingsHistory module below."	"Current official rankings feed fighter-profile/UI rank badges only. Runtime artifact: this is the only rankings file in the production dependency graph. Historical series live in the separate rankingsHistory module below."	refresh commit 65f32e1 (intentional final pre-fight capture, user-confirmed authoritative)	preserved byte-for-byte; no recomputation	unchanged intentional August 15 final prediction
1786823062490-fbmbbj	Edson Barboza|Esteban Ribovics	_provenance.sourceManifest.rankings.officialSnapshots	["2026-08-01-meta.json", "2026-08-04-media.json"]	["2026-08-01-meta.json", "2026-08-04-media.json"]	refresh commit 65f32e1 (intentional final pre-fight capture, user-confirmed authoritative)	preserved byte-for-byte; no recomputation	unchanged intentional August 15 final prediction
1786823062490-fbmbbj	Edson Barboza|Esteban Ribovics	_provenance.sourceManifest.rankings.verificationMethod	"Read directly from the generated artifacts and the committed history cache, all produced by scripts/update_rankings.py and regenerating byte-identically from the same inputs. upstreamContentSha256 is the SHA-256 of the Kaggle CSV the cache was built from. No git commit date, file mtime, or header comment is consulted, and a missing artifact, cache or snapshot set is a hard failure rather than a silent fallback."	"Read directly from the generated artifacts and the committed history cache, all produced by scripts/update_rankings.py and regenerating byte-identically from the same inputs. upstreamContentSha256 is the SHA-256 of the Kaggle CSV the cache was built from. No git commit date, file mtime, or header comment is consulted, and a missing artifact, cache or snapshot set is a hard failure rather than a silent fallback."	refresh commit 65f32e1 (intentional final pre-fight capture, user-confirmed authoritative)	preserved byte-for-byte; no recomputation	unchanged intentional August 15 final prediction
1786823062490-fbmbbj	Edson Barboza|Esteban Ribovics	_provenance.sourceManifest.rankingsHistory.contentHash	"387363b7f1fda0f51757fd778ff969ce9fffe1d34d3c870437977db5e36003a3"	"387363b7f1fda0f51757fd778ff969ce9fffe1d34d3c870437977db5e36003a3"	refresh commit 65f32e1 (intentional final pre-fight capture, user-confirmed authoritative)	preserved byte-for-byte; no recomputation	unchanged intentional August 15 final prediction
1786823062490-fbmbbj	Edson Barboza|Esteban Ribovics	_provenance.sourceManifest.rankingsHistory.feedsV2	false	false	refresh commit 65f32e1 (intentional final pre-fight capture, user-confirmed authoritative)	preserved byte-for-byte; no recomputation	unchanged intentional August 15 final prediction
1786823062490-fbmbbj	Edson Barboza|Esteban Ribovics	_provenance.sourceManifest.rankingsHistory.file	"src/rankingsHistoryData.js"	"src/rankingsHistoryData.js"	refresh commit 65f32e1 (intentional final pre-fight capture, user-confirmed authoritative)	preserved byte-for-byte; no recomputation	unchanged intentional August 15 final prediction
1786823062490-fbmbbj	Edson Barboza|Esteban Ribovics	_provenance.sourceManifest.rankingsHistory.generatedAt	"2026-08-07T18:49:33Z"	"2026-08-07T18:49:33Z"	refresh commit 65f32e1 (intentional final pre-fight capture, user-confirmed authoritative)	preserved byte-for-byte; no recomputation	unchanged intentional August 15 final prediction
1786823062490-fbmbbj	Edson Barboza|Esteban Ribovics	_provenance.sourceManifest.rankingsHistory.generatorVersion	"scripts/update_rankings.py @ 97d2379ea418148c1ce0a21deae0461310914844"	"scripts/update_rankings.py @ 97d2379ea418148c1ce0a21deae0461310914844"	refresh commit 65f32e1 (intentional final pre-fight capture, user-confirmed authoritative)	preserved byte-for-byte; no recomputation	unchanged intentional August 15 final prediction
1786823062490-fbmbbj	Edson Barboza|Esteban Ribovics	_provenance.sourceManifest.rankingsHistory.historyCacheSha256	"4f245240e2b53ee088d82f861aa0a718aef9f62bf15d62eb434d4628b3b6b3ad"	"4f245240e2b53ee088d82f861aa0a718aef9f62bf15d62eb434d4628b3b6b3ad"	refresh commit 65f32e1 (intentional final pre-fight capture, user-confirmed authoritative)	preserved byte-for-byte; no recomputation	unchanged intentional August 15 final prediction
1786823062490-fbmbbj	Edson Barboza|Esteban Ribovics	_provenance.sourceManifest.rankingsHistory.historyUsedThrough	"2026-06-18"	"2026-06-18"	refresh commit 65f32e1 (intentional final pre-fight capture, user-confirmed authoritative)	preserved byte-for-byte; no recomputation	unchanged intentional August 15 final prediction
1786823062490-fbmbbj	Edson Barboza|Esteban Ribovics	_provenance.sourceManifest.rankingsHistory.inProductionBundle	false	false	refresh commit 65f32e1 (intentional final pre-fight capture, user-confirmed authoritative)	preserved byte-for-byte; no recomputation	unchanged intentional August 15 final prediction
1786823062490-fbmbbj	Edson Barboza|Esteban Ribovics	_provenance.sourceManifest.rankingsHistory.maxObservedEventDate	"2026-08-04"	"2026-08-04"	refresh commit 65f32e1 (intentional final pre-fight capture, user-confirmed authoritative)	preserved byte-for-byte; no recomputation	unchanged intentional August 15 final prediction
1786823062490-fbmbbj	Edson Barboza|Esteban Ribovics	_provenance.sourceManifest.rankingsHistory.note	"Historical divisional rankings. RESEARCH ARTIFACT: no runtime consumer and no model consumer -- neither the deprecated v1 engine nor the frozen 16-feature MODEL_V2. Kept out of the browser bundle; enforced by src/domain/rankings/__tests__/boundary.test.js (import graph) and scripts/verify-bundle.mjs (emitted assets)."	"Historical divisional rankings. RESEARCH ARTIFACT: no runtime consumer and no model consumer -- neither the deprecated v1 engine nor the frozen 16-feature MODEL_V2. Kept out of the browser bundle; enforced by src/domain/rankings/__tests__/boundary.test.js (import graph) and scripts/verify-bundle.mjs (emitted assets)."	refresh commit 65f32e1 (intentional final pre-fight capture, user-confirmed authoritative)	preserved byte-for-byte; no recomputation	unchanged intentional August 15 final prediction
1786823062490-fbmbbj	Edson Barboza|Esteban Ribovics	_provenance.sourceManifest.rankingsHistory.upstreamContentSha256	"2d27b34e64372520e9170cc30f1d1c59e795d046b6726de89db95b9535db9858"	"2d27b34e64372520e9170cc30f1d1c59e795d046b6726de89db95b9535db9858"	refresh commit 65f32e1 (intentional final pre-fight capture, user-confirmed authoritative)	preserved byte-for-byte; no recomputation	unchanged intentional August 15 final prediction
1786823062490-fbmbbj	Edson Barboza|Esteban Ribovics	_provenance.sourceManifest.rankingsHistory.upstreamVersion	49	49	refresh commit 65f32e1 (intentional final pre-fight capture, user-confirmed authoritative)	preserved byte-for-byte; no recomputation	unchanged intentional August 15 final prediction
1786823062490-fbmbbj	Edson Barboza|Esteban Ribovics	_provenance.sourceManifest.rankingsHistory.verificationMethod	"Read directly from the generated artifacts and the committed history cache, all produced by scripts/update_rankings.py and regenerating byte-identically from the same inputs. upstreamContentSha256 is the SHA-256 of the Kaggle CSV the cache was built from. No git commit date, file mtime, or header comment is consulted, and a missing artifact, cache or snapshot set is a hard failure rather than a silent fallback."	"Read directly from the generated artifacts and the committed history cache, all produced by scripts/update_rankings.py and regenerating byte-identically from the same inputs. upstreamContentSha256 is the SHA-256 of the Kaggle CSV the cache was built from. No git commit date, file mtime, or header comment is consulted, and a missing artifact, cache or snapshot set is a hard failure rather than a silent fallback."	refresh commit 65f32e1 (intentional final pre-fight capture, user-confirmed authoritative)	preserved byte-for-byte; no recomputation	unchanged intentional August 15 final prediction
1786823062490-fbmbbj	Edson Barboza|Esteban Ribovics	_provenance.targetEventDate	"2026-08-15"	"2026-08-15"	refresh commit 65f32e1 (intentional final pre-fight capture, user-confirmed authoritative)	preserved byte-for-byte; no recomputation	unchanged intentional August 15 final prediction
1786823062490-fbmbbj	Edson Barboza|Esteban Ribovics	actualFinish	""	""	grading commit 3a67be6	preserved byte-for-byte; no recomputation	preserved legitimate grading
1786823062490-fbmbbj	Edson Barboza|Esteban Ribovics	actualWinner	"Esteban Ribovics"	"Esteban Ribovics"	grading commit 3a67be6	preserved byte-for-byte; no recomputation	preserved legitimate grading
1786823062490-fbmbbj	Edson Barboza|Esteban Ribovics	bestBet	null	null	refresh commit 65f32e1 (intentional final pre-fight capture, user-confirmed authoritative)	preserved byte-for-byte; no recomputation	unchanged intentional August 15 final prediction
1786823062490-fbmbbj	Edson Barboza|Esteban Ribovics	betAction	"NO BET"	"NO BET"	refresh commit 65f32e1 (intentional final pre-fight capture, user-confirmed authoritative)	preserved byte-for-byte; no recomputation	unchanged intentional August 15 final prediction
1786823062490-fbmbbj	Edson Barboza|Esteban Ribovics	betRecommendedFighter	""	""	refresh commit 65f32e1 (intentional final pre-fight capture, user-confirmed authoritative)	preserved byte-for-byte; no recomputation	unchanged intentional August 15 final prediction
1786823062490-fbmbbj	Edson Barboza|Esteban Ribovics	betRecommendedOdds	""	""	refresh commit 65f32e1 (intentional final pre-fight capture, user-confirmed authoritative)	preserved byte-for-byte; no recomputation	unchanged intentional August 15 final prediction
1786823062490-fbmbbj	Edson Barboza|Esteban Ribovics	boutContext.division	"Lightweight"	"Lightweight"	refresh commit 65f32e1 (intentional final pre-fight capture, user-confirmed authoritative)	preserved byte-for-byte; no recomputation	unchanged intentional August 15 final prediction
1786823062490-fbmbbj	Edson Barboza|Esteban Ribovics	boutContext.isTitleBout	false	false	refresh commit 65f32e1 (intentional final pre-fight capture, user-confirmed authoritative)	preserved byte-for-byte; no recomputation	unchanged intentional August 15 final prediction
1786823062490-fbmbbj	Edson Barboza|Esteban Ribovics	boutContext.scheduledRounds	3	3	refresh commit 65f32e1 (intentional final pre-fight capture, user-confirmed authoritative)	preserved byte-for-byte; no recomputation	unchanged intentional August 15 final prediction
1786823062490-fbmbbj	Edson Barboza|Esteban Ribovics	createdAt	"2026-08-15T19:44:22.490Z"	"2026-08-15T19:44:22.490Z"	refresh commit 65f32e1 (intentional final pre-fight capture, user-confirmed authoritative)	preserved byte-for-byte; no recomputation	unchanged intentional August 15 final prediction
1786823062490-fbmbbj	Edson Barboza|Esteban Ribovics	division	"Lightweight"	"Lightweight"	refresh commit 65f32e1 (intentional final pre-fight capture, user-confirmed authoritative)	preserved byte-for-byte; no recomputation	unchanged intentional August 15 final prediction
1786823062490-fbmbbj	Edson Barboza|Esteban Ribovics	edge	-0.19239657006298028	-0.19239657006298028	refresh commit 65f32e1 (intentional final pre-fight capture, user-confirmed authoritative)	preserved byte-for-byte; no recomputation	unchanged intentional August 15 final prediction
1786823062490-fbmbbj	Edson Barboza|Esteban Ribovics	edgeA	0.19239657006298028	0.19239657006298028	refresh commit 65f32e1 (intentional final pre-fight capture, user-confirmed authoritative)	preserved byte-for-byte; no recomputation	unchanged intentional August 15 final prediction
1786823062490-fbmbbj	Edson Barboza|Esteban Ribovics	edgeB	-0.19239657006298028	-0.19239657006298028	refresh commit 65f32e1 (intentional final pre-fight capture, user-confirmed authoritative)	preserved byte-for-byte; no recomputation	unchanged intentional August 15 final prediction
1786823062490-fbmbbj	Edson Barboza|Esteban Ribovics	ev	-25.988179435769183	-25.988179435769183	refresh commit 65f32e1 (intentional final pre-fight capture, user-confirmed authoritative)	preserved byte-for-byte; no recomputation	unchanged intentional August 15 final prediction
1786823062490-fbmbbj	Edson Barboza|Esteban Ribovics	evA	111.43794203778818	111.43794203778818	refresh commit 65f32e1 (intentional final pre-fight capture, user-confirmed authoritative)	preserved byte-for-byte; no recomputation	unchanged intentional August 15 final prediction
1786823062490-fbmbbj	Edson Barboza|Esteban Ribovics	evB	-25.988179435769183	-25.988179435769183	refresh commit 65f32e1 (intentional final pre-fight capture, user-confirmed authoritative)	preserved byte-for-byte; no recomputation	unchanged intentional August 15 final prediction
1786823062490-fbmbbj	Edson Barboza|Esteban Ribovics	eventDate	"2026-08-15"	"2026-08-15"	refresh commit 65f32e1 (intentional final pre-fight capture, user-confirmed authoritative)	preserved byte-for-byte; no recomputation	unchanged intentional August 15 final prediction
1786823062490-fbmbbj	Edson Barboza|Esteban Ribovics	eventName	"UFC 330"	"UFC 330"	refresh commit 65f32e1 (intentional final pre-fight capture, user-confirmed authoritative)	preserved byte-for-byte; no recomputation	unchanged intentional August 15 final prediction
1786823062490-fbmbbj	Edson Barboza|Esteban Ribovics	fairLine	"-184"	"-184"	refresh commit 65f32e1 (intentional final pre-fight capture, user-confirmed authoritative)	preserved byte-for-byte; no recomputation	unchanged intentional August 15 final prediction
1786823062490-fbmbbj	Edson Barboza|Esteban Ribovics	fairLineA	"+184"	"+184"	refresh commit 65f32e1 (intentional final pre-fight capture, user-confirmed authoritative)	preserved byte-for-byte; no recomputation	unchanged intentional August 15 final prediction
1786823062490-fbmbbj	Edson Barboza|Esteban Ribovics	fairLineB	"-184"	"-184"	refresh commit 65f32e1 (intentional final pre-fight capture, user-confirmed authoritative)	preserved byte-for-byte; no recomputation	unchanged intentional August 15 final prediction
1786823062490-fbmbbj	Edson Barboza|Esteban Ribovics	fighterA	"Edson Barboza"	"Edson Barboza"	refresh commit 65f32e1 (intentional final pre-fight capture, user-confirmed authoritative)	preserved byte-for-byte; no recomputation	unchanged intentional August 15 final prediction
1786823062490-fbmbbj	Edson Barboza|Esteban Ribovics	fighterAIsProspect	false	false	refresh commit 65f32e1 (intentional final pre-fight capture, user-confirmed authoritative)	preserved byte-for-byte; no recomputation	unchanged intentional August 15 final prediction
1786823062490-fbmbbj	Edson Barboza|Esteban Ribovics	fighterAProb	0.3781608731859632	0.3781608731859632	refresh commit 65f32e1 (intentional final pre-fight capture, user-confirmed authoritative)	preserved byte-for-byte; no recomputation	unchanged intentional August 15 final prediction
1786823062490-fbmbbj	Edson Barboza|Esteban Ribovics	fighterB	"Esteban Ribovics"	"Esteban Ribovics"	refresh commit 65f32e1 (intentional final pre-fight capture, user-confirmed authoritative)	preserved byte-for-byte; no recomputation	unchanged intentional August 15 final prediction
1786823062490-fbmbbj	Edson Barboza|Esteban Ribovics	fighterBIsProspect	false	false	refresh commit 65f32e1 (intentional final pre-fight capture, user-confirmed authoritative)	preserved byte-for-byte; no recomputation	unchanged intentional August 15 final prediction
1786823062490-fbmbbj	Edson Barboza|Esteban Ribovics	fighterBProb	0.6218391268140369	0.6218391268140369	refresh commit 65f32e1 (intentional final pre-fight capture, user-confirmed authoritative)	preserved byte-for-byte; no recomputation	unchanged intentional August 15 final prediction
1786823062490-fbmbbj	Edson Barboza|Esteban Ribovics	id	"1786823062490-fbmbbj"	"1786823062490-fbmbbj"	refresh commit 65f32e1 (intentional final pre-fight capture, user-confirmed authoritative)	preserved byte-for-byte; no recomputation	unchanged intentional August 15 final prediction
1786823062490-fbmbbj	Edson Barboza|Esteban Ribovics	includesProspect	false	false	refresh commit 65f32e1 (intentional final pre-fight capture, user-confirmed authoritative)	preserved byte-for-byte; no recomputation	unchanged intentional August 15 final prediction
1786823062490-fbmbbj	Edson Barboza|Esteban Ribovics	kelly	0	0	refresh commit 65f32e1 (intentional final pre-fight capture, user-confirmed authoritative)	preserved byte-for-byte; no recomputation	unchanged intentional August 15 final prediction
1786823062490-fbmbbj	Edson Barboza|Esteban Ribovics	kellyA	0.22287588407557632	0.22287588407557632	refresh commit 65f32e1 (intentional final pre-fight capture, user-confirmed authoritative)	preserved byte-for-byte; no recomputation	unchanged intentional August 15 final prediction
1786823062490-fbmbbj	Edson Barboza|Esteban Ribovics	kellyB	0	0	refresh commit 65f32e1 (intentional final pre-fight capture, user-confirmed authoritative)	preserved byte-for-byte; no recomputation	unchanged intentional August 15 final prediction
1786823062490-fbmbbj	Edson Barboza|Esteban Ribovics	marketOdds	"-700"	"-700"	refresh commit 65f32e1 (intentional final pre-fight capture, user-confirmed authoritative)	preserved byte-for-byte; no recomputation	unchanged intentional August 15 final prediction
1786823062490-fbmbbj	Edson Barboza|Esteban Ribovics	modelUsed	"v2"	"v2"	refresh commit 65f32e1 (intentional final pre-fight capture, user-confirmed authoritative)	preserved byte-for-byte; no recomputation	unchanged intentional August 15 final prediction
1786823062490-fbmbbj	Edson Barboza|Esteban Ribovics	notes	""	""	refresh commit 65f32e1 (intentional final pre-fight capture, user-confirmed authoritative)	preserved byte-for-byte; no recomputation	unchanged intentional August 15 final prediction
1786823062490-fbmbbj	Edson Barboza|Esteban Ribovics	oddsA	"+500"	"+500"	refresh commit 65f32e1 (intentional final pre-fight capture, user-confirmed authoritative)	preserved byte-for-byte; no recomputation	unchanged intentional August 15 final prediction
1786823062490-fbmbbj	Edson Barboza|Esteban Ribovics	oddsB	"-700"	"-700"	refresh commit 65f32e1 (intentional final pre-fight capture, user-confirmed authoritative)	preserved byte-for-byte; no recomputation	unchanged intentional August 15 final prediction
1786823062490-fbmbbj	Edson Barboza|Esteban Ribovics	predictedProb	0.6218391268140369	0.6218391268140369	refresh commit 65f32e1 (intentional final pre-fight capture, user-confirmed authoritative)	preserved byte-for-byte; no recomputation	unchanged intentional August 15 final prediction
1786823062490-fbmbbj	Edson Barboza|Esteban Ribovics	predictedWinner	"Esteban Ribovics"	"Esteban Ribovics"	refresh commit 65f32e1 (intentional final pre-fight capture, user-confirmed authoritative)	preserved byte-for-byte; no recomputation	unchanged intentional August 15 final prediction
1786823062490-fbmbbj	Edson Barboza|Esteban Ribovics	projectedDEC	64	64	refresh commit 65f32e1 (intentional final pre-fight capture, user-confirmed authoritative)	preserved byte-for-byte; no recomputation	unchanged intentional August 15 final prediction
1786823062490-fbmbbj	Edson Barboza|Esteban Ribovics	projectedFinish	"DEC"	"DEC"	refresh commit 65f32e1 (intentional final pre-fight capture, user-confirmed authoritative)	preserved byte-for-byte; no recomputation	unchanged intentional August 15 final prediction
1786823062490-fbmbbj	Edson Barboza|Esteban Ribovics	projectedKO	31	31	refresh commit 65f32e1 (intentional final pre-fight capture, user-confirmed authoritative)	preserved byte-for-byte; no recomputation	unchanged intentional August 15 final prediction
1786823062490-fbmbbj	Edson Barboza|Esteban Ribovics	projectedSUB	5	5	refresh commit 65f32e1 (intentional final pre-fight capture, user-confirmed authoritative)	preserved byte-for-byte; no recomputation	unchanged intentional August 15 final prediction
1786823062490-fbmbbj	Edson Barboza|Esteban Ribovics	trackedProb	0.6476034299370197	0.6476034299370197	refresh commit 65f32e1 (intentional final pre-fight capture, user-confirmed authoritative)	preserved byte-for-byte; no recomputation	unchanged intentional August 15 final prediction
1786823062490-fbmbbj	Edson Barboza|Esteban Ribovics	trackedSide	"Esteban Ribovics"	"Esteban Ribovics"	refresh commit 65f32e1 (intentional final pre-fight capture, user-confirmed authoritative)	preserved byte-for-byte; no recomputation	unchanged intentional August 15 final prediction
1786823062490-fbmbbj	Edson Barboza|Esteban Ribovics	v2pA	0.35239657006298025	0.35239657006298025	refresh commit 65f32e1 (intentional final pre-fight capture, user-confirmed authoritative)	preserved byte-for-byte; no recomputation	unchanged intentional August 15 final prediction
1786823062490-fbmbbj	Edson Barboza|Esteban Ribovics	v2pB	0.6476034299370197	0.6476034299370197	refresh commit 65f32e1 (intentional final pre-fight capture, user-confirmed authoritative)	preserved byte-for-byte; no recomputation	unchanged intentional August 15 final prediction
1786823040114-fo1k6b	Chidi Njokuani|Joel Alvarez	boutContext.provenance.sourceUrl	null	"https://www.ufc.com/news/official-weigh-results-ufc-330-makhachev-vs-machado-garry"	src/upcomingData.js @ 1adfd22 (official UFC 330 weigh-in page, retrievedAt 2026-08-14)	official bout-metadata provenance nulled by 65f32e1; restored verbatim from its authoritative source	restored official provenance
1786823040114-fo1k6b	Chidi Njokuani|Joel Alvarez	boutContext.provenance.retrievedAt	null	"2026-08-14"	src/upcomingData.js @ 1adfd22 (official UFC 330 weigh-in page, retrievedAt 2026-08-14)	official bout-metadata provenance nulled by 65f32e1; restored verbatim from its authoritative source	restored official provenance
1786823040114-fo1k6b	Chidi Njokuani|Joel Alvarez	boutContext.provenance.authority	null	"official"	src/upcomingData.js @ 1adfd22 (official UFC 330 weigh-in page, retrievedAt 2026-08-14)	official bout-metadata provenance nulled by 65f32e1; restored verbatim from its authoritative source	restored official provenance
1786823040114-fo1k6b	Chidi Njokuani|Joel Alvarez	_provenance.boutContext.division	"Welterweight"	<removed>	n/a - field absent from all 168 non-UFC330 ROI records	accidental duplicate grafted by 65f32e1; not part of the established schema	removal of accidental duplicated provenance structure
1786823040114-fo1k6b	Chidi Njokuani|Joel Alvarez	_provenance.boutContext.isTitleBout	false	<removed>	n/a - field absent from all 168 non-UFC330 ROI records	accidental duplicate grafted by 65f32e1; not part of the established schema	removal of accidental duplicated provenance structure
1786823040114-fo1k6b	Chidi Njokuani|Joel Alvarez	_provenance.boutContext.provenance	null	<removed>	n/a - field absent from all 168 non-UFC330 ROI records	accidental duplicate grafted by 65f32e1; not part of the established schema	removal of accidental duplicated provenance structure
1786823040114-fo1k6b	Chidi Njokuani|Joel Alvarez	_provenance.boutContext.scheduledRounds	3	<removed>	n/a - field absent from all 168 non-UFC330 ROI records	accidental duplicate grafted by 65f32e1; not part of the established schema	removal of accidental duplicated provenance structure
1786823040114-fo1k6b	Chidi Njokuani|Joel Alvarez	unitsWagered	1	1	user decision 2026-08-17 (explicit, final)	user-ratified: both NO BET records store 1; already 1 in ROI, asserted not inferred	user-ratified unitsWagered: 1
1786823040114-fo1k6b	Chidi Njokuani|Joel Alvarez	_provenance.captureMode	"live"	"live"	refresh commit 65f32e1 (intentional final pre-fight capture, user-confirmed authoritative)	preserved byte-for-byte; no recomputation	unchanged intentional August 15 final prediction
1786823040114-fo1k6b	Chidi Njokuani|Joel Alvarez	_provenance.featureVector.v1.age_dif	-0.9302325581395349	-0.9302325581395349	refresh commit 65f32e1 (intentional final pre-fight capture, user-confirmed authoritative)	preserved byte-for-byte; no recomputation	unchanged intentional August 15 final prediction
1786823040114-fo1k6b	Chidi Njokuani|Joel Alvarez	_provenance.featureVector.v1.atd_dif	1.866666666666667	1.866666666666667	refresh commit 65f32e1 (intentional final pre-fight capture, user-confirmed authoritative)	preserved byte-for-byte; no recomputation	unchanged intentional August 15 final prediction
1786823040114-fo1k6b	Chidi Njokuani|Joel Alvarez	_provenance.featureVector.v1.avg_sig_str_pct_dif	0.3179999999999983	0.3179999999999983	refresh commit 65f32e1 (intentional final pre-fight capture, user-confirmed authoritative)	preserved byte-for-byte; no recomputation	unchanged intentional August 15 final prediction
1786823040114-fo1k6b	Chidi Njokuani|Joel Alvarez	_provenance.featureVector.v1.avg_sub_att_dif	-1.2571428571428573	-1.2571428571428573	refresh commit 65f32e1 (intentional final pre-fight capture, user-confirmed authoritative)	preserved byte-for-byte; no recomputation	unchanged intentional August 15 final prediction
1786823040114-fo1k6b	Chidi Njokuani|Joel Alvarez	_provenance.featureVector.v1.avg_td_dif	-0.1285714285714286	-0.1285714285714286	refresh commit 65f32e1 (intentional final pre-fight capture, user-confirmed authoritative)	preserved byte-for-byte; no recomputation	unchanged intentional August 15 final prediction
1786823040114-fo1k6b	Chidi Njokuani|Joel Alvarez	_provenance.featureVector.v1.avg_td_pct_dif	-1.434782608695652	-1.434782608695652	refresh commit 65f32e1 (intentional final pre-fight capture, user-confirmed authoritative)	preserved byte-for-byte; no recomputation	unchanged intentional August 15 final prediction
1786823040114-fo1k6b	Chidi Njokuani|Joel Alvarez	_provenance.featureVector.v1.cardio_dif	2.7120833333333336	2.7120833333333336	refresh commit 65f32e1 (intentional final pre-fight capture, user-confirmed authoritative)	preserved byte-for-byte; no recomputation	unchanged intentional August 15 final prediction
1786823040114-fo1k6b	Chidi Njokuani|Joel Alvarez	_provenance.featureVector.v1.control_time_dif	-0.19444444444444445	-0.19444444444444445	refresh commit 65f32e1 (intentional final pre-fight capture, user-confirmed authoritative)	preserved byte-for-byte; no recomputation	unchanged intentional August 15 final prediction
1786823040114-fo1k6b	Chidi Njokuani|Joel Alvarez	_provenance.featureVector.v1.deep_round_dif	0.058823529411764705	0.058823529411764705	refresh commit 65f32e1 (intentional final pre-fight capture, user-confirmed authoritative)	preserved byte-for-byte; no recomputation	unchanged intentional August 15 final prediction
1786823040114-fo1k6b	Chidi Njokuani|Joel Alvarez	_provenance.featureVector.v1.elo_dif	-3.4274193548387095	-3.4274193548387095	refresh commit 65f32e1 (intentional final pre-fight capture, user-confirmed authoritative)	preserved byte-for-byte; no recomputation	unchanged intentional August 15 final prediction
1786823040114-fo1k6b	Chidi Njokuani|Joel Alvarez	_provenance.featureVector.v1.height_dif	0	0	refresh commit 65f32e1 (intentional final pre-fight capture, user-confirmed authoritative)	preserved byte-for-byte; no recomputation	unchanged intentional August 15 final prediction
1786823040114-fo1k6b	Chidi Njokuani|Joel Alvarez	_provenance.featureVector.v1.kd_dif	-0.3240000000000001	-0.3240000000000001	refresh commit 65f32e1 (intentional final pre-fight capture, user-confirmed authoritative)	preserved byte-for-byte; no recomputation	unchanged intentional August 15 final prediction
1786823040114-fo1k6b	Chidi Njokuani|Joel Alvarez	_provenance.featureVector.v1.ko_dif	-0.5	-0.5	refresh commit 65f32e1 (intentional final pre-fight capture, user-confirmed authoritative)	preserved byte-for-byte; no recomputation	unchanged intentional August 15 final prediction
1786823040114-fo1k6b	Chidi Njokuani|Joel Alvarez	_provenance.featureVector.v1.layoff_dif	-0.385	-0.385	refresh commit 65f32e1 (intentional final pre-fight capture, user-confirmed authoritative)	preserved byte-for-byte; no recomputation	unchanged intentional August 15 final prediction
1786823040114-fo1k6b	Chidi Njokuani|Joel Alvarez	_provenance.featureVector.v1.lose_streak_dif	-1	-1	refresh commit 65f32e1 (intentional final pre-fight capture, user-confirmed authoritative)	preserved byte-for-byte; no recomputation	unchanged intentional August 15 final prediction
1786823040114-fo1k6b	Chidi Njokuani|Joel Alvarez	_provenance.featureVector.v1.loss_dif	-0.7407407407407407	-0.7407407407407407	refresh commit 65f32e1 (intentional final pre-fight capture, user-confirmed authoritative)	preserved byte-for-byte; no recomputation	unchanged intentional August 15 final prediction
1786823040114-fo1k6b	Chidi Njokuani|Joel Alvarez	_provenance.featureVector.v1.peak_elo_dif	-2.4363636363636365	-2.4363636363636365	refresh commit 65f32e1 (intentional final pre-fight capture, user-confirmed authoritative)	preserved byte-for-byte; no recomputation	unchanged intentional August 15 final prediction
1786823040114-fo1k6b	Chidi Njokuani|Joel Alvarez	_provenance.featureVector.v1.rank_tier_dif	0	0	refresh commit 65f32e1 (intentional final pre-fight capture, user-confirmed authoritative)	preserved byte-for-byte; no recomputation	unchanged intentional August 15 final prediction
1786823040114-fo1k6b	Chidi Njokuani|Joel Alvarez	_provenance.featureVector.v1.reach_dif	0.27777777777777773	0.27777777777777773	refresh commit 65f32e1 (intentional final pre-fight capture, user-confirmed authoritative)	preserved byte-for-byte; no recomputation	unchanged intentional August 15 final prediction
1786823040114-fo1k6b	Chidi Njokuani|Joel Alvarez	_provenance.featureVector.v1.sig_str_dif	0.04198101265822782	0.04198101265822782	refresh commit 65f32e1 (intentional final pre-fight capture, user-confirmed authoritative)	preserved byte-for-byte; no recomputation	unchanged intentional August 15 final prediction
1786823040114-fo1k6b	Chidi Njokuani|Joel Alvarez	_provenance.featureVector.v1.sub_dif	-2.142857142857143	-2.142857142857143	refresh commit 65f32e1 (intentional final pre-fight capture, user-confirmed authoritative)	preserved byte-for-byte; no recomputation	unchanged intentional August 15 final prediction
1786823040114-fo1k6b	Chidi Njokuani|Joel Alvarez	_provenance.featureVector.v1.total_round_dif	-0.058823529411764705	-0.058823529411764705	refresh commit 65f32e1 (intentional final pre-fight capture, user-confirmed authoritative)	preserved byte-for-byte; no recomputation	unchanged intentional August 15 final prediction
1786823040114-fo1k6b	Chidi Njokuani|Joel Alvarez	_provenance.featureVector.v1.total_title_bout_dif	0	0	refresh commit 65f32e1 (intentional final pre-fight capture, user-confirmed authoritative)	preserved byte-for-byte; no recomputation	unchanged intentional August 15 final prediction
1786823040114-fo1k6b	Chidi Njokuani|Joel Alvarez	_provenance.featureVector.v1.ufc_fight_count_dif	-0.125	-0.125	refresh commit 65f32e1 (intentional final pre-fight capture, user-confirmed authoritative)	preserved byte-for-byte; no recomputation	unchanged intentional August 15 final prediction
1786823040114-fo1k6b	Chidi Njokuani|Joel Alvarez	_provenance.featureVector.v1.win_dif	-0.6818181818181818	-0.6818181818181818	refresh commit 65f32e1 (intentional final pre-fight capture, user-confirmed authoritative)	preserved byte-for-byte; no recomputation	unchanged intentional August 15 final prediction
1786823040114-fo1k6b	Chidi Njokuani|Joel Alvarez	_provenance.featureVector.v1.win_streak_dif	0	0	refresh commit 65f32e1 (intentional final pre-fight capture, user-confirmed authoritative)	preserved byte-for-byte; no recomputation	unchanged intentional August 15 final prediction
1786823040114-fo1k6b	Chidi Njokuani|Joel Alvarez	_provenance.featureVector.v2.elo	-1.7	-1.7	refresh commit 65f32e1 (intentional final pre-fight capture, user-confirmed authoritative)	preserved byte-for-byte; no recomputation	unchanged intentional August 15 final prediction
1786823040114-fo1k6b	Chidi Njokuani|Joel Alvarez	_provenance.featureVector.v2.height	0	0	refresh commit 65f32e1 (intentional final pre-fight capture, user-confirmed authoritative)	preserved byte-for-byte; no recomputation	unchanged intentional August 15 final prediction
1786823040114-fo1k6b	Chidi Njokuani|Joel Alvarez	_provenance.featureVector.v2.ko_wins	-1	-1	refresh commit 65f32e1 (intentional final pre-fight capture, user-confirmed authoritative)	preserved byte-for-byte; no recomputation	unchanged intentional August 15 final prediction
1786823040114-fo1k6b	Chidi Njokuani|Joel Alvarez	_provenance.featureVector.v2.losses	-2	-2	refresh commit 65f32e1 (intentional final pre-fight capture, user-confirmed authoritative)	preserved byte-for-byte; no recomputation	unchanged intentional August 15 final prediction
1786823040114-fo1k6b	Chidi Njokuani|Joel Alvarez	_provenance.featureVector.v2.modern_form	-0.19452134646204589	-0.19452134646204589	refresh commit 65f32e1 (intentional final pre-fight capture, user-confirmed authoritative)	preserved byte-for-byte; no recomputation	unchanged intentional August 15 final prediction
1786823040114-fo1k6b	Chidi Njokuani|Joel Alvarez	_provenance.featureVector.v2.reach	3	3	refresh commit 65f32e1 (intentional final pre-fight capture, user-confirmed authoritative)	preserved byte-for-byte; no recomputation	unchanged intentional August 15 final prediction
1786823040114-fo1k6b	Chidi Njokuani|Joel Alvarez	_provenance.featureVector.v2.rounds	-1	-1	refresh commit 65f32e1 (intentional final pre-fight capture, user-confirmed authoritative)	preserved byte-for-byte; no recomputation	unchanged intentional August 15 final prediction
1786823040114-fo1k6b	Chidi Njokuani|Joel Alvarez	_provenance.featureVector.v2.sig_str_accuracy	0.03179999999999983	0.03179999999999983	refresh commit 65f32e1 (intentional final pre-fight capture, user-confirmed authoritative)	preserved byte-for-byte; no recomputation	unchanged intentional August 15 final prediction
1786823040114-fo1k6b	Chidi Njokuani|Joel Alvarez	_provenance.featureVector.v2.sig_str_landed	0.6632999999999996	0.6632999999999996	refresh commit 65f32e1 (intentional final pre-fight capture, user-confirmed authoritative)	preserved byte-for-byte; no recomputation	unchanged intentional August 15 final prediction
1786823040114-fo1k6b	Chidi Njokuani|Joel Alvarez	_provenance.featureVector.v2.sub_attempts	-0.8800000000000001	-0.8800000000000001	refresh commit 65f32e1 (intentional final pre-fight capture, user-confirmed authoritative)	preserved byte-for-byte; no recomputation	unchanged intentional August 15 final prediction
1786823040114-fo1k6b	Chidi Njokuani|Joel Alvarez	_provenance.featureVector.v2.sub_wins	-3	-3	refresh commit 65f32e1 (intentional final pre-fight capture, user-confirmed authoritative)	preserved byte-for-byte; no recomputation	unchanged intentional August 15 final prediction
1786823040114-fo1k6b	Chidi Njokuani|Joel Alvarez	_provenance.featureVector.v2.td_accuracy	-0.33	-0.33	refresh commit 65f32e1 (intentional final pre-fight capture, user-confirmed authoritative)	preserved byte-for-byte; no recomputation	unchanged intentional August 15 final prediction
1786823040114-fo1k6b	Chidi Njokuani|Joel Alvarez	_provenance.featureVector.v2.td_landed	-0.18	-0.18	refresh commit 65f32e1 (intentional final pre-fight capture, user-confirmed authoritative)	preserved byte-for-byte; no recomputation	unchanged intentional August 15 final prediction
1786823040114-fo1k6b	Chidi Njokuani|Joel Alvarez	_provenance.featureVector.v2.title_bouts	0	0	refresh commit 65f32e1 (intentional final pre-fight capture, user-confirmed authoritative)	preserved byte-for-byte; no recomputation	unchanged intentional August 15 final prediction
1786823040114-fo1k6b	Chidi Njokuani|Joel Alvarez	_provenance.featureVector.v2.wins	-3	-3	refresh commit 65f32e1 (intentional final pre-fight capture, user-confirmed authoritative)	preserved byte-for-byte; no recomputation	unchanged intentional August 15 final prediction
1786823040114-fo1k6b	Chidi Njokuani|Joel Alvarez	_provenance.featureVector.v2.younger	-4	-4	refresh commit 65f32e1 (intentional final pre-fight capture, user-confirmed authoritative)	preserved byte-for-byte; no recomputation	unchanged intentional August 15 final prediction
1786823040114-fo1k6b	Chidi Njokuani|Joel Alvarez	_provenance.fightHistoryCutoff.fighterA	"2026-02-21"	"2026-02-21"	refresh commit 65f32e1 (intentional final pre-fight capture, user-confirmed authoritative)	preserved byte-for-byte; no recomputation	unchanged intentional August 15 final prediction
1786823040114-fo1k6b	Chidi Njokuani|Joel Alvarez	_provenance.fightHistoryCutoff.fighterB	"2026-05-09"	"2026-05-09"	refresh commit 65f32e1 (intentional final pre-fight capture, user-confirmed authoritative)	preserved byte-for-byte; no recomputation	unchanged intentional August 15 final prediction
1786823040114-fo1k6b	Chidi Njokuani|Joel Alvarez	_provenance.frozenTier	"NO BET"	"NO BET"	refresh commit 65f32e1 (intentional final pre-fight capture, user-confirmed authoritative)	preserved byte-for-byte; no recomputation	unchanged intentional August 15 final prediction
1786823040114-fo1k6b	Chidi Njokuani|Joel Alvarez	_provenance.modelCoefHash	"256f866e"	"256f866e"	refresh commit 65f32e1 (intentional final pre-fight capture, user-confirmed authoritative)	preserved byte-for-byte; no recomputation	unchanged intentional August 15 final prediction
1786823040114-fo1k6b	Chidi Njokuani|Joel Alvarez	_provenance.modelVersion	"logistic_v2.0_20260709"	"logistic_v2.0_20260709"	refresh commit 65f32e1 (intentional final pre-fight capture, user-confirmed authoritative)	preserved byte-for-byte; no recomputation	unchanged intentional August 15 final prediction
1786823040114-fo1k6b	Chidi Njokuani|Joel Alvarez	_provenance.predictionTimestamp	"2026-08-15T19:44:00.114Z"	"2026-08-15T19:44:00.114Z"	refresh commit 65f32e1 (intentional final pre-fight capture, user-confirmed authoritative)	preserved byte-for-byte; no recomputation	unchanged intentional August 15 final prediction
1786823040114-fo1k6b	Chidi Njokuani|Joel Alvarez	_provenance.sourceManifest.cardio.contentHash	"7025f1f440bbf01c15731cc40e65521e50635902ee482536cd07a412738b788c"	"7025f1f440bbf01c15731cc40e65521e50635902ee482536cd07a412738b788c"	refresh commit 65f32e1 (intentional final pre-fight capture, user-confirmed authoritative)	preserved byte-for-byte; no recomputation	unchanged intentional August 15 final prediction
1786823040114-fo1k6b	Chidi Njokuani|Joel Alvarez	_provenance.sourceManifest.cardio.feedsV2	false	false	refresh commit 65f32e1 (intentional final pre-fight capture, user-confirmed authoritative)	preserved byte-for-byte; no recomputation	unchanged intentional August 15 final prediction
1786823040114-fo1k6b	Chidi Njokuani|Joel Alvarez	_provenance.sourceManifest.cardio.file	"src/cardioModule.js"	"src/cardioModule.js"	refresh commit 65f32e1 (intentional final pre-fight capture, user-confirmed authoritative)	preserved byte-for-byte; no recomputation	unchanged intentional August 15 final prediction
1786823040114-fo1k6b	Chidi Njokuani|Joel Alvarez	_provenance.sourceManifest.cardio.generatedAt	"2026-08-13"	"2026-08-13"	refresh commit 65f32e1 (intentional final pre-fight capture, user-confirmed authoritative)	preserved byte-for-byte; no recomputation	unchanged intentional August 15 final prediction
1786823040114-fo1k6b	Chidi Njokuani|Joel Alvarez	_provenance.sourceManifest.cardio.generatorVersion	"unavailable -- no cardio-generation script found in repo"	"unavailable -- no cardio-generation script found in repo"	refresh commit 65f32e1 (intentional final pre-fight capture, user-confirmed authoritative)	preserved byte-for-byte; no recomputation	unchanged intentional August 15 final prediction
1786823040114-fo1k6b	Chidi Njokuani|Joel Alvarez	_provenance.sourceManifest.cardio.maxObservedEventDate	null	null	refresh commit 65f32e1 (intentional final pre-fight capture, user-confirmed authoritative)	preserved byte-for-byte; no recomputation	unchanged intentional August 15 final prediction
1786823040114-fo1k6b	Chidi Njokuani|Joel Alvarez	_provenance.sourceManifest.cardio.note	"Does not feed MODEL_V2 (no path into computeLogisticProb's 16 features, confirmed in research/source_integrity_audit.md). Tracked here for future model versions that might use it."	"Does not feed MODEL_V2 (no path into computeLogisticProb's 16 features, confirmed in research/source_integrity_audit.md). Tracked here for future model versions that might use it."	refresh commit 65f32e1 (intentional final pre-fight capture, user-confirmed authoritative)	preserved byte-for-byte; no recomputation	unchanged intentional August 15 final prediction
1786823040114-fo1k6b	Chidi Njokuani|Joel Alvarez	_provenance.sourceManifest.cardio.verificationMethod	"INDETERMINATE: no generator script present in the repository, and no per-fighter date field is embedded in the shipped artifact itself, so maxObservedEventDate cannot be independently verified the way the Greco-CSV-backed modules above were. The file's own header comment self-reports \"fetched 2026-04-14\" -- this is NOT independently verified and should not be treated as authoritative."	"INDETERMINATE: no generator script present in the repository, and no per-fighter date field is embedded in the shipped artifact itself, so maxObservedEventDate cannot be independently verified the way the Greco-CSV-backed modules above were. The file's own header comment self-reports \"fetched 2026-04-14\" -- this is NOT independently verified and should not be treated as authoritative."	refresh commit 65f32e1 (intentional final pre-fight capture, user-confirmed authoritative)	preserved byte-for-byte; no recomputation	unchanged intentional August 15 final prediction
1786823040114-fo1k6b	Chidi Njokuani|Joel Alvarez	_provenance.sourceManifest.elo.contentHash	"0cb60aee84bb6b2b40b2cb476c44e734f9706a96942246d022d285ebe80aa35d"	"0cb60aee84bb6b2b40b2cb476c44e734f9706a96942246d022d285ebe80aa35d"	refresh commit 65f32e1 (intentional final pre-fight capture, user-confirmed authoritative)	preserved byte-for-byte; no recomputation	unchanged intentional August 15 final prediction
1786823040114-fo1k6b	Chidi Njokuani|Joel Alvarez	_provenance.sourceManifest.elo.feedsV2	true	true	refresh commit 65f32e1 (intentional final pre-fight capture, user-confirmed authoritative)	preserved byte-for-byte; no recomputation	unchanged intentional August 15 final prediction
1786823040114-fo1k6b	Chidi Njokuani|Joel Alvarez	_provenance.sourceManifest.elo.file	"src/eloModule.js"	"src/eloModule.js"	refresh commit 65f32e1 (intentional final pre-fight capture, user-confirmed authoritative)	preserved byte-for-byte; no recomputation	unchanged intentional August 15 final prediction
1786823040114-fo1k6b	Chidi Njokuani|Joel Alvarez	_provenance.sourceManifest.elo.generatedAt	"2026-08-13"	"2026-08-13"	refresh commit 65f32e1 (intentional final pre-fight capture, user-confirmed authoritative)	preserved byte-for-byte; no recomputation	unchanged intentional August 15 final prediction
1786823040114-fo1k6b	Chidi Njokuani|Joel Alvarez	_provenance.sourceManifest.elo.generatorRequiredInputs	["ufc_fight_results.csv", "ufc_event_details.csv"]	["ufc_fight_results.csv", "ufc_event_details.csv"]	refresh commit 65f32e1 (intentional final pre-fight capture, user-confirmed authoritative)	preserved byte-for-byte; no recomputation	unchanged intentional August 15 final prediction
1786823040114-fo1k6b	Chidi Njokuani|Joel Alvarez	_provenance.sourceManifest.elo.generatorVersion	"regen_elo.py @ 97d2379ea418148c1ce0a21deae0461310914844"	"regen_elo.py @ 97d2379ea418148c1ce0a21deae0461310914844"	refresh commit 65f32e1 (intentional final pre-fight capture, user-confirmed authoritative)	preserved byte-for-byte; no recomputation	unchanged intentional August 15 final prediction
1786823040114-fo1k6b	Chidi Njokuani|Joel Alvarez	_provenance.sourceManifest.elo.maxObservedEventDate	"2026-08-08"	"2026-08-08"	refresh commit 65f32e1 (intentional final pre-fight capture, user-confirmed authoritative)	preserved byte-for-byte; no recomputation	unchanged intentional August 15 final prediction
1786823040114-fo1k6b	Chidi Njokuani|Joel Alvarez	_provenance.sourceManifest.elo.sourceInputs	["ufc_fight_results.csv", "ufc_event_details.csv"]	["ufc_fight_results.csv", "ufc_event_details.csv"]	refresh commit 65f32e1 (intentional final pre-fight capture, user-confirmed authoritative)	preserved byte-for-byte; no recomputation	unchanged intentional August 15 final prediction
1786823040114-fo1k6b	Chidi Njokuani|Joel Alvarez	_provenance.sourceManifest.elo.verificationMethod	"Parsed DATE column of ufc_event_details.csv directly (783 rows); maximum event date found = 2026-08-08. Cross-checked ufc_fight_results.csv, ufc_fight_details.csv, ufc_fight_stats.csv for window-period event names: FOUND (see manual audit). This value is NOT derived from any file mtime, git commit date, or in-file header comment -- see research/source_integrity_audit.md for the original manual methodology this script automates. NOTE: eloModule.js's own header comment claims coverage \"through Jul 2026\" -- this is misleading relative to the verified underlying data and should not be trusted; regen_elo.py reads only ufc_fight_results.csv + ufc_event_details.csv. Unlike ELO, the fighter aggregate updater also requires ufc_fight_details.csv and ufc_fight_stats.csv."	"Parsed DATE column of ufc_event_details.csv directly (783 rows); maximum event date found = 2026-08-08. Cross-checked ufc_fight_results.csv, ufc_fight_details.csv, ufc_fight_stats.csv for window-period event names: FOUND (see manual audit). This value is NOT derived from any file mtime, git commit date, or in-file header comment -- see research/source_integrity_audit.md for the original manual methodology this script automates. NOTE: eloModule.js's own header comment claims coverage \"through Jul 2026\" -- this is misleading relative to the verified underlying data and should not be trusted; regen_elo.py reads only ufc_fight_results.csv + ufc_event_details.csv. Unlike ELO, the fighter aggregate updater also requires ufc_fight_details.csv and ufc_fight_stats.csv."	refresh commit 65f32e1 (intentional final pre-fight capture, user-confirmed authoritative)	preserved byte-for-byte; no recomputation	unchanged intentional August 15 final prediction
1786823040114-fo1k6b	Chidi Njokuani|Joel Alvarez	_provenance.sourceManifest.fightHistory.contentHash	"46bff36e8569423c1401fb137638b82265fab6a675584273ac1f0181ff9df0a5"	"46bff36e8569423c1401fb137638b82265fab6a675584273ac1f0181ff9df0a5"	refresh commit 65f32e1 (intentional final pre-fight capture, user-confirmed authoritative)	preserved byte-for-byte; no recomputation	unchanged intentional August 15 final prediction
1786823040114-fo1k6b	Chidi Njokuani|Joel Alvarez	_provenance.sourceManifest.fightHistory.feedsV2	true	true	refresh commit 65f32e1 (intentional final pre-fight capture, user-confirmed authoritative)	preserved byte-for-byte; no recomputation	unchanged intentional August 15 final prediction
1786823040114-fo1k6b	Chidi Njokuani|Joel Alvarez	_provenance.sourceManifest.fightHistory.file	"src/fightHistory.js"	"src/fightHistory.js"	refresh commit 65f32e1 (intentional final pre-fight capture, user-confirmed authoritative)	preserved byte-for-byte; no recomputation	unchanged intentional August 15 final prediction
1786823040114-fo1k6b	Chidi Njokuani|Joel Alvarez	_provenance.sourceManifest.fightHistory.generatedAt	"2026-08-13"	"2026-08-13"	refresh commit 65f32e1 (intentional final pre-fight capture, user-confirmed authoritative)	preserved byte-for-byte; no recomputation	unchanged intentional August 15 final prediction
1786823040114-fo1k6b	Chidi Njokuani|Joel Alvarez	_provenance.sourceManifest.fightHistory.generatorRequiredInputs	["ufc_fight_results.csv", "ufc_event_details.csv", "ufc_fight_details.csv", "ufc_fight_stats.csv"]	["ufc_fight_results.csv", "ufc_event_details.csv", "ufc_fight_details.csv", "ufc_fight_stats.csv"]	refresh commit 65f32e1 (intentional final pre-fight capture, user-confirmed authoritative)	preserved byte-for-byte; no recomputation	unchanged intentional August 15 final prediction
1786823040114-fo1k6b	Chidi Njokuani|Joel Alvarez	_provenance.sourceManifest.fightHistory.generatorVersion	"update_fighters.py @ 97d2379ea418148c1ce0a21deae0461310914844"	"update_fighters.py @ 97d2379ea418148c1ce0a21deae0461310914844"	refresh commit 65f32e1 (intentional final pre-fight capture, user-confirmed authoritative)	preserved byte-for-byte; no recomputation	unchanged intentional August 15 final prediction
1786823040114-fo1k6b	Chidi Njokuani|Joel Alvarez	_provenance.sourceManifest.fightHistory.maxObservedEventDate	"2026-08-08"	"2026-08-08"	refresh commit 65f32e1 (intentional final pre-fight capture, user-confirmed authoritative)	preserved byte-for-byte; no recomputation	unchanged intentional August 15 final prediction
1786823040114-fo1k6b	Chidi Njokuani|Joel Alvarez	_provenance.sourceManifest.fightHistory.sourceInputs	["ufc_fight_results.csv", "ufc_event_details.csv", "ufc_fight_details.csv"]	["ufc_fight_results.csv", "ufc_event_details.csv", "ufc_fight_details.csv"]	refresh commit 65f32e1 (intentional final pre-fight capture, user-confirmed authoritative)	preserved byte-for-byte; no recomputation	unchanged intentional August 15 final prediction
1786823040114-fo1k6b	Chidi Njokuani|Joel Alvarez	_provenance.sourceManifest.fightHistory.verificationMethod	"Parsed DATE column of ufc_event_details.csv directly (783 rows); maximum event date found = 2026-08-08. Cross-checked ufc_fight_results.csv, ufc_fight_details.csv, ufc_fight_stats.csv for window-period event names: FOUND (see manual audit). This value is NOT derived from any file mtime, git commit date, or in-file header comment -- see research/source_integrity_audit.md for the original manual methodology this script automates."	"Parsed DATE column of ufc_event_details.csv directly (783 rows); maximum event date found = 2026-08-08. Cross-checked ufc_fight_results.csv, ufc_fight_details.csv, ufc_fight_stats.csv for window-period event names: FOUND (see manual audit). This value is NOT derived from any file mtime, git commit date, or in-file header comment -- see research/source_integrity_audit.md for the original manual methodology this script automates."	refresh commit 65f32e1 (intentional final pre-fight capture, user-confirmed authoritative)	preserved byte-for-byte; no recomputation	unchanged intentional August 15 final prediction
1786823040114-fo1k6b	Chidi Njokuani|Joel Alvarez	_provenance.sourceManifest.fighterBirthdates.contentHash	"560e7d5207c1766a57380ce852767ea03b004a89e2281c3be3dd11fc9e63cd5d"	"560e7d5207c1766a57380ce852767ea03b004a89e2281c3be3dd11fc9e63cd5d"	refresh commit 65f32e1 (intentional final pre-fight capture, user-confirmed authoritative)	preserved byte-for-byte; no recomputation	unchanged intentional August 15 final prediction
1786823040114-fo1k6b	Chidi Njokuani|Joel Alvarez	_provenance.sourceManifest.fighterBirthdates.feedsV2	true	true	refresh commit 65f32e1 (intentional final pre-fight capture, user-confirmed authoritative)	preserved byte-for-byte; no recomputation	unchanged intentional August 15 final prediction
1786823040114-fo1k6b	Chidi Njokuani|Joel Alvarez	_provenance.sourceManifest.fighterBirthdates.file	"src/fighterBirthdates.js"	"src/fighterBirthdates.js"	refresh commit 65f32e1 (intentional final pre-fight capture, user-confirmed authoritative)	preserved byte-for-byte; no recomputation	unchanged intentional August 15 final prediction
1786823040114-fo1k6b	Chidi Njokuani|Joel Alvarez	_provenance.sourceManifest.fighterBirthdates.generatedAt	"2026-08-13"	"2026-08-13"	refresh commit 65f32e1 (intentional final pre-fight capture, user-confirmed authoritative)	preserved byte-for-byte; no recomputation	unchanged intentional August 15 final prediction
1786823040114-fo1k6b	Chidi Njokuani|Joel Alvarez	_provenance.sourceManifest.fighterBirthdates.generatorVersion	"scripts/generate-fighter-birthdates.mjs @ 97d2379ea418148c1ce0a21deae0461310914844"	"scripts/generate-fighter-birthdates.mjs @ 97d2379ea418148c1ce0a21deae0461310914844"	refresh commit 65f32e1 (intentional final pre-fight capture, user-confirmed authoritative)	preserved byte-for-byte; no recomputation	unchanged intentional August 15 final prediction
1786823040114-fo1k6b	Chidi Njokuani|Joel Alvarez	_provenance.sourceManifest.fighterBirthdates.maxObservedEventDate	null	null	refresh commit 65f32e1 (intentional final pre-fight capture, user-confirmed authoritative)	preserved byte-for-byte; no recomputation	unchanged intentional August 15 final prediction
1786823040114-fo1k6b	Chidi Njokuani|Joel Alvarez	_provenance.sourceManifest.fighterBirthdates.note	"Canonical fighter name -> date of birth. Feeds the v2 'younger' feature and the v1 age differential/age-decay penalty via src/domain/age, which derives every age from DOB -- at app load for the roster, and at the bout date for a prediction. The integer AGE values in fightersData.js are now used only where no birth date exists here."	"Canonical fighter name -> date of birth. Feeds the v2 'younger' feature and the v1 age differential/age-decay penalty via src/domain/age, which derives every age from DOB -- at app load for the roster, and at the bout date for a prediction. The integer AGE values in fightersData.js are now used only where no birth date exists here."	refresh commit 65f32e1 (intentional final pre-fight capture, user-confirmed authoritative)	preserved byte-for-byte; no recomputation	unchanged intentional August 15 final prediction
1786823040114-fo1k6b	Chidi Njokuani|Joel Alvarez	_provenance.sourceManifest.fighterBirthdates.verificationMethod	"Recomputed the join from source while writing this manifest: read 2267 rows from fighters.json, of which 2207 carry a dob matching ^\\d{4}-\\d{2}-\\d{2}$; applied 1 name_aliases.json rewrites; produced 2207 canonical names, and the shipped artifact contains 2207 entries. The generator raises on any canonical name that would receive two DIFFERENT birth dates, so a silent bad join cannot ship. Keys are sorted by UTF-16 code point (not localeCompare), making regeneration byte-identical across machines and ICU builds; the scheduled workflow enforces this with a --check re-run. maxObservedEventDate is null by nature, not by omission: this artifact holds birth dates, which are not event-scoped, so there is no event date it could be current or stale relative to. Its freshness question is coverage, which is the measured count above."	"Recomputed the join from source while writing this manifest: read 2267 rows from fighters.json, of which 2207 carry a dob matching ^\\d{4}-\\d{2}-\\d{2}$; applied 1 name_aliases.json rewrites; produced 2207 canonical names, and the shipped artifact contains 2207 entries. The generator raises on any canonical name that would receive two DIFFERENT birth dates, so a silent bad join cannot ship. Keys are sorted by UTF-16 code point (not localeCompare), making regeneration byte-identical across machines and ICU builds; the scheduled workflow enforces this with a --check re-run. maxObservedEventDate is null by nature, not by omission: this artifact holds birth dates, which are not event-scoped, so there is no event date it could be current or stale relative to. Its freshness question is coverage, which is the measured count above."	refresh commit 65f32e1 (intentional final pre-fight capture, user-confirmed authoritative)	preserved byte-for-byte; no recomputation	unchanged intentional August 15 final prediction
1786823040114-fo1k6b	Chidi Njokuani|Joel Alvarez	_provenance.sourceManifest.fightersDataAggregates.contentHash	"51dc68372e9742be8602c43b0a9119ecc3e2c9eb5fa0b3c4a97980ab1e244aad"	"51dc68372e9742be8602c43b0a9119ecc3e2c9eb5fa0b3c4a97980ab1e244aad"	refresh commit 65f32e1 (intentional final pre-fight capture, user-confirmed authoritative)	preserved byte-for-byte; no recomputation	unchanged intentional August 15 final prediction
1786823040114-fo1k6b	Chidi Njokuani|Joel Alvarez	_provenance.sourceManifest.fightersDataAggregates.feedsV2	true	true	refresh commit 65f32e1 (intentional final pre-fight capture, user-confirmed authoritative)	preserved byte-for-byte; no recomputation	unchanged intentional August 15 final prediction
1786823040114-fo1k6b	Chidi Njokuani|Joel Alvarez	_provenance.sourceManifest.fightersDataAggregates.file	"src/fightersData.js"	"src/fightersData.js"	refresh commit 65f32e1 (intentional final pre-fight capture, user-confirmed authoritative)	preserved byte-for-byte; no recomputation	unchanged intentional August 15 final prediction
1786823040114-fo1k6b	Chidi Njokuani|Joel Alvarez	_provenance.sourceManifest.fightersDataAggregates.generatedAt	"2026-08-13"	"2026-08-13"	refresh commit 65f32e1 (intentional final pre-fight capture, user-confirmed authoritative)	preserved byte-for-byte; no recomputation	unchanged intentional August 15 final prediction
1786823040114-fo1k6b	Chidi Njokuani|Joel Alvarez	_provenance.sourceManifest.fightersDataAggregates.generatorRequiredInputs	["ufc_fight_results.csv", "ufc_event_details.csv", "ufc_fight_details.csv", "ufc_fight_stats.csv"]	["ufc_fight_results.csv", "ufc_event_details.csv", "ufc_fight_details.csv", "ufc_fight_stats.csv"]	refresh commit 65f32e1 (intentional final pre-fight capture, user-confirmed authoritative)	preserved byte-for-byte; no recomputation	unchanged intentional August 15 final prediction
1786823040114-fo1k6b	Chidi Njokuani|Joel Alvarez	_provenance.sourceManifest.fightersDataAggregates.generatorVersion	"update_fighters.py @ 97d2379ea418148c1ce0a21deae0461310914844"	"update_fighters.py @ 97d2379ea418148c1ce0a21deae0461310914844"	refresh commit 65f32e1 (intentional final pre-fight capture, user-confirmed authoritative)	preserved byte-for-byte; no recomputation	unchanged intentional August 15 final prediction
1786823040114-fo1k6b	Chidi Njokuani|Joel Alvarez	_provenance.sourceManifest.fightersDataAggregates.maxObservedEventDate	"2026-08-08"	"2026-08-08"	refresh commit 65f32e1 (intentional final pre-fight capture, user-confirmed authoritative)	preserved byte-for-byte; no recomputation	unchanged intentional August 15 final prediction
1786823040114-fo1k6b	Chidi Njokuani|Joel Alvarez	_provenance.sourceManifest.fightersDataAggregates.note	"Feeds ASL/ASP/ATL/ATP/ASA (sig_str_landed, sig_str_accuracy, sub_attempts, td_landed, td_accuracy) and TR (rounds) -- the highest-weight non-ELO v2 features."	"Feeds ASL/ASP/ATL/ATP/ASA (sig_str_landed, sig_str_accuracy, sub_attempts, td_landed, td_accuracy) and TR (rounds) -- the highest-weight non-ELO v2 features."	refresh commit 65f32e1 (intentional final pre-fight capture, user-confirmed authoritative)	preserved byte-for-byte; no recomputation	unchanged intentional August 15 final prediction
1786823040114-fo1k6b	Chidi Njokuani|Joel Alvarez	_provenance.sourceManifest.fightersDataAggregates.sourceInputs	["ufc_fight_results.csv", "ufc_event_details.csv", "ufc_fight_details.csv", "ufc_fight_stats.csv"]	["ufc_fight_results.csv", "ufc_event_details.csv", "ufc_fight_details.csv", "ufc_fight_stats.csv"]	refresh commit 65f32e1 (intentional final pre-fight capture, user-confirmed authoritative)	preserved byte-for-byte; no recomputation	unchanged intentional August 15 final prediction
1786823040114-fo1k6b	Chidi Njokuani|Joel Alvarez	_provenance.sourceManifest.fightersDataAggregates.verificationMethod	"Parsed DATE column of ufc_event_details.csv directly (783 rows); maximum event date found = 2026-08-08. Cross-checked ufc_fight_results.csv, ufc_fight_details.csv, ufc_fight_stats.csv for window-period event names: FOUND (see manual audit). This value is NOT derived from any file mtime, git commit date, or in-file header comment -- see research/source_integrity_audit.md for the original manual methodology this script automates."	"Parsed DATE column of ufc_event_details.csv directly (783 rows); maximum event date found = 2026-08-08. Cross-checked ufc_fight_results.csv, ufc_fight_details.csv, ufc_fight_stats.csv for window-period event names: FOUND (see manual audit). This value is NOT derived from any file mtime, git commit date, or in-file header comment -- see research/source_integrity_audit.md for the original manual methodology this script automates."	refresh commit 65f32e1 (intentional final pre-fight capture, user-confirmed authoritative)	preserved byte-for-byte; no recomputation	unchanged intentional August 15 final prediction
1786823040114-fo1k6b	Chidi Njokuani|Joel Alvarez	_provenance.sourceManifest.rankHistory.contentHash	"9a706f356ef41fa68b605dd9c52740dd370eda014dfb747b0cb8bdc6313ba244"	"9a706f356ef41fa68b605dd9c52740dd370eda014dfb747b0cb8bdc6313ba244"	refresh commit 65f32e1 (intentional final pre-fight capture, user-confirmed authoritative)	preserved byte-for-byte; no recomputation	unchanged intentional August 15 final prediction
1786823040114-fo1k6b	Chidi Njokuani|Joel Alvarez	_provenance.sourceManifest.rankHistory.feedsV2	false	false	refresh commit 65f32e1 (intentional final pre-fight capture, user-confirmed authoritative)	preserved byte-for-byte; no recomputation	unchanged intentional August 15 final prediction
1786823040114-fo1k6b	Chidi Njokuani|Joel Alvarez	_provenance.sourceManifest.rankHistory.file	"src/rankHistory.js"	"src/rankHistory.js"	refresh commit 65f32e1 (intentional final pre-fight capture, user-confirmed authoritative)	preserved byte-for-byte; no recomputation	unchanged intentional August 15 final prediction
1786823040114-fo1k6b	Chidi Njokuani|Joel Alvarez	_provenance.sourceManifest.rankHistory.generatedAt	"2026-08-13"	"2026-08-13"	refresh commit 65f32e1 (intentional final pre-fight capture, user-confirmed authoritative)	preserved byte-for-byte; no recomputation	unchanged intentional August 15 final prediction
1786823040114-fo1k6b	Chidi Njokuani|Joel Alvarez	_provenance.sourceManifest.rankHistory.generatorVersion	"regen_rankhistory.py (untracked in git -- present on disk, no commit history, no recoverable version)"	"regen_rankhistory.py (untracked in git -- present on disk, no commit history, no recoverable version)"	refresh commit 65f32e1 (intentional final pre-fight capture, user-confirmed authoritative)	preserved byte-for-byte; no recomputation	unchanged intentional August 15 final prediction
1786823040114-fo1k6b	Chidi Njokuani|Joel Alvarez	_provenance.sourceManifest.rankHistory.maxObservedEventDate	"2026-03-12"	"2026-03-12"	refresh commit 65f32e1 (intentional final pre-fight capture, user-confirmed authoritative)	preserved byte-for-byte; no recomputation	unchanged intentional August 15 final prediction
1786823040114-fo1k6b	Chidi Njokuani|Joel Alvarez	_provenance.sourceManifest.rankHistory.note	"Does not feed MODEL_V2 (no path into computeLogisticProb's 16 features, confirmed in research/source_integrity_audit.md). Tracked here for future model versions that might use it."	"Does not feed MODEL_V2 (no path into computeLogisticProb's 16 features, confirmed in research/source_integrity_audit.md). Tracked here for future model versions that might use it."	refresh commit 65f32e1 (intentional final pre-fight capture, user-confirmed authoritative)	preserved byte-for-byte; no recomputation	unchanged intentional August 15 final prediction
1786823040114-fo1k6b	Chidi Njokuani|Joel Alvarez	_provenance.sourceManifest.rankHistory.verificationMethod	"Raw source UFC_rankings_history.csv is not present on disk, so maxObservedEventDate is instead the maximum YYYYMMDD date literally embedded in the shipped rankHistory.js artifact's own HISTORICAL_RANKINGS data -- a defensible proxy (the artifact cannot reflect dates its regeneration process never saw), but distinct from the direct-CSV verification used for the three modules above."	"Raw source UFC_rankings_history.csv is not present on disk, so maxObservedEventDate is instead the maximum YYYYMMDD date literally embedded in the shipped rankHistory.js artifact's own HISTORICAL_RANKINGS data -- a defensible proxy (the artifact cannot reflect dates its regeneration process never saw), but distinct from the direct-CSV verification used for the three modules above."	refresh commit 65f32e1 (intentional final pre-fight capture, user-confirmed authoritative)	preserved byte-for-byte; no recomputation	unchanged intentional August 15 final prediction
1786823040114-fo1k6b	Chidi Njokuani|Joel Alvarez	_provenance.sourceManifest.rankings.contentHash	"48524131c5d78b0adc80d83fe27a2ef7c365c124f66eddab11e17487f7df41d0"	"48524131c5d78b0adc80d83fe27a2ef7c365c124f66eddab11e17487f7df41d0"	refresh commit 65f32e1 (intentional final pre-fight capture, user-confirmed authoritative)	preserved byte-for-byte; no recomputation	unchanged intentional August 15 final prediction
1786823040114-fo1k6b	Chidi Njokuani|Joel Alvarez	_provenance.sourceManifest.rankings.feedsV2	false	false	refresh commit 65f32e1 (intentional final pre-fight capture, user-confirmed authoritative)	preserved byte-for-byte; no recomputation	unchanged intentional August 15 final prediction
1786823040114-fo1k6b	Chidi Njokuani|Joel Alvarez	_provenance.sourceManifest.rankings.file	"src/rankingsData.js"	"src/rankingsData.js"	refresh commit 65f32e1 (intentional final pre-fight capture, user-confirmed authoritative)	preserved byte-for-byte; no recomputation	unchanged intentional August 15 final prediction
1786823040114-fo1k6b	Chidi Njokuani|Joel Alvarez	_provenance.sourceManifest.rankings.generatedAt	"2026-08-07T18:49:33Z"	"2026-08-07T18:49:33Z"	refresh commit 65f32e1 (intentional final pre-fight capture, user-confirmed authoritative)	preserved byte-for-byte; no recomputation	unchanged intentional August 15 final prediction
1786823040114-fo1k6b	Chidi Njokuani|Joel Alvarez	_provenance.sourceManifest.rankings.generatorVersion	"scripts/update_rankings.py @ 97d2379ea418148c1ce0a21deae0461310914844"	"scripts/update_rankings.py @ 97d2379ea418148c1ce0a21deae0461310914844"	refresh commit 65f32e1 (intentional final pre-fight capture, user-confirmed authoritative)	preserved byte-for-byte; no recomputation	unchanged intentional August 15 final prediction
1786823040114-fo1k6b	Chidi Njokuani|Joel Alvarez	_provenance.sourceManifest.rankings.inProductionBundle	true	true	refresh commit 65f32e1 (intentional final pre-fight capture, user-confirmed authoritative)	preserved byte-for-byte; no recomputation	unchanged intentional August 15 final prediction
1786823040114-fo1k6b	Chidi Njokuani|Joel Alvarez	_provenance.sourceManifest.rankings.maxObservedEventDate	"2026-08-04"	"2026-08-04"	refresh commit 65f32e1 (intentional final pre-fight capture, user-confirmed authoritative)	preserved byte-for-byte; no recomputation	unchanged intentional August 15 final prediction
1786823040114-fo1k6b	Chidi Njokuani|Joel Alvarez	_provenance.sourceManifest.rankings.note	"Current official rankings feed fighter-profile/UI rank badges only. Runtime artifact: this is the only rankings file in the production dependency graph. Historical series live in the separate rankingsHistory module below."	"Current official rankings feed fighter-profile/UI rank badges only. Runtime artifact: this is the only rankings file in the production dependency graph. Historical series live in the separate rankingsHistory module below."	refresh commit 65f32e1 (intentional final pre-fight capture, user-confirmed authoritative)	preserved byte-for-byte; no recomputation	unchanged intentional August 15 final prediction
1786823040114-fo1k6b	Chidi Njokuani|Joel Alvarez	_provenance.sourceManifest.rankings.officialSnapshots	["2026-08-01-meta.json", "2026-08-04-media.json"]	["2026-08-01-meta.json", "2026-08-04-media.json"]	refresh commit 65f32e1 (intentional final pre-fight capture, user-confirmed authoritative)	preserved byte-for-byte; no recomputation	unchanged intentional August 15 final prediction
1786823040114-fo1k6b	Chidi Njokuani|Joel Alvarez	_provenance.sourceManifest.rankings.verificationMethod	"Read directly from the generated artifacts and the committed history cache, all produced by scripts/update_rankings.py and regenerating byte-identically from the same inputs. upstreamContentSha256 is the SHA-256 of the Kaggle CSV the cache was built from. No git commit date, file mtime, or header comment is consulted, and a missing artifact, cache or snapshot set is a hard failure rather than a silent fallback."	"Read directly from the generated artifacts and the committed history cache, all produced by scripts/update_rankings.py and regenerating byte-identically from the same inputs. upstreamContentSha256 is the SHA-256 of the Kaggle CSV the cache was built from. No git commit date, file mtime, or header comment is consulted, and a missing artifact, cache or snapshot set is a hard failure rather than a silent fallback."	refresh commit 65f32e1 (intentional final pre-fight capture, user-confirmed authoritative)	preserved byte-for-byte; no recomputation	unchanged intentional August 15 final prediction
1786823040114-fo1k6b	Chidi Njokuani|Joel Alvarez	_provenance.sourceManifest.rankingsHistory.contentHash	"387363b7f1fda0f51757fd778ff969ce9fffe1d34d3c870437977db5e36003a3"	"387363b7f1fda0f51757fd778ff969ce9fffe1d34d3c870437977db5e36003a3"	refresh commit 65f32e1 (intentional final pre-fight capture, user-confirmed authoritative)	preserved byte-for-byte; no recomputation	unchanged intentional August 15 final prediction
1786823040114-fo1k6b	Chidi Njokuani|Joel Alvarez	_provenance.sourceManifest.rankingsHistory.feedsV2	false	false	refresh commit 65f32e1 (intentional final pre-fight capture, user-confirmed authoritative)	preserved byte-for-byte; no recomputation	unchanged intentional August 15 final prediction
1786823040114-fo1k6b	Chidi Njokuani|Joel Alvarez	_provenance.sourceManifest.rankingsHistory.file	"src/rankingsHistoryData.js"	"src/rankingsHistoryData.js"	refresh commit 65f32e1 (intentional final pre-fight capture, user-confirmed authoritative)	preserved byte-for-byte; no recomputation	unchanged intentional August 15 final prediction
1786823040114-fo1k6b	Chidi Njokuani|Joel Alvarez	_provenance.sourceManifest.rankingsHistory.generatedAt	"2026-08-07T18:49:33Z"	"2026-08-07T18:49:33Z"	refresh commit 65f32e1 (intentional final pre-fight capture, user-confirmed authoritative)	preserved byte-for-byte; no recomputation	unchanged intentional August 15 final prediction
1786823040114-fo1k6b	Chidi Njokuani|Joel Alvarez	_provenance.sourceManifest.rankingsHistory.generatorVersion	"scripts/update_rankings.py @ 97d2379ea418148c1ce0a21deae0461310914844"	"scripts/update_rankings.py @ 97d2379ea418148c1ce0a21deae0461310914844"	refresh commit 65f32e1 (intentional final pre-fight capture, user-confirmed authoritative)	preserved byte-for-byte; no recomputation	unchanged intentional August 15 final prediction
1786823040114-fo1k6b	Chidi Njokuani|Joel Alvarez	_provenance.sourceManifest.rankingsHistory.historyCacheSha256	"4f245240e2b53ee088d82f861aa0a718aef9f62bf15d62eb434d4628b3b6b3ad"	"4f245240e2b53ee088d82f861aa0a718aef9f62bf15d62eb434d4628b3b6b3ad"	refresh commit 65f32e1 (intentional final pre-fight capture, user-confirmed authoritative)	preserved byte-for-byte; no recomputation	unchanged intentional August 15 final prediction
1786823040114-fo1k6b	Chidi Njokuani|Joel Alvarez	_provenance.sourceManifest.rankingsHistory.historyUsedThrough	"2026-06-18"	"2026-06-18"	refresh commit 65f32e1 (intentional final pre-fight capture, user-confirmed authoritative)	preserved byte-for-byte; no recomputation	unchanged intentional August 15 final prediction
1786823040114-fo1k6b	Chidi Njokuani|Joel Alvarez	_provenance.sourceManifest.rankingsHistory.inProductionBundle	false	false	refresh commit 65f32e1 (intentional final pre-fight capture, user-confirmed authoritative)	preserved byte-for-byte; no recomputation	unchanged intentional August 15 final prediction
1786823040114-fo1k6b	Chidi Njokuani|Joel Alvarez	_provenance.sourceManifest.rankingsHistory.maxObservedEventDate	"2026-08-04"	"2026-08-04"	refresh commit 65f32e1 (intentional final pre-fight capture, user-confirmed authoritative)	preserved byte-for-byte; no recomputation	unchanged intentional August 15 final prediction
1786823040114-fo1k6b	Chidi Njokuani|Joel Alvarez	_provenance.sourceManifest.rankingsHistory.note	"Historical divisional rankings. RESEARCH ARTIFACT: no runtime consumer and no model consumer -- neither the deprecated v1 engine nor the frozen 16-feature MODEL_V2. Kept out of the browser bundle; enforced by src/domain/rankings/__tests__/boundary.test.js (import graph) and scripts/verify-bundle.mjs (emitted assets)."	"Historical divisional rankings. RESEARCH ARTIFACT: no runtime consumer and no model consumer -- neither the deprecated v1 engine nor the frozen 16-feature MODEL_V2. Kept out of the browser bundle; enforced by src/domain/rankings/__tests__/boundary.test.js (import graph) and scripts/verify-bundle.mjs (emitted assets)."	refresh commit 65f32e1 (intentional final pre-fight capture, user-confirmed authoritative)	preserved byte-for-byte; no recomputation	unchanged intentional August 15 final prediction
1786823040114-fo1k6b	Chidi Njokuani|Joel Alvarez	_provenance.sourceManifest.rankingsHistory.upstreamContentSha256	"2d27b34e64372520e9170cc30f1d1c59e795d046b6726de89db95b9535db9858"	"2d27b34e64372520e9170cc30f1d1c59e795d046b6726de89db95b9535db9858"	refresh commit 65f32e1 (intentional final pre-fight capture, user-confirmed authoritative)	preserved byte-for-byte; no recomputation	unchanged intentional August 15 final prediction
1786823040114-fo1k6b	Chidi Njokuani|Joel Alvarez	_provenance.sourceManifest.rankingsHistory.upstreamVersion	49	49	refresh commit 65f32e1 (intentional final pre-fight capture, user-confirmed authoritative)	preserved byte-for-byte; no recomputation	unchanged intentional August 15 final prediction
1786823040114-fo1k6b	Chidi Njokuani|Joel Alvarez	_provenance.sourceManifest.rankingsHistory.verificationMethod	"Read directly from the generated artifacts and the committed history cache, all produced by scripts/update_rankings.py and regenerating byte-identically from the same inputs. upstreamContentSha256 is the SHA-256 of the Kaggle CSV the cache was built from. No git commit date, file mtime, or header comment is consulted, and a missing artifact, cache or snapshot set is a hard failure rather than a silent fallback."	"Read directly from the generated artifacts and the committed history cache, all produced by scripts/update_rankings.py and regenerating byte-identically from the same inputs. upstreamContentSha256 is the SHA-256 of the Kaggle CSV the cache was built from. No git commit date, file mtime, or header comment is consulted, and a missing artifact, cache or snapshot set is a hard failure rather than a silent fallback."	refresh commit 65f32e1 (intentional final pre-fight capture, user-confirmed authoritative)	preserved byte-for-byte; no recomputation	unchanged intentional August 15 final prediction
1786823040114-fo1k6b	Chidi Njokuani|Joel Alvarez	_provenance.targetEventDate	"2026-08-15"	"2026-08-15"	refresh commit 65f32e1 (intentional final pre-fight capture, user-confirmed authoritative)	preserved byte-for-byte; no recomputation	unchanged intentional August 15 final prediction
1786823040114-fo1k6b	Chidi Njokuani|Joel Alvarez	actualFinish	""	""	grading commit 3a67be6	preserved byte-for-byte; no recomputation	preserved legitimate grading
1786823040114-fo1k6b	Chidi Njokuani|Joel Alvarez	actualWinner	"Chidi Njokuani"	"Chidi Njokuani"	grading commit 3a67be6	preserved byte-for-byte; no recomputation	preserved legitimate grading
1786823040114-fo1k6b	Chidi Njokuani|Joel Alvarez	bestBet	null	null	refresh commit 65f32e1 (intentional final pre-fight capture, user-confirmed authoritative)	preserved byte-for-byte; no recomputation	unchanged intentional August 15 final prediction
1786823040114-fo1k6b	Chidi Njokuani|Joel Alvarez	betAction	"NO BET"	"NO BET"	refresh commit 65f32e1 (intentional final pre-fight capture, user-confirmed authoritative)	preserved byte-for-byte; no recomputation	unchanged intentional August 15 final prediction
1786823040114-fo1k6b	Chidi Njokuani|Joel Alvarez	betRecommendedFighter	""	""	refresh commit 65f32e1 (intentional final pre-fight capture, user-confirmed authoritative)	preserved byte-for-byte; no recomputation	unchanged intentional August 15 final prediction
1786823040114-fo1k6b	Chidi Njokuani|Joel Alvarez	betRecommendedOdds	""	""	refresh commit 65f32e1 (intentional final pre-fight capture, user-confirmed authoritative)	preserved byte-for-byte; no recomputation	unchanged intentional August 15 final prediction
1786823040114-fo1k6b	Chidi Njokuani|Joel Alvarez	boutContext.division	"Welterweight"	"Welterweight"	refresh commit 65f32e1 (intentional final pre-fight capture, user-confirmed authoritative)	preserved byte-for-byte; no recomputation	unchanged intentional August 15 final prediction
1786823040114-fo1k6b	Chidi Njokuani|Joel Alvarez	boutContext.isTitleBout	false	false	refresh commit 65f32e1 (intentional final pre-fight capture, user-confirmed authoritative)	preserved byte-for-byte; no recomputation	unchanged intentional August 15 final prediction
1786823040114-fo1k6b	Chidi Njokuani|Joel Alvarez	boutContext.scheduledRounds	3	3	refresh commit 65f32e1 (intentional final pre-fight capture, user-confirmed authoritative)	preserved byte-for-byte; no recomputation	unchanged intentional August 15 final prediction
1786823040114-fo1k6b	Chidi Njokuani|Joel Alvarez	createdAt	"2026-08-15T19:44:00.114Z"	"2026-08-15T19:44:00.114Z"	refresh commit 65f32e1 (intentional final pre-fight capture, user-confirmed authoritative)	preserved byte-for-byte; no recomputation	unchanged intentional August 15 final prediction
1786823040114-fo1k6b	Chidi Njokuani|Joel Alvarez	division	"Welterweight"	"Welterweight"	refresh commit 65f32e1 (intentional final pre-fight capture, user-confirmed authoritative)	preserved byte-for-byte; no recomputation	unchanged intentional August 15 final prediction
1786823040114-fo1k6b	Chidi Njokuani|Joel Alvarez	edge	-0.05252052031198384	-0.05252052031198384	refresh commit 65f32e1 (intentional final pre-fight capture, user-confirmed authoritative)	preserved byte-for-byte; no recomputation	unchanged intentional August 15 final prediction
1786823040114-fo1k6b	Chidi Njokuani|Joel Alvarez	edgeA	0.052520520311983676	0.052520520311983676	refresh commit 65f32e1 (intentional final pre-fight capture, user-confirmed authoritative)	preserved byte-for-byte; no recomputation	unchanged intentional August 15 final prediction
1786823040114-fo1k6b	Chidi Njokuani|Joel Alvarez	edgeB	-0.05252052031198384	-0.05252052031198384	refresh commit 65f32e1 (intentional final pre-fight capture, user-confirmed authoritative)	preserved byte-for-byte; no recomputation	unchanged intentional August 15 final prediction
1786823040114-fo1k6b	Chidi Njokuani|Joel Alvarez	ev	-10.94330315051575	-10.94330315051575	refresh commit 65f32e1 (intentional final pre-fight capture, user-confirmed authoritative)	preserved byte-for-byte; no recomputation	unchanged intentional August 15 final prediction
1786823040114-fo1k6b	Chidi Njokuani|Joel Alvarez	evA	14.832152202596276	14.832152202596276	refresh commit 65f32e1 (intentional final pre-fight capture, user-confirmed authoritative)	preserved byte-for-byte; no recomputation	unchanged intentional August 15 final prediction
1786823040114-fo1k6b	Chidi Njokuani|Joel Alvarez	evB	-10.94330315051575	-10.94330315051575	refresh commit 65f32e1 (intentional final pre-fight capture, user-confirmed authoritative)	preserved byte-for-byte; no recomputation	unchanged intentional August 15 final prediction
1786823040114-fo1k6b	Chidi Njokuani|Joel Alvarez	eventDate	"2026-08-15"	"2026-08-15"	refresh commit 65f32e1 (intentional final pre-fight capture, user-confirmed authoritative)	preserved byte-for-byte; no recomputation	unchanged intentional August 15 final prediction
1786823040114-fo1k6b	Chidi Njokuani|Joel Alvarez	eventName	"UFC 330"	"UFC 330"	refresh commit 65f32e1 (intentional final pre-fight capture, user-confirmed authoritative)	preserved byte-for-byte; no recomputation	unchanged intentional August 15 final prediction
1786823040114-fo1k6b	Chidi Njokuani|Joel Alvarez	fairLine	"-214"	"-214"	refresh commit 65f32e1 (intentional final pre-fight capture, user-confirmed authoritative)	preserved byte-for-byte; no recomputation	unchanged intentional August 15 final prediction
1786823040114-fo1k6b	Chidi Njokuani|Joel Alvarez	fairLineA	"+214"	"+214"	refresh commit 65f32e1 (intentional final pre-fight capture, user-confirmed authoritative)	preserved byte-for-byte; no recomputation	unchanged intentional August 15 final prediction
1786823040114-fo1k6b	Chidi Njokuani|Joel Alvarez	fairLineB	"-214"	"-214"	refresh commit 65f32e1 (intentional final pre-fight capture, user-confirmed authoritative)	preserved byte-for-byte; no recomputation	unchanged intentional August 15 final prediction
1786823040114-fo1k6b	Chidi Njokuani|Joel Alvarez	fighterA	"Chidi Njokuani"	"Chidi Njokuani"	refresh commit 65f32e1 (intentional final pre-fight capture, user-confirmed authoritative)	preserved byte-for-byte; no recomputation	unchanged intentional August 15 final prediction
1786823040114-fo1k6b	Chidi Njokuani|Joel Alvarez	fighterAIsProspect	false	false	refresh commit 65f32e1 (intentional final pre-fight capture, user-confirmed authoritative)	preserved byte-for-byte; no recomputation	unchanged intentional August 15 final prediction
1786823040114-fo1k6b	Chidi Njokuani|Joel Alvarez	fighterAProb	0.30622909063548853	0.30622909063548853	refresh commit 65f32e1 (intentional final pre-fight capture, user-confirmed authoritative)	preserved byte-for-byte; no recomputation	unchanged intentional August 15 final prediction
1786823040114-fo1k6b	Chidi Njokuani|Joel Alvarez	fighterB	"Joel Alvarez"	"Joel Alvarez"	refresh commit 65f32e1 (intentional final pre-fight capture, user-confirmed authoritative)	preserved byte-for-byte; no recomputation	unchanged intentional August 15 final prediction
1786823040114-fo1k6b	Chidi Njokuani|Joel Alvarez	fighterBIsProspect	false	false	refresh commit 65f32e1 (intentional final pre-fight capture, user-confirmed authoritative)	preserved byte-for-byte; no recomputation	unchanged intentional August 15 final prediction
1786823040114-fo1k6b	Chidi Njokuani|Joel Alvarez	fighterBProb	0.6937709093645115	0.6937709093645115	refresh commit 65f32e1 (intentional final pre-fight capture, user-confirmed authoritative)	preserved byte-for-byte; no recomputation	unchanged intentional August 15 final prediction
1786823040114-fo1k6b	Chidi Njokuani|Joel Alvarez	id	"1786823040114-fo1k6b"	"1786823040114-fo1k6b"	refresh commit 65f32e1 (intentional final pre-fight capture, user-confirmed authoritative)	preserved byte-for-byte; no recomputation	unchanged intentional August 15 final prediction
1786823040114-fo1k6b	Chidi Njokuani|Joel Alvarez	includesProspect	false	false	refresh commit 65f32e1 (intentional final pre-fight capture, user-confirmed authoritative)	preserved byte-for-byte; no recomputation	unchanged intentional August 15 final prediction
1786823040114-fo1k6b	Chidi Njokuani|Joel Alvarez	kelly	0	0	refresh commit 65f32e1 (intentional final pre-fight capture, user-confirmed authoritative)	preserved byte-for-byte; no recomputation	unchanged intentional August 15 final prediction
1786823040114-fo1k6b	Chidi Njokuani|Joel Alvarez	kellyA	0.05704673924075493	0.05704673924075493	refresh commit 65f32e1 (intentional final pre-fight capture, user-confirmed authoritative)	preserved byte-for-byte; no recomputation	unchanged intentional August 15 final prediction
1786823040114-fo1k6b	Chidi Njokuani|Joel Alvarez	kellyB	0	0	refresh commit 65f32e1 (intentional final pre-fight capture, user-confirmed authoritative)	preserved byte-for-byte; no recomputation	unchanged intentional August 15 final prediction
1786823040114-fo1k6b	Chidi Njokuani|Joel Alvarez	marketOdds	"-325"	"-325"	refresh commit 65f32e1 (intentional final pre-fight capture, user-confirmed authoritative)	preserved byte-for-byte; no recomputation	unchanged intentional August 15 final prediction
1786823040114-fo1k6b	Chidi Njokuani|Joel Alvarez	modelUsed	"v2"	"v2"	refresh commit 65f32e1 (intentional final pre-fight capture, user-confirmed authoritative)	preserved byte-for-byte; no recomputation	unchanged intentional August 15 final prediction
1786823040114-fo1k6b	Chidi Njokuani|Joel Alvarez	notes	""	""	refresh commit 65f32e1 (intentional final pre-fight capture, user-confirmed authoritative)	preserved byte-for-byte; no recomputation	unchanged intentional August 15 final prediction
1786823040114-fo1k6b	Chidi Njokuani|Joel Alvarez	oddsA	"+260"	"+260"	refresh commit 65f32e1 (intentional final pre-fight capture, user-confirmed authoritative)	preserved byte-for-byte; no recomputation	unchanged intentional August 15 final prediction
1786823040114-fo1k6b	Chidi Njokuani|Joel Alvarez	oddsB	"-325"	"-325"	refresh commit 65f32e1 (intentional final pre-fight capture, user-confirmed authoritative)	preserved byte-for-byte; no recomputation	unchanged intentional August 15 final prediction
1786823040114-fo1k6b	Chidi Njokuani|Joel Alvarez	predictedProb	0.6937709093645115	0.6937709093645115	refresh commit 65f32e1 (intentional final pre-fight capture, user-confirmed authoritative)	preserved byte-for-byte; no recomputation	unchanged intentional August 15 final prediction
1786823040114-fo1k6b	Chidi Njokuani|Joel Alvarez	predictedWinner	"Joel Alvarez"	"Joel Alvarez"	refresh commit 65f32e1 (intentional final pre-fight capture, user-confirmed authoritative)	preserved byte-for-byte; no recomputation	unchanged intentional August 15 final prediction
1786823040114-fo1k6b	Chidi Njokuani|Joel Alvarez	projectedDEC	31	31	refresh commit 65f32e1 (intentional final pre-fight capture, user-confirmed authoritative)	preserved byte-for-byte; no recomputation	unchanged intentional August 15 final prediction
1786823040114-fo1k6b	Chidi Njokuani|Joel Alvarez	projectedFinish	"KO/TKO"	"KO/TKO"	refresh commit 65f32e1 (intentional final pre-fight capture, user-confirmed authoritative)	preserved byte-for-byte; no recomputation	unchanged intentional August 15 final prediction
1786823040114-fo1k6b	Chidi Njokuani|Joel Alvarez	projectedKO	50	50	refresh commit 65f32e1 (intentional final pre-fight capture, user-confirmed authoritative)	preserved byte-for-byte; no recomputation	unchanged intentional August 15 final prediction
1786823040114-fo1k6b	Chidi Njokuani|Joel Alvarez	projectedSUB	19	19	refresh commit 65f32e1 (intentional final pre-fight capture, user-confirmed authoritative)	preserved byte-for-byte; no recomputation	unchanged intentional August 15 final prediction
1786823040114-fo1k6b	Chidi Njokuani|Joel Alvarez	trackedProb	0.6810217994372325	0.6810217994372325	refresh commit 65f32e1 (intentional final pre-fight capture, user-confirmed authoritative)	preserved byte-for-byte; no recomputation	unchanged intentional August 15 final prediction
1786823040114-fo1k6b	Chidi Njokuani|Joel Alvarez	trackedSide	"Joel Alvarez"	"Joel Alvarez"	refresh commit 65f32e1 (intentional final pre-fight capture, user-confirmed authoritative)	preserved byte-for-byte; no recomputation	unchanged intentional August 15 final prediction
1786823040114-fo1k6b	Chidi Njokuani|Joel Alvarez	v2pA	0.31897820056276743	0.31897820056276743	refresh commit 65f32e1 (intentional final pre-fight capture, user-confirmed authoritative)	preserved byte-for-byte; no recomputation	unchanged intentional August 15 final prediction
1786823040114-fo1k6b	Chidi Njokuani|Joel Alvarez	v2pB	0.6810217994372325	0.6810217994372325	refresh commit 65f32e1 (intentional final pre-fight capture, user-confirmed authoritative)	preserved byte-for-byte; no recomputation	unchanged intentional August 15 final prediction
1786823004768-lj5jjp	Donte Johnson|Eric McConico	boutContext.provenance.sourceUrl	null	"https://www.ufc.com/news/official-weigh-results-ufc-330-makhachev-vs-machado-garry"	src/upcomingData.js @ 1adfd22 (official UFC 330 weigh-in page, retrievedAt 2026-08-14)	official bout-metadata provenance nulled by 65f32e1; restored verbatim from its authoritative source	restored official provenance
1786823004768-lj5jjp	Donte Johnson|Eric McConico	boutContext.provenance.retrievedAt	null	"2026-08-14"	src/upcomingData.js @ 1adfd22 (official UFC 330 weigh-in page, retrievedAt 2026-08-14)	official bout-metadata provenance nulled by 65f32e1; restored verbatim from its authoritative source	restored official provenance
1786823004768-lj5jjp	Donte Johnson|Eric McConico	boutContext.provenance.authority	null	"official"	src/upcomingData.js @ 1adfd22 (official UFC 330 weigh-in page, retrievedAt 2026-08-14)	official bout-metadata provenance nulled by 65f32e1; restored verbatim from its authoritative source	restored official provenance
1786823004768-lj5jjp	Donte Johnson|Eric McConico	_provenance.boutContext.division	"Middleweight"	<removed>	n/a - field absent from all 168 non-UFC330 ROI records	accidental duplicate grafted by 65f32e1; not part of the established schema	removal of accidental duplicated provenance structure
1786823004768-lj5jjp	Donte Johnson|Eric McConico	_provenance.boutContext.isTitleBout	false	<removed>	n/a - field absent from all 168 non-UFC330 ROI records	accidental duplicate grafted by 65f32e1; not part of the established schema	removal of accidental duplicated provenance structure
1786823004768-lj5jjp	Donte Johnson|Eric McConico	_provenance.boutContext.provenance	null	<removed>	n/a - field absent from all 168 non-UFC330 ROI records	accidental duplicate grafted by 65f32e1; not part of the established schema	removal of accidental duplicated provenance structure
1786823004768-lj5jjp	Donte Johnson|Eric McConico	_provenance.boutContext.scheduledRounds	3	<removed>	n/a - field absent from all 168 non-UFC330 ROI records	accidental duplicate grafted by 65f32e1; not part of the established schema	removal of accidental duplicated provenance structure
1786823004768-lj5jjp	Donte Johnson|Eric McConico	unitsWagered	1	1	user decision 2026-08-17 (explicit, final)	user-ratified: both NO BET records store 1; already 1 in ROI, asserted not inferred	user-ratified unitsWagered: 1
1786823004768-lj5jjp	Donte Johnson|Eric McConico	_provenance.captureMode	"live"	"live"	refresh commit 65f32e1 (intentional final pre-fight capture, user-confirmed authoritative)	preserved byte-for-byte; no recomputation	unchanged intentional August 15 final prediction
1786823004768-lj5jjp	Donte Johnson|Eric McConico	_provenance.featureVector.v1.age_dif	2.0930232558139537	2.0930232558139537	refresh commit 65f32e1 (intentional final pre-fight capture, user-confirmed authoritative)	preserved byte-for-byte; no recomputation	unchanged intentional August 15 final prediction
1786823004768-lj5jjp	Donte Johnson|Eric McConico	_provenance.featureVector.v1.atd_dif	0.33333333333333365	0.33333333333333365	refresh commit 65f32e1 (intentional final pre-fight capture, user-confirmed authoritative)	preserved byte-for-byte; no recomputation	unchanged intentional August 15 final prediction
1786823004768-lj5jjp	Donte Johnson|Eric McConico	_provenance.featureVector.v1.avg_sig_str_pct_dif	-0.13546564885495993	-0.13546564885495993	refresh commit 65f32e1 (intentional final pre-fight capture, user-confirmed authoritative)	preserved byte-for-byte; no recomputation	unchanged intentional August 15 final prediction
1786823004768-lj5jjp	Donte Johnson|Eric McConico	_provenance.featureVector.v1.avg_sub_att_dif	0.6249411850236278	0.6249411850236278	refresh commit 65f32e1 (intentional final pre-fight capture, user-confirmed authoritative)	preserved byte-for-byte; no recomputation	unchanged intentional August 15 final prediction
1786823004768-lj5jjp	Donte Johnson|Eric McConico	_provenance.featureVector.v1.avg_td_dif	0.5908614685568883	0.5908614685568883	refresh commit 65f32e1 (intentional final pre-fight capture, user-confirmed authoritative)	preserved byte-for-byte; no recomputation	unchanged intentional August 15 final prediction
1786823004768-lj5jjp	Donte Johnson|Eric McConico	_provenance.featureVector.v1.avg_td_pct_dif	-1.0831131762363089	-1.0831131762363089	refresh commit 65f32e1 (intentional final pre-fight capture, user-confirmed authoritative)	preserved byte-for-byte; no recomputation	unchanged intentional August 15 final prediction
1786823004768-lj5jjp	Donte Johnson|Eric McConico	_provenance.featureVector.v1.cardio_dif	-0.54625	-0.54625	refresh commit 65f32e1 (intentional final pre-fight capture, user-confirmed authoritative)	preserved byte-for-byte; no recomputation	unchanged intentional August 15 final prediction
1786823004768-lj5jjp	Donte Johnson|Eric McConico	_provenance.featureVector.v1.control_time_dif	1.0499999999999998	1.0499999999999998	refresh commit 65f32e1 (intentional final pre-fight capture, user-confirmed authoritative)	preserved byte-for-byte; no recomputation	unchanged intentional August 15 final prediction
1786823004768-lj5jjp	Donte Johnson|Eric McConico	_provenance.featureVector.v1.deep_round_dif	-0.11764705882352941	-0.11764705882352941	refresh commit 65f32e1 (intentional final pre-fight capture, user-confirmed authoritative)	preserved byte-for-byte; no recomputation	unchanged intentional August 15 final prediction
1786823004768-lj5jjp	Donte Johnson|Eric McConico	_provenance.featureVector.v1.elo_dif	1.2298387096774193	1.2298387096774193	refresh commit 65f32e1 (intentional final pre-fight capture, user-confirmed authoritative)	preserved byte-for-byte; no recomputation	unchanged intentional August 15 final prediction
1786823004768-lj5jjp	Donte Johnson|Eric McConico	_provenance.featureVector.v1.height_dif	-0.43956043956043955	-0.43956043956043955	refresh commit 65f32e1 (intentional final pre-fight capture, user-confirmed authoritative)	preserved byte-for-byte; no recomputation	unchanged intentional August 15 final prediction
1786823004768-lj5jjp	Donte Johnson|Eric McConico	_provenance.featureVector.v1.kd_dif	0	0	refresh commit 65f32e1 (intentional final pre-fight capture, user-confirmed authoritative)	preserved byte-for-byte; no recomputation	unchanged intentional August 15 final prediction
1786823004768-lj5jjp	Donte Johnson|Eric McConico	_provenance.featureVector.v1.ko_dif	0	0	refresh commit 65f32e1 (intentional final pre-fight capture, user-confirmed authoritative)	preserved byte-for-byte; no recomputation	unchanged intentional August 15 final prediction
1786823004768-lj5jjp	Donte Johnson|Eric McConico	_provenance.featureVector.v1.layoff_dif	-0.245	-0.245	refresh commit 65f32e1 (intentional final pre-fight capture, user-confirmed authoritative)	preserved byte-for-byte; no recomputation	unchanged intentional August 15 final prediction
1786823004768-lj5jjp	Donte Johnson|Eric McConico	_provenance.featureVector.v1.lose_streak_dif	0	0	refresh commit 65f32e1 (intentional final pre-fight capture, user-confirmed authoritative)	preserved byte-for-byte; no recomputation	unchanged intentional August 15 final prediction
1786823004768-lj5jjp	Donte Johnson|Eric McConico	_provenance.featureVector.v1.loss_dif	0.7407407407407407	0.7407407407407407	refresh commit 65f32e1 (intentional final pre-fight capture, user-confirmed authoritative)	preserved byte-for-byte; no recomputation	unchanged intentional August 15 final prediction
1786823004768-lj5jjp	Donte Johnson|Eric McConico	_provenance.featureVector.v1.peak_elo_dif	1.018181818181818	1.018181818181818	refresh commit 65f32e1 (intentional final pre-fight capture, user-confirmed authoritative)	preserved byte-for-byte; no recomputation	unchanged intentional August 15 final prediction
1786823004768-lj5jjp	Donte Johnson|Eric McConico	_provenance.featureVector.v1.rank_tier_dif	0	0	refresh commit 65f32e1 (intentional final pre-fight capture, user-confirmed authoritative)	preserved byte-for-byte; no recomputation	unchanged intentional August 15 final prediction
1786823004768-lj5jjp	Donte Johnson|Eric McConico	_provenance.featureVector.v1.reach_dif	-0.27777777777777773	-0.27777777777777773	refresh commit 65f32e1 (intentional final pre-fight capture, user-confirmed authoritative)	preserved byte-for-byte; no recomputation	unchanged intentional August 15 final prediction
1786823004768-lj5jjp	Donte Johnson|Eric McConico	_provenance.featureVector.v1.sig_str_dif	0.012318526749766473	0.012318526749766473	refresh commit 65f32e1 (intentional final pre-fight capture, user-confirmed authoritative)	preserved byte-for-byte; no recomputation	unchanged intentional August 15 final prediction
1786823004768-lj5jjp	Donte Johnson|Eric McConico	_provenance.featureVector.v1.sub_dif	0.7142857142857143	0.7142857142857143	refresh commit 65f32e1 (intentional final pre-fight capture, user-confirmed authoritative)	preserved byte-for-byte; no recomputation	unchanged intentional August 15 final prediction
1786823004768-lj5jjp	Donte Johnson|Eric McConico	_provenance.featureVector.v1.total_round_dif	-0.35294117647058826	-0.35294117647058826	refresh commit 65f32e1 (intentional final pre-fight capture, user-confirmed authoritative)	preserved byte-for-byte; no recomputation	unchanged intentional August 15 final prediction
1786823004768-lj5jjp	Donte Johnson|Eric McConico	_provenance.featureVector.v1.total_title_bout_dif	0	0	refresh commit 65f32e1 (intentional final pre-fight capture, user-confirmed authoritative)	preserved byte-for-byte; no recomputation	unchanged intentional August 15 final prediction
1786823004768-lj5jjp	Donte Johnson|Eric McConico	_provenance.featureVector.v1.ufc_fight_count_dif	-0.25	-0.25	refresh commit 65f32e1 (intentional final pre-fight capture, user-confirmed authoritative)	preserved byte-for-byte; no recomputation	unchanged intentional August 15 final prediction
1786823004768-lj5jjp	Donte Johnson|Eric McConico	_provenance.featureVector.v1.win_dif	0	0	refresh commit 65f32e1 (intentional final pre-fight capture, user-confirmed authoritative)	preserved byte-for-byte; no recomputation	unchanged intentional August 15 final prediction
1786823004768-lj5jjp	Donte Johnson|Eric McConico	_provenance.featureVector.v1.win_streak_dif	0.7142857142857143	0.7142857142857143	refresh commit 65f32e1 (intentional final pre-fight capture, user-confirmed authoritative)	preserved byte-for-byte; no recomputation	unchanged intentional August 15 final prediction
1786823004768-lj5jjp	Donte Johnson|Eric McConico	_provenance.featureVector.v2.elo	0.61	0.61	refresh commit 65f32e1 (intentional final pre-fight capture, user-confirmed authoritative)	preserved byte-for-byte; no recomputation	unchanged intentional August 15 final prediction
1786823004768-lj5jjp	Donte Johnson|Eric McConico	_provenance.featureVector.v2.height	-4	-4	refresh commit 65f32e1 (intentional final pre-fight capture, user-confirmed authoritative)	preserved byte-for-byte; no recomputation	unchanged intentional August 15 final prediction
1786823004768-lj5jjp	Donte Johnson|Eric McConico	_provenance.featureVector.v2.ko_wins	0	0	refresh commit 65f32e1 (intentional final pre-fight capture, user-confirmed authoritative)	preserved byte-for-byte; no recomputation	unchanged intentional August 15 final prediction
1786823004768-lj5jjp	Donte Johnson|Eric McConico	_provenance.featureVector.v2.losses	2	2	refresh commit 65f32e1 (intentional final pre-fight capture, user-confirmed authoritative)	preserved byte-for-byte; no recomputation	unchanged intentional August 15 final prediction
1786823004768-lj5jjp	Donte Johnson|Eric McConico	_provenance.featureVector.v2.modern_form	0.3555555555555556	0.3555555555555556	refresh commit 65f32e1 (intentional final pre-fight capture, user-confirmed authoritative)	preserved byte-for-byte; no recomputation	unchanged intentional August 15 final prediction
1786823004768-lj5jjp	Donte Johnson|Eric McConico	_provenance.featureVector.v2.reach	-3	-3	refresh commit 65f32e1 (intentional final pre-fight capture, user-confirmed authoritative)	preserved byte-for-byte; no recomputation	unchanged intentional August 15 final prediction
1786823004768-lj5jjp	Donte Johnson|Eric McConico	_provenance.featureVector.v2.rounds	-6	-6	refresh commit 65f32e1 (intentional final pre-fight capture, user-confirmed authoritative)	preserved byte-for-byte; no recomputation	unchanged intentional August 15 final prediction
1786823004768-lj5jjp	Donte Johnson|Eric McConico	_provenance.featureVector.v2.sig_str_accuracy	-0.013546564885495993	-0.013546564885495993	refresh commit 65f32e1 (intentional final pre-fight capture, user-confirmed authoritative)	preserved byte-for-byte; no recomputation	unchanged intentional August 15 final prediction
1786823004768-lj5jjp	Donte Johnson|Eric McConico	_provenance.featureVector.v2.sig_str_landed	0.19463272264631026	0.19463272264631026	refresh commit 65f32e1 (intentional final pre-fight capture, user-confirmed authoritative)	preserved byte-for-byte; no recomputation	unchanged intentional August 15 final prediction
1786823004768-lj5jjp	Donte Johnson|Eric McConico	_provenance.featureVector.v2.sub_attempts	0.43745882951653947	0.43745882951653947	refresh commit 65f32e1 (intentional final pre-fight capture, user-confirmed authoritative)	preserved byte-for-byte; no recomputation	unchanged intentional August 15 final prediction
1786823004768-lj5jjp	Donte Johnson|Eric McConico	_provenance.featureVector.v2.sub_wins	1	1	refresh commit 65f32e1 (intentional final pre-fight capture, user-confirmed authoritative)	preserved byte-for-byte; no recomputation	unchanged intentional August 15 final prediction
1786823004768-lj5jjp	Donte Johnson|Eric McConico	_provenance.featureVector.v2.td_accuracy	-0.24911603053435105	-0.24911603053435105	refresh commit 65f32e1 (intentional final pre-fight capture, user-confirmed authoritative)	preserved byte-for-byte; no recomputation	unchanged intentional August 15 final prediction
1786823004768-lj5jjp	Donte Johnson|Eric McConico	_provenance.featureVector.v2.td_landed	0.8272060559796435	0.8272060559796435	refresh commit 65f32e1 (intentional final pre-fight capture, user-confirmed authoritative)	preserved byte-for-byte; no recomputation	unchanged intentional August 15 final prediction
1786823004768-lj5jjp	Donte Johnson|Eric McConico	_provenance.featureVector.v2.title_bouts	0	0	refresh commit 65f32e1 (intentional final pre-fight capture, user-confirmed authoritative)	preserved byte-for-byte; no recomputation	unchanged intentional August 15 final prediction
1786823004768-lj5jjp	Donte Johnson|Eric McConico	_provenance.featureVector.v2.wins	0	0	refresh commit 65f32e1 (intentional final pre-fight capture, user-confirmed authoritative)	preserved byte-for-byte; no recomputation	unchanged intentional August 15 final prediction
1786823004768-lj5jjp	Donte Johnson|Eric McConico	_provenance.featureVector.v2.younger	9	9	refresh commit 65f32e1 (intentional final pre-fight capture, user-confirmed authoritative)	preserved byte-for-byte; no recomputation	unchanged intentional August 15 final prediction
1786823004768-lj5jjp	Donte Johnson|Eric McConico	_provenance.fightHistoryCutoff.fighterA	"2026-03-07"	"2026-03-07"	refresh commit 65f32e1 (intentional final pre-fight capture, user-confirmed authoritative)	preserved byte-for-byte; no recomputation	unchanged intentional August 15 final prediction
1786823004768-lj5jjp	Donte Johnson|Eric McConico	_provenance.fightHistoryCutoff.fighterB	"2026-04-25"	"2026-04-25"	refresh commit 65f32e1 (intentional final pre-fight capture, user-confirmed authoritative)	preserved byte-for-byte; no recomputation	unchanged intentional August 15 final prediction
1786823004768-lj5jjp	Donte Johnson|Eric McConico	_provenance.frozenTier	"NO BET"	"NO BET"	refresh commit 65f32e1 (intentional final pre-fight capture, user-confirmed authoritative)	preserved byte-for-byte; no recomputation	unchanged intentional August 15 final prediction
1786823004768-lj5jjp	Donte Johnson|Eric McConico	_provenance.modelCoefHash	"256f866e"	"256f866e"	refresh commit 65f32e1 (intentional final pre-fight capture, user-confirmed authoritative)	preserved byte-for-byte; no recomputation	unchanged intentional August 15 final prediction
1786823004768-lj5jjp	Donte Johnson|Eric McConico	_provenance.modelVersion	"logistic_v2.0_20260709"	"logistic_v2.0_20260709"	refresh commit 65f32e1 (intentional final pre-fight capture, user-confirmed authoritative)	preserved byte-for-byte; no recomputation	unchanged intentional August 15 final prediction
1786823004768-lj5jjp	Donte Johnson|Eric McConico	_provenance.predictionTimestamp	"2026-08-15T19:43:24.768Z"	"2026-08-15T19:43:24.768Z"	refresh commit 65f32e1 (intentional final pre-fight capture, user-confirmed authoritative)	preserved byte-for-byte; no recomputation	unchanged intentional August 15 final prediction
1786823004768-lj5jjp	Donte Johnson|Eric McConico	_provenance.sourceManifest.cardio.contentHash	"7025f1f440bbf01c15731cc40e65521e50635902ee482536cd07a412738b788c"	"7025f1f440bbf01c15731cc40e65521e50635902ee482536cd07a412738b788c"	refresh commit 65f32e1 (intentional final pre-fight capture, user-confirmed authoritative)	preserved byte-for-byte; no recomputation	unchanged intentional August 15 final prediction
1786823004768-lj5jjp	Donte Johnson|Eric McConico	_provenance.sourceManifest.cardio.feedsV2	false	false	refresh commit 65f32e1 (intentional final pre-fight capture, user-confirmed authoritative)	preserved byte-for-byte; no recomputation	unchanged intentional August 15 final prediction
1786823004768-lj5jjp	Donte Johnson|Eric McConico	_provenance.sourceManifest.cardio.file	"src/cardioModule.js"	"src/cardioModule.js"	refresh commit 65f32e1 (intentional final pre-fight capture, user-confirmed authoritative)	preserved byte-for-byte; no recomputation	unchanged intentional August 15 final prediction
1786823004768-lj5jjp	Donte Johnson|Eric McConico	_provenance.sourceManifest.cardio.generatedAt	"2026-08-13"	"2026-08-13"	refresh commit 65f32e1 (intentional final pre-fight capture, user-confirmed authoritative)	preserved byte-for-byte; no recomputation	unchanged intentional August 15 final prediction
1786823004768-lj5jjp	Donte Johnson|Eric McConico	_provenance.sourceManifest.cardio.generatorVersion	"unavailable -- no cardio-generation script found in repo"	"unavailable -- no cardio-generation script found in repo"	refresh commit 65f32e1 (intentional final pre-fight capture, user-confirmed authoritative)	preserved byte-for-byte; no recomputation	unchanged intentional August 15 final prediction
1786823004768-lj5jjp	Donte Johnson|Eric McConico	_provenance.sourceManifest.cardio.maxObservedEventDate	null	null	refresh commit 65f32e1 (intentional final pre-fight capture, user-confirmed authoritative)	preserved byte-for-byte; no recomputation	unchanged intentional August 15 final prediction
1786823004768-lj5jjp	Donte Johnson|Eric McConico	_provenance.sourceManifest.cardio.note	"Does not feed MODEL_V2 (no path into computeLogisticProb's 16 features, confirmed in research/source_integrity_audit.md). Tracked here for future model versions that might use it."	"Does not feed MODEL_V2 (no path into computeLogisticProb's 16 features, confirmed in research/source_integrity_audit.md). Tracked here for future model versions that might use it."	refresh commit 65f32e1 (intentional final pre-fight capture, user-confirmed authoritative)	preserved byte-for-byte; no recomputation	unchanged intentional August 15 final prediction
1786823004768-lj5jjp	Donte Johnson|Eric McConico	_provenance.sourceManifest.cardio.verificationMethod	"INDETERMINATE: no generator script present in the repository, and no per-fighter date field is embedded in the shipped artifact itself, so maxObservedEventDate cannot be independently verified the way the Greco-CSV-backed modules above were. The file's own header comment self-reports \"fetched 2026-04-14\" -- this is NOT independently verified and should not be treated as authoritative."	"INDETERMINATE: no generator script present in the repository, and no per-fighter date field is embedded in the shipped artifact itself, so maxObservedEventDate cannot be independently verified the way the Greco-CSV-backed modules above were. The file's own header comment self-reports \"fetched 2026-04-14\" -- this is NOT independently verified and should not be treated as authoritative."	refresh commit 65f32e1 (intentional final pre-fight capture, user-confirmed authoritative)	preserved byte-for-byte; no recomputation	unchanged intentional August 15 final prediction
1786823004768-lj5jjp	Donte Johnson|Eric McConico	_provenance.sourceManifest.elo.contentHash	"0cb60aee84bb6b2b40b2cb476c44e734f9706a96942246d022d285ebe80aa35d"	"0cb60aee84bb6b2b40b2cb476c44e734f9706a96942246d022d285ebe80aa35d"	refresh commit 65f32e1 (intentional final pre-fight capture, user-confirmed authoritative)	preserved byte-for-byte; no recomputation	unchanged intentional August 15 final prediction
1786823004768-lj5jjp	Donte Johnson|Eric McConico	_provenance.sourceManifest.elo.feedsV2	true	true	refresh commit 65f32e1 (intentional final pre-fight capture, user-confirmed authoritative)	preserved byte-for-byte; no recomputation	unchanged intentional August 15 final prediction
1786823004768-lj5jjp	Donte Johnson|Eric McConico	_provenance.sourceManifest.elo.file	"src/eloModule.js"	"src/eloModule.js"	refresh commit 65f32e1 (intentional final pre-fight capture, user-confirmed authoritative)	preserved byte-for-byte; no recomputation	unchanged intentional August 15 final prediction
1786823004768-lj5jjp	Donte Johnson|Eric McConico	_provenance.sourceManifest.elo.generatedAt	"2026-08-13"	"2026-08-13"	refresh commit 65f32e1 (intentional final pre-fight capture, user-confirmed authoritative)	preserved byte-for-byte; no recomputation	unchanged intentional August 15 final prediction
1786823004768-lj5jjp	Donte Johnson|Eric McConico	_provenance.sourceManifest.elo.generatorRequiredInputs	["ufc_fight_results.csv", "ufc_event_details.csv"]	["ufc_fight_results.csv", "ufc_event_details.csv"]	refresh commit 65f32e1 (intentional final pre-fight capture, user-confirmed authoritative)	preserved byte-for-byte; no recomputation	unchanged intentional August 15 final prediction
1786823004768-lj5jjp	Donte Johnson|Eric McConico	_provenance.sourceManifest.elo.generatorVersion	"regen_elo.py @ 97d2379ea418148c1ce0a21deae0461310914844"	"regen_elo.py @ 97d2379ea418148c1ce0a21deae0461310914844"	refresh commit 65f32e1 (intentional final pre-fight capture, user-confirmed authoritative)	preserved byte-for-byte; no recomputation	unchanged intentional August 15 final prediction
1786823004768-lj5jjp	Donte Johnson|Eric McConico	_provenance.sourceManifest.elo.maxObservedEventDate	"2026-08-08"	"2026-08-08"	refresh commit 65f32e1 (intentional final pre-fight capture, user-confirmed authoritative)	preserved byte-for-byte; no recomputation	unchanged intentional August 15 final prediction
1786823004768-lj5jjp	Donte Johnson|Eric McConico	_provenance.sourceManifest.elo.sourceInputs	["ufc_fight_results.csv", "ufc_event_details.csv"]	["ufc_fight_results.csv", "ufc_event_details.csv"]	refresh commit 65f32e1 (intentional final pre-fight capture, user-confirmed authoritative)	preserved byte-for-byte; no recomputation	unchanged intentional August 15 final prediction
1786823004768-lj5jjp	Donte Johnson|Eric McConico	_provenance.sourceManifest.elo.verificationMethod	"Parsed DATE column of ufc_event_details.csv directly (783 rows); maximum event date found = 2026-08-08. Cross-checked ufc_fight_results.csv, ufc_fight_details.csv, ufc_fight_stats.csv for window-period event names: FOUND (see manual audit). This value is NOT derived from any file mtime, git commit date, or in-file header comment -- see research/source_integrity_audit.md for the original manual methodology this script automates. NOTE: eloModule.js's own header comment claims coverage \"through Jul 2026\" -- this is misleading relative to the verified underlying data and should not be trusted; regen_elo.py reads only ufc_fight_results.csv + ufc_event_details.csv. Unlike ELO, the fighter aggregate updater also requires ufc_fight_details.csv and ufc_fight_stats.csv."	"Parsed DATE column of ufc_event_details.csv directly (783 rows); maximum event date found = 2026-08-08. Cross-checked ufc_fight_results.csv, ufc_fight_details.csv, ufc_fight_stats.csv for window-period event names: FOUND (see manual audit). This value is NOT derived from any file mtime, git commit date, or in-file header comment -- see research/source_integrity_audit.md for the original manual methodology this script automates. NOTE: eloModule.js's own header comment claims coverage \"through Jul 2026\" -- this is misleading relative to the verified underlying data and should not be trusted; regen_elo.py reads only ufc_fight_results.csv + ufc_event_details.csv. Unlike ELO, the fighter aggregate updater also requires ufc_fight_details.csv and ufc_fight_stats.csv."	refresh commit 65f32e1 (intentional final pre-fight capture, user-confirmed authoritative)	preserved byte-for-byte; no recomputation	unchanged intentional August 15 final prediction
1786823004768-lj5jjp	Donte Johnson|Eric McConico	_provenance.sourceManifest.fightHistory.contentHash	"46bff36e8569423c1401fb137638b82265fab6a675584273ac1f0181ff9df0a5"	"46bff36e8569423c1401fb137638b82265fab6a675584273ac1f0181ff9df0a5"	refresh commit 65f32e1 (intentional final pre-fight capture, user-confirmed authoritative)	preserved byte-for-byte; no recomputation	unchanged intentional August 15 final prediction
1786823004768-lj5jjp	Donte Johnson|Eric McConico	_provenance.sourceManifest.fightHistory.feedsV2	true	true	refresh commit 65f32e1 (intentional final pre-fight capture, user-confirmed authoritative)	preserved byte-for-byte; no recomputation	unchanged intentional August 15 final prediction
1786823004768-lj5jjp	Donte Johnson|Eric McConico	_provenance.sourceManifest.fightHistory.file	"src/fightHistory.js"	"src/fightHistory.js"	refresh commit 65f32e1 (intentional final pre-fight capture, user-confirmed authoritative)	preserved byte-for-byte; no recomputation	unchanged intentional August 15 final prediction
1786823004768-lj5jjp	Donte Johnson|Eric McConico	_provenance.sourceManifest.fightHistory.generatedAt	"2026-08-13"	"2026-08-13"	refresh commit 65f32e1 (intentional final pre-fight capture, user-confirmed authoritative)	preserved byte-for-byte; no recomputation	unchanged intentional August 15 final prediction
1786823004768-lj5jjp	Donte Johnson|Eric McConico	_provenance.sourceManifest.fightHistory.generatorRequiredInputs	["ufc_fight_results.csv", "ufc_event_details.csv", "ufc_fight_details.csv", "ufc_fight_stats.csv"]	["ufc_fight_results.csv", "ufc_event_details.csv", "ufc_fight_details.csv", "ufc_fight_stats.csv"]	refresh commit 65f32e1 (intentional final pre-fight capture, user-confirmed authoritative)	preserved byte-for-byte; no recomputation	unchanged intentional August 15 final prediction
1786823004768-lj5jjp	Donte Johnson|Eric McConico	_provenance.sourceManifest.fightHistory.generatorVersion	"update_fighters.py @ 97d2379ea418148c1ce0a21deae0461310914844"	"update_fighters.py @ 97d2379ea418148c1ce0a21deae0461310914844"	refresh commit 65f32e1 (intentional final pre-fight capture, user-confirmed authoritative)	preserved byte-for-byte; no recomputation	unchanged intentional August 15 final prediction
1786823004768-lj5jjp	Donte Johnson|Eric McConico	_provenance.sourceManifest.fightHistory.maxObservedEventDate	"2026-08-08"	"2026-08-08"	refresh commit 65f32e1 (intentional final pre-fight capture, user-confirmed authoritative)	preserved byte-for-byte; no recomputation	unchanged intentional August 15 final prediction
1786823004768-lj5jjp	Donte Johnson|Eric McConico	_provenance.sourceManifest.fightHistory.sourceInputs	["ufc_fight_results.csv", "ufc_event_details.csv", "ufc_fight_details.csv"]	["ufc_fight_results.csv", "ufc_event_details.csv", "ufc_fight_details.csv"]	refresh commit 65f32e1 (intentional final pre-fight capture, user-confirmed authoritative)	preserved byte-for-byte; no recomputation	unchanged intentional August 15 final prediction
1786823004768-lj5jjp	Donte Johnson|Eric McConico	_provenance.sourceManifest.fightHistory.verificationMethod	"Parsed DATE column of ufc_event_details.csv directly (783 rows); maximum event date found = 2026-08-08. Cross-checked ufc_fight_results.csv, ufc_fight_details.csv, ufc_fight_stats.csv for window-period event names: FOUND (see manual audit). This value is NOT derived from any file mtime, git commit date, or in-file header comment -- see research/source_integrity_audit.md for the original manual methodology this script automates."	"Parsed DATE column of ufc_event_details.csv directly (783 rows); maximum event date found = 2026-08-08. Cross-checked ufc_fight_results.csv, ufc_fight_details.csv, ufc_fight_stats.csv for window-period event names: FOUND (see manual audit). This value is NOT derived from any file mtime, git commit date, or in-file header comment -- see research/source_integrity_audit.md for the original manual methodology this script automates."	refresh commit 65f32e1 (intentional final pre-fight capture, user-confirmed authoritative)	preserved byte-for-byte; no recomputation	unchanged intentional August 15 final prediction
1786823004768-lj5jjp	Donte Johnson|Eric McConico	_provenance.sourceManifest.fighterBirthdates.contentHash	"560e7d5207c1766a57380ce852767ea03b004a89e2281c3be3dd11fc9e63cd5d"	"560e7d5207c1766a57380ce852767ea03b004a89e2281c3be3dd11fc9e63cd5d"	refresh commit 65f32e1 (intentional final pre-fight capture, user-confirmed authoritative)	preserved byte-for-byte; no recomputation	unchanged intentional August 15 final prediction
1786823004768-lj5jjp	Donte Johnson|Eric McConico	_provenance.sourceManifest.fighterBirthdates.feedsV2	true	true	refresh commit 65f32e1 (intentional final pre-fight capture, user-confirmed authoritative)	preserved byte-for-byte; no recomputation	unchanged intentional August 15 final prediction
1786823004768-lj5jjp	Donte Johnson|Eric McConico	_provenance.sourceManifest.fighterBirthdates.file	"src/fighterBirthdates.js"	"src/fighterBirthdates.js"	refresh commit 65f32e1 (intentional final pre-fight capture, user-confirmed authoritative)	preserved byte-for-byte; no recomputation	unchanged intentional August 15 final prediction
1786823004768-lj5jjp	Donte Johnson|Eric McConico	_provenance.sourceManifest.fighterBirthdates.generatedAt	"2026-08-13"	"2026-08-13"	refresh commit 65f32e1 (intentional final pre-fight capture, user-confirmed authoritative)	preserved byte-for-byte; no recomputation	unchanged intentional August 15 final prediction
1786823004768-lj5jjp	Donte Johnson|Eric McConico	_provenance.sourceManifest.fighterBirthdates.generatorVersion	"scripts/generate-fighter-birthdates.mjs @ 97d2379ea418148c1ce0a21deae0461310914844"	"scripts/generate-fighter-birthdates.mjs @ 97d2379ea418148c1ce0a21deae0461310914844"	refresh commit 65f32e1 (intentional final pre-fight capture, user-confirmed authoritative)	preserved byte-for-byte; no recomputation	unchanged intentional August 15 final prediction
1786823004768-lj5jjp	Donte Johnson|Eric McConico	_provenance.sourceManifest.fighterBirthdates.maxObservedEventDate	null	null	refresh commit 65f32e1 (intentional final pre-fight capture, user-confirmed authoritative)	preserved byte-for-byte; no recomputation	unchanged intentional August 15 final prediction
1786823004768-lj5jjp	Donte Johnson|Eric McConico	_provenance.sourceManifest.fighterBirthdates.note	"Canonical fighter name -> date of birth. Feeds the v2 'younger' feature and the v1 age differential/age-decay penalty via src/domain/age, which derives every age from DOB -- at app load for the roster, and at the bout date for a prediction. The integer AGE values in fightersData.js are now used only where no birth date exists here."	"Canonical fighter name -> date of birth. Feeds the v2 'younger' feature and the v1 age differential/age-decay penalty via src/domain/age, which derives every age from DOB -- at app load for the roster, and at the bout date for a prediction. The integer AGE values in fightersData.js are now used only where no birth date exists here."	refresh commit 65f32e1 (intentional final pre-fight capture, user-confirmed authoritative)	preserved byte-for-byte; no recomputation	unchanged intentional August 15 final prediction
1786823004768-lj5jjp	Donte Johnson|Eric McConico	_provenance.sourceManifest.fighterBirthdates.verificationMethod	"Recomputed the join from source while writing this manifest: read 2267 rows from fighters.json, of which 2207 carry a dob matching ^\\d{4}-\\d{2}-\\d{2}$; applied 1 name_aliases.json rewrites; produced 2207 canonical names, and the shipped artifact contains 2207 entries. The generator raises on any canonical name that would receive two DIFFERENT birth dates, so a silent bad join cannot ship. Keys are sorted by UTF-16 code point (not localeCompare), making regeneration byte-identical across machines and ICU builds; the scheduled workflow enforces this with a --check re-run. maxObservedEventDate is null by nature, not by omission: this artifact holds birth dates, which are not event-scoped, so there is no event date it could be current or stale relative to. Its freshness question is coverage, which is the measured count above."	"Recomputed the join from source while writing this manifest: read 2267 rows from fighters.json, of which 2207 carry a dob matching ^\\d{4}-\\d{2}-\\d{2}$; applied 1 name_aliases.json rewrites; produced 2207 canonical names, and the shipped artifact contains 2207 entries. The generator raises on any canonical name that would receive two DIFFERENT birth dates, so a silent bad join cannot ship. Keys are sorted by UTF-16 code point (not localeCompare), making regeneration byte-identical across machines and ICU builds; the scheduled workflow enforces this with a --check re-run. maxObservedEventDate is null by nature, not by omission: this artifact holds birth dates, which are not event-scoped, so there is no event date it could be current or stale relative to. Its freshness question is coverage, which is the measured count above."	refresh commit 65f32e1 (intentional final pre-fight capture, user-confirmed authoritative)	preserved byte-for-byte; no recomputation	unchanged intentional August 15 final prediction
1786823004768-lj5jjp	Donte Johnson|Eric McConico	_provenance.sourceManifest.fightersDataAggregates.contentHash	"51dc68372e9742be8602c43b0a9119ecc3e2c9eb5fa0b3c4a97980ab1e244aad"	"51dc68372e9742be8602c43b0a9119ecc3e2c9eb5fa0b3c4a97980ab1e244aad"	refresh commit 65f32e1 (intentional final pre-fight capture, user-confirmed authoritative)	preserved byte-for-byte; no recomputation	unchanged intentional August 15 final prediction
1786823004768-lj5jjp	Donte Johnson|Eric McConico	_provenance.sourceManifest.fightersDataAggregates.feedsV2	true	true	refresh commit 65f32e1 (intentional final pre-fight capture, user-confirmed authoritative)	preserved byte-for-byte; no recomputation	unchanged intentional August 15 final prediction
1786823004768-lj5jjp	Donte Johnson|Eric McConico	_provenance.sourceManifest.fightersDataAggregates.file	"src/fightersData.js"	"src/fightersData.js"	refresh commit 65f32e1 (intentional final pre-fight capture, user-confirmed authoritative)	preserved byte-for-byte; no recomputation	unchanged intentional August 15 final prediction
1786823004768-lj5jjp	Donte Johnson|Eric McConico	_provenance.sourceManifest.fightersDataAggregates.generatedAt	"2026-08-13"	"2026-08-13"	refresh commit 65f32e1 (intentional final pre-fight capture, user-confirmed authoritative)	preserved byte-for-byte; no recomputation	unchanged intentional August 15 final prediction
1786823004768-lj5jjp	Donte Johnson|Eric McConico	_provenance.sourceManifest.fightersDataAggregates.generatorRequiredInputs	["ufc_fight_results.csv", "ufc_event_details.csv", "ufc_fight_details.csv", "ufc_fight_stats.csv"]	["ufc_fight_results.csv", "ufc_event_details.csv", "ufc_fight_details.csv", "ufc_fight_stats.csv"]	refresh commit 65f32e1 (intentional final pre-fight capture, user-confirmed authoritative)	preserved byte-for-byte; no recomputation	unchanged intentional August 15 final prediction
1786823004768-lj5jjp	Donte Johnson|Eric McConico	_provenance.sourceManifest.fightersDataAggregates.generatorVersion	"update_fighters.py @ 97d2379ea418148c1ce0a21deae0461310914844"	"update_fighters.py @ 97d2379ea418148c1ce0a21deae0461310914844"	refresh commit 65f32e1 (intentional final pre-fight capture, user-confirmed authoritative)	preserved byte-for-byte; no recomputation	unchanged intentional August 15 final prediction
1786823004768-lj5jjp	Donte Johnson|Eric McConico	_provenance.sourceManifest.fightersDataAggregates.maxObservedEventDate	"2026-08-08"	"2026-08-08"	refresh commit 65f32e1 (intentional final pre-fight capture, user-confirmed authoritative)	preserved byte-for-byte; no recomputation	unchanged intentional August 15 final prediction
1786823004768-lj5jjp	Donte Johnson|Eric McConico	_provenance.sourceManifest.fightersDataAggregates.note	"Feeds ASL/ASP/ATL/ATP/ASA (sig_str_landed, sig_str_accuracy, sub_attempts, td_landed, td_accuracy) and TR (rounds) -- the highest-weight non-ELO v2 features."	"Feeds ASL/ASP/ATL/ATP/ASA (sig_str_landed, sig_str_accuracy, sub_attempts, td_landed, td_accuracy) and TR (rounds) -- the highest-weight non-ELO v2 features."	refresh commit 65f32e1 (intentional final pre-fight capture, user-confirmed authoritative)	preserved byte-for-byte; no recomputation	unchanged intentional August 15 final prediction
1786823004768-lj5jjp	Donte Johnson|Eric McConico	_provenance.sourceManifest.fightersDataAggregates.sourceInputs	["ufc_fight_results.csv", "ufc_event_details.csv", "ufc_fight_details.csv", "ufc_fight_stats.csv"]	["ufc_fight_results.csv", "ufc_event_details.csv", "ufc_fight_details.csv", "ufc_fight_stats.csv"]	refresh commit 65f32e1 (intentional final pre-fight capture, user-confirmed authoritative)	preserved byte-for-byte; no recomputation	unchanged intentional August 15 final prediction
1786823004768-lj5jjp	Donte Johnson|Eric McConico	_provenance.sourceManifest.fightersDataAggregates.verificationMethod	"Parsed DATE column of ufc_event_details.csv directly (783 rows); maximum event date found = 2026-08-08. Cross-checked ufc_fight_results.csv, ufc_fight_details.csv, ufc_fight_stats.csv for window-period event names: FOUND (see manual audit). This value is NOT derived from any file mtime, git commit date, or in-file header comment -- see research/source_integrity_audit.md for the original manual methodology this script automates."	"Parsed DATE column of ufc_event_details.csv directly (783 rows); maximum event date found = 2026-08-08. Cross-checked ufc_fight_results.csv, ufc_fight_details.csv, ufc_fight_stats.csv for window-period event names: FOUND (see manual audit). This value is NOT derived from any file mtime, git commit date, or in-file header comment -- see research/source_integrity_audit.md for the original manual methodology this script automates."	refresh commit 65f32e1 (intentional final pre-fight capture, user-confirmed authoritative)	preserved byte-for-byte; no recomputation	unchanged intentional August 15 final prediction
1786823004768-lj5jjp	Donte Johnson|Eric McConico	_provenance.sourceManifest.rankHistory.contentHash	"9a706f356ef41fa68b605dd9c52740dd370eda014dfb747b0cb8bdc6313ba244"	"9a706f356ef41fa68b605dd9c52740dd370eda014dfb747b0cb8bdc6313ba244"	refresh commit 65f32e1 (intentional final pre-fight capture, user-confirmed authoritative)	preserved byte-for-byte; no recomputation	unchanged intentional August 15 final prediction
1786823004768-lj5jjp	Donte Johnson|Eric McConico	_provenance.sourceManifest.rankHistory.feedsV2	false	false	refresh commit 65f32e1 (intentional final pre-fight capture, user-confirmed authoritative)	preserved byte-for-byte; no recomputation	unchanged intentional August 15 final prediction
1786823004768-lj5jjp	Donte Johnson|Eric McConico	_provenance.sourceManifest.rankHistory.file	"src/rankHistory.js"	"src/rankHistory.js"	refresh commit 65f32e1 (intentional final pre-fight capture, user-confirmed authoritative)	preserved byte-for-byte; no recomputation	unchanged intentional August 15 final prediction
1786823004768-lj5jjp	Donte Johnson|Eric McConico	_provenance.sourceManifest.rankHistory.generatedAt	"2026-08-13"	"2026-08-13"	refresh commit 65f32e1 (intentional final pre-fight capture, user-confirmed authoritative)	preserved byte-for-byte; no recomputation	unchanged intentional August 15 final prediction
1786823004768-lj5jjp	Donte Johnson|Eric McConico	_provenance.sourceManifest.rankHistory.generatorVersion	"regen_rankhistory.py (untracked in git -- present on disk, no commit history, no recoverable version)"	"regen_rankhistory.py (untracked in git -- present on disk, no commit history, no recoverable version)"	refresh commit 65f32e1 (intentional final pre-fight capture, user-confirmed authoritative)	preserved byte-for-byte; no recomputation	unchanged intentional August 15 final prediction
1786823004768-lj5jjp	Donte Johnson|Eric McConico	_provenance.sourceManifest.rankHistory.maxObservedEventDate	"2026-03-12"	"2026-03-12"	refresh commit 65f32e1 (intentional final pre-fight capture, user-confirmed authoritative)	preserved byte-for-byte; no recomputation	unchanged intentional August 15 final prediction
1786823004768-lj5jjp	Donte Johnson|Eric McConico	_provenance.sourceManifest.rankHistory.note	"Does not feed MODEL_V2 (no path into computeLogisticProb's 16 features, confirmed in research/source_integrity_audit.md). Tracked here for future model versions that might use it."	"Does not feed MODEL_V2 (no path into computeLogisticProb's 16 features, confirmed in research/source_integrity_audit.md). Tracked here for future model versions that might use it."	refresh commit 65f32e1 (intentional final pre-fight capture, user-confirmed authoritative)	preserved byte-for-byte; no recomputation	unchanged intentional August 15 final prediction
1786823004768-lj5jjp	Donte Johnson|Eric McConico	_provenance.sourceManifest.rankHistory.verificationMethod	"Raw source UFC_rankings_history.csv is not present on disk, so maxObservedEventDate is instead the maximum YYYYMMDD date literally embedded in the shipped rankHistory.js artifact's own HISTORICAL_RANKINGS data -- a defensible proxy (the artifact cannot reflect dates its regeneration process never saw), but distinct from the direct-CSV verification used for the three modules above."	"Raw source UFC_rankings_history.csv is not present on disk, so maxObservedEventDate is instead the maximum YYYYMMDD date literally embedded in the shipped rankHistory.js artifact's own HISTORICAL_RANKINGS data -- a defensible proxy (the artifact cannot reflect dates its regeneration process never saw), but distinct from the direct-CSV verification used for the three modules above."	refresh commit 65f32e1 (intentional final pre-fight capture, user-confirmed authoritative)	preserved byte-for-byte; no recomputation	unchanged intentional August 15 final prediction
1786823004768-lj5jjp	Donte Johnson|Eric McConico	_provenance.sourceManifest.rankings.contentHash	"48524131c5d78b0adc80d83fe27a2ef7c365c124f66eddab11e17487f7df41d0"	"48524131c5d78b0adc80d83fe27a2ef7c365c124f66eddab11e17487f7df41d0"	refresh commit 65f32e1 (intentional final pre-fight capture, user-confirmed authoritative)	preserved byte-for-byte; no recomputation	unchanged intentional August 15 final prediction
1786823004768-lj5jjp	Donte Johnson|Eric McConico	_provenance.sourceManifest.rankings.feedsV2	false	false	refresh commit 65f32e1 (intentional final pre-fight capture, user-confirmed authoritative)	preserved byte-for-byte; no recomputation	unchanged intentional August 15 final prediction
1786823004768-lj5jjp	Donte Johnson|Eric McConico	_provenance.sourceManifest.rankings.file	"src/rankingsData.js"	"src/rankingsData.js"	refresh commit 65f32e1 (intentional final pre-fight capture, user-confirmed authoritative)	preserved byte-for-byte; no recomputation	unchanged intentional August 15 final prediction
1786823004768-lj5jjp	Donte Johnson|Eric McConico	_provenance.sourceManifest.rankings.generatedAt	"2026-08-07T18:49:33Z"	"2026-08-07T18:49:33Z"	refresh commit 65f32e1 (intentional final pre-fight capture, user-confirmed authoritative)	preserved byte-for-byte; no recomputation	unchanged intentional August 15 final prediction
1786823004768-lj5jjp	Donte Johnson|Eric McConico	_provenance.sourceManifest.rankings.generatorVersion	"scripts/update_rankings.py @ 97d2379ea418148c1ce0a21deae0461310914844"	"scripts/update_rankings.py @ 97d2379ea418148c1ce0a21deae0461310914844"	refresh commit 65f32e1 (intentional final pre-fight capture, user-confirmed authoritative)	preserved byte-for-byte; no recomputation	unchanged intentional August 15 final prediction
1786823004768-lj5jjp	Donte Johnson|Eric McConico	_provenance.sourceManifest.rankings.inProductionBundle	true	true	refresh commit 65f32e1 (intentional final pre-fight capture, user-confirmed authoritative)	preserved byte-for-byte; no recomputation	unchanged intentional August 15 final prediction
1786823004768-lj5jjp	Donte Johnson|Eric McConico	_provenance.sourceManifest.rankings.maxObservedEventDate	"2026-08-04"	"2026-08-04"	refresh commit 65f32e1 (intentional final pre-fight capture, user-confirmed authoritative)	preserved byte-for-byte; no recomputation	unchanged intentional August 15 final prediction
1786823004768-lj5jjp	Donte Johnson|Eric McConico	_provenance.sourceManifest.rankings.note	"Current official rankings feed fighter-profile/UI rank badges only. Runtime artifact: this is the only rankings file in the production dependency graph. Historical series live in the separate rankingsHistory module below."	"Current official rankings feed fighter-profile/UI rank badges only. Runtime artifact: this is the only rankings file in the production dependency graph. Historical series live in the separate rankingsHistory module below."	refresh commit 65f32e1 (intentional final pre-fight capture, user-confirmed authoritative)	preserved byte-for-byte; no recomputation	unchanged intentional August 15 final prediction
1786823004768-lj5jjp	Donte Johnson|Eric McConico	_provenance.sourceManifest.rankings.officialSnapshots	["2026-08-01-meta.json", "2026-08-04-media.json"]	["2026-08-01-meta.json", "2026-08-04-media.json"]	refresh commit 65f32e1 (intentional final pre-fight capture, user-confirmed authoritative)	preserved byte-for-byte; no recomputation	unchanged intentional August 15 final prediction
1786823004768-lj5jjp	Donte Johnson|Eric McConico	_provenance.sourceManifest.rankings.verificationMethod	"Read directly from the generated artifacts and the committed history cache, all produced by scripts/update_rankings.py and regenerating byte-identically from the same inputs. upstreamContentSha256 is the SHA-256 of the Kaggle CSV the cache was built from. No git commit date, file mtime, or header comment is consulted, and a missing artifact, cache or snapshot set is a hard failure rather than a silent fallback."	"Read directly from the generated artifacts and the committed history cache, all produced by scripts/update_rankings.py and regenerating byte-identically from the same inputs. upstreamContentSha256 is the SHA-256 of the Kaggle CSV the cache was built from. No git commit date, file mtime, or header comment is consulted, and a missing artifact, cache or snapshot set is a hard failure rather than a silent fallback."	refresh commit 65f32e1 (intentional final pre-fight capture, user-confirmed authoritative)	preserved byte-for-byte; no recomputation	unchanged intentional August 15 final prediction
1786823004768-lj5jjp	Donte Johnson|Eric McConico	_provenance.sourceManifest.rankingsHistory.contentHash	"387363b7f1fda0f51757fd778ff969ce9fffe1d34d3c870437977db5e36003a3"	"387363b7f1fda0f51757fd778ff969ce9fffe1d34d3c870437977db5e36003a3"	refresh commit 65f32e1 (intentional final pre-fight capture, user-confirmed authoritative)	preserved byte-for-byte; no recomputation	unchanged intentional August 15 final prediction
1786823004768-lj5jjp	Donte Johnson|Eric McConico	_provenance.sourceManifest.rankingsHistory.feedsV2	false	false	refresh commit 65f32e1 (intentional final pre-fight capture, user-confirmed authoritative)	preserved byte-for-byte; no recomputation	unchanged intentional August 15 final prediction
1786823004768-lj5jjp	Donte Johnson|Eric McConico	_provenance.sourceManifest.rankingsHistory.file	"src/rankingsHistoryData.js"	"src/rankingsHistoryData.js"	refresh commit 65f32e1 (intentional final pre-fight capture, user-confirmed authoritative)	preserved byte-for-byte; no recomputation	unchanged intentional August 15 final prediction
1786823004768-lj5jjp	Donte Johnson|Eric McConico	_provenance.sourceManifest.rankingsHistory.generatedAt	"2026-08-07T18:49:33Z"	"2026-08-07T18:49:33Z"	refresh commit 65f32e1 (intentional final pre-fight capture, user-confirmed authoritative)	preserved byte-for-byte; no recomputation	unchanged intentional August 15 final prediction
1786823004768-lj5jjp	Donte Johnson|Eric McConico	_provenance.sourceManifest.rankingsHistory.generatorVersion	"scripts/update_rankings.py @ 97d2379ea418148c1ce0a21deae0461310914844"	"scripts/update_rankings.py @ 97d2379ea418148c1ce0a21deae0461310914844"	refresh commit 65f32e1 (intentional final pre-fight capture, user-confirmed authoritative)	preserved byte-for-byte; no recomputation	unchanged intentional August 15 final prediction
1786823004768-lj5jjp	Donte Johnson|Eric McConico	_provenance.sourceManifest.rankingsHistory.historyCacheSha256	"4f245240e2b53ee088d82f861aa0a718aef9f62bf15d62eb434d4628b3b6b3ad"	"4f245240e2b53ee088d82f861aa0a718aef9f62bf15d62eb434d4628b3b6b3ad"	refresh commit 65f32e1 (intentional final pre-fight capture, user-confirmed authoritative)	preserved byte-for-byte; no recomputation	unchanged intentional August 15 final prediction
1786823004768-lj5jjp	Donte Johnson|Eric McConico	_provenance.sourceManifest.rankingsHistory.historyUsedThrough	"2026-06-18"	"2026-06-18"	refresh commit 65f32e1 (intentional final pre-fight capture, user-confirmed authoritative)	preserved byte-for-byte; no recomputation	unchanged intentional August 15 final prediction
1786823004768-lj5jjp	Donte Johnson|Eric McConico	_provenance.sourceManifest.rankingsHistory.inProductionBundle	false	false	refresh commit 65f32e1 (intentional final pre-fight capture, user-confirmed authoritative)	preserved byte-for-byte; no recomputation	unchanged intentional August 15 final prediction
1786823004768-lj5jjp	Donte Johnson|Eric McConico	_provenance.sourceManifest.rankingsHistory.maxObservedEventDate	"2026-08-04"	"2026-08-04"	refresh commit 65f32e1 (intentional final pre-fight capture, user-confirmed authoritative)	preserved byte-for-byte; no recomputation	unchanged intentional August 15 final prediction
1786823004768-lj5jjp	Donte Johnson|Eric McConico	_provenance.sourceManifest.rankingsHistory.note	"Historical divisional rankings. RESEARCH ARTIFACT: no runtime consumer and no model consumer -- neither the deprecated v1 engine nor the frozen 16-feature MODEL_V2. Kept out of the browser bundle; enforced by src/domain/rankings/__tests__/boundary.test.js (import graph) and scripts/verify-bundle.mjs (emitted assets)."	"Historical divisional rankings. RESEARCH ARTIFACT: no runtime consumer and no model consumer -- neither the deprecated v1 engine nor the frozen 16-feature MODEL_V2. Kept out of the browser bundle; enforced by src/domain/rankings/__tests__/boundary.test.js (import graph) and scripts/verify-bundle.mjs (emitted assets)."	refresh commit 65f32e1 (intentional final pre-fight capture, user-confirmed authoritative)	preserved byte-for-byte; no recomputation	unchanged intentional August 15 final prediction
1786823004768-lj5jjp	Donte Johnson|Eric McConico	_provenance.sourceManifest.rankingsHistory.upstreamContentSha256	"2d27b34e64372520e9170cc30f1d1c59e795d046b6726de89db95b9535db9858"	"2d27b34e64372520e9170cc30f1d1c59e795d046b6726de89db95b9535db9858"	refresh commit 65f32e1 (intentional final pre-fight capture, user-confirmed authoritative)	preserved byte-for-byte; no recomputation	unchanged intentional August 15 final prediction
1786823004768-lj5jjp	Donte Johnson|Eric McConico	_provenance.sourceManifest.rankingsHistory.upstreamVersion	49	49	refresh commit 65f32e1 (intentional final pre-fight capture, user-confirmed authoritative)	preserved byte-for-byte; no recomputation	unchanged intentional August 15 final prediction
1786823004768-lj5jjp	Donte Johnson|Eric McConico	_provenance.sourceManifest.rankingsHistory.verificationMethod	"Read directly from the generated artifacts and the committed history cache, all produced by scripts/update_rankings.py and regenerating byte-identically from the same inputs. upstreamContentSha256 is the SHA-256 of the Kaggle CSV the cache was built from. No git commit date, file mtime, or header comment is consulted, and a missing artifact, cache or snapshot set is a hard failure rather than a silent fallback."	"Read directly from the generated artifacts and the committed history cache, all produced by scripts/update_rankings.py and regenerating byte-identically from the same inputs. upstreamContentSha256 is the SHA-256 of the Kaggle CSV the cache was built from. No git commit date, file mtime, or header comment is consulted, and a missing artifact, cache or snapshot set is a hard failure rather than a silent fallback."	refresh commit 65f32e1 (intentional final pre-fight capture, user-confirmed authoritative)	preserved byte-for-byte; no recomputation	unchanged intentional August 15 final prediction
1786823004768-lj5jjp	Donte Johnson|Eric McConico	_provenance.targetEventDate	"2026-08-15"	"2026-08-15"	refresh commit 65f32e1 (intentional final pre-fight capture, user-confirmed authoritative)	preserved byte-for-byte; no recomputation	unchanged intentional August 15 final prediction
1786823004768-lj5jjp	Donte Johnson|Eric McConico	actualFinish	""	""	grading commit 3a67be6	preserved byte-for-byte; no recomputation	preserved legitimate grading
1786823004768-lj5jjp	Donte Johnson|Eric McConico	actualWinner	"Donte Johnson"	"Donte Johnson"	grading commit 3a67be6	preserved byte-for-byte; no recomputation	preserved legitimate grading
1786823004768-lj5jjp	Donte Johnson|Eric McConico	bestBet	null	null	refresh commit 65f32e1 (intentional final pre-fight capture, user-confirmed authoritative)	preserved byte-for-byte; no recomputation	unchanged intentional August 15 final prediction
1786823004768-lj5jjp	Donte Johnson|Eric McConico	betAction	"NO BET"	"NO BET"	refresh commit 65f32e1 (intentional final pre-fight capture, user-confirmed authoritative)	preserved byte-for-byte; no recomputation	unchanged intentional August 15 final prediction
1786823004768-lj5jjp	Donte Johnson|Eric McConico	betRecommendedFighter	""	""	refresh commit 65f32e1 (intentional final pre-fight capture, user-confirmed authoritative)	preserved byte-for-byte; no recomputation	unchanged intentional August 15 final prediction
1786823004768-lj5jjp	Donte Johnson|Eric McConico	betRecommendedOdds	""	""	refresh commit 65f32e1 (intentional final pre-fight capture, user-confirmed authoritative)	preserved byte-for-byte; no recomputation	unchanged intentional August 15 final prediction
1786823004768-lj5jjp	Donte Johnson|Eric McConico	boutContext.division	"Middleweight"	"Middleweight"	refresh commit 65f32e1 (intentional final pre-fight capture, user-confirmed authoritative)	preserved byte-for-byte; no recomputation	unchanged intentional August 15 final prediction
1786823004768-lj5jjp	Donte Johnson|Eric McConico	boutContext.isTitleBout	false	false	refresh commit 65f32e1 (intentional final pre-fight capture, user-confirmed authoritative)	preserved byte-for-byte; no recomputation	unchanged intentional August 15 final prediction
1786823004768-lj5jjp	Donte Johnson|Eric McConico	boutContext.scheduledRounds	3	3	refresh commit 65f32e1 (intentional final pre-fight capture, user-confirmed authoritative)	preserved byte-for-byte; no recomputation	unchanged intentional August 15 final prediction
1786823004768-lj5jjp	Donte Johnson|Eric McConico	createdAt	"2026-08-15T19:43:24.768Z"	"2026-08-15T19:43:24.768Z"	refresh commit 65f32e1 (intentional final pre-fight capture, user-confirmed authoritative)	preserved byte-for-byte; no recomputation	unchanged intentional August 15 final prediction
1786823004768-lj5jjp	Donte Johnson|Eric McConico	division	"Middleweight"	"Middleweight"	refresh commit 65f32e1 (intentional final pre-fight capture, user-confirmed authoritative)	preserved byte-for-byte; no recomputation	unchanged intentional August 15 final prediction
1786823004768-lj5jjp	Donte Johnson|Eric McConico	edge	-0.02734494324717729	-0.02734494324717729	refresh commit 65f32e1 (intentional final pre-fight capture, user-confirmed authoritative)	preserved byte-for-byte; no recomputation	unchanged intentional August 15 final prediction
1786823004768-lj5jjp	Donte Johnson|Eric McConico	edgeA	-0.02734494324717729	-0.02734494324717729	refresh commit 65f32e1 (intentional final pre-fight capture, user-confirmed authoritative)	preserved byte-for-byte; no recomputation	unchanged intentional August 15 final prediction
1786823004768-lj5jjp	Donte Johnson|Eric McConico	edgeB	0.027344943247177234	0.027344943247177234	refresh commit 65f32e1 (intentional final pre-fight capture, user-confirmed authoritative)	preserved byte-for-byte; no recomputation	unchanged intentional August 15 final prediction
1786823004768-lj5jjp	Donte Johnson|Eric McConico	ev	-7.748394153936793	-7.748394153936793	refresh commit 65f32e1 (intentional final pre-fight capture, user-confirmed authoritative)	preserved byte-for-byte; no recomputation	unchanged intentional August 15 final prediction
1786823004768-lj5jjp	Donte Johnson|Eric McConico	evA	-7.748394153936793	-7.748394153936793	refresh commit 65f32e1 (intentional final pre-fight capture, user-confirmed authoritative)	preserved byte-for-byte; no recomputation	unchanged intentional August 15 final prediction
1786823004768-lj5jjp	Donte Johnson|Eric McConico	evB	5.316661107357987	5.316661107357987	refresh commit 65f32e1 (intentional final pre-fight capture, user-confirmed authoritative)	preserved byte-for-byte; no recomputation	unchanged intentional August 15 final prediction
1786823004768-lj5jjp	Donte Johnson|Eric McConico	eventDate	"2026-08-15"	"2026-08-15"	refresh commit 65f32e1 (intentional final pre-fight capture, user-confirmed authoritative)	preserved byte-for-byte; no recomputation	unchanged intentional August 15 final prediction
1786823004768-lj5jjp	Donte Johnson|Eric McConico	eventName	"UFC 330"	"UFC 330"	refresh commit 65f32e1 (intentional final pre-fight capture, user-confirmed authoritative)	preserved byte-for-byte; no recomputation	unchanged intentional August 15 final prediction
1786823004768-lj5jjp	Donte Johnson|Eric McConico	fairLine	"-228"	"-228"	refresh commit 65f32e1 (intentional final pre-fight capture, user-confirmed authoritative)	preserved byte-for-byte; no recomputation	unchanged intentional August 15 final prediction
1786823004768-lj5jjp	Donte Johnson|Eric McConico	fairLineA	"-228"	"-228"	refresh commit 65f32e1 (intentional final pre-fight capture, user-confirmed authoritative)	preserved byte-for-byte; no recomputation	unchanged intentional August 15 final prediction
1786823004768-lj5jjp	Donte Johnson|Eric McConico	fairLineB	"+228"	"+228"	refresh commit 65f32e1 (intentional final pre-fight capture, user-confirmed authoritative)	preserved byte-for-byte; no recomputation	unchanged intentional August 15 final prediction
1786823004768-lj5jjp	Donte Johnson|Eric McConico	fighterA	"Donte Johnson"	"Donte Johnson"	refresh commit 65f32e1 (intentional final pre-fight capture, user-confirmed authoritative)	preserved byte-for-byte; no recomputation	unchanged intentional August 15 final prediction
1786823004768-lj5jjp	Donte Johnson|Eric McConico	fighterAIsProspect	false	false	refresh commit 65f32e1 (intentional final pre-fight capture, user-confirmed authoritative)	preserved byte-for-byte; no recomputation	unchanged intentional August 15 final prediction
1786823004768-lj5jjp	Donte Johnson|Eric McConico	fighterAProb	0.6463155570686728	0.6463155570686728	refresh commit 65f32e1 (intentional final pre-fight capture, user-confirmed authoritative)	preserved byte-for-byte; no recomputation	unchanged intentional August 15 final prediction
1786823004768-lj5jjp	Donte Johnson|Eric McConico	fighterB	"Eric McConico"	"Eric McConico"	refresh commit 65f32e1 (intentional final pre-fight capture, user-confirmed authoritative)	preserved byte-for-byte; no recomputation	unchanged intentional August 15 final prediction
1786823004768-lj5jjp	Donte Johnson|Eric McConico	fighterBIsProspect	false	false	refresh commit 65f32e1 (intentional final pre-fight capture, user-confirmed authoritative)	preserved byte-for-byte; no recomputation	unchanged intentional August 15 final prediction
1786823004768-lj5jjp	Donte Johnson|Eric McConico	fighterBProb	0.35368444293132717	0.35368444293132717	refresh commit 65f32e1 (intentional final pre-fight capture, user-confirmed authoritative)	preserved byte-for-byte; no recomputation	unchanged intentional August 15 final prediction
1786823004768-lj5jjp	Donte Johnson|Eric McConico	id	"1786823004768-lj5jjp"	"1786823004768-lj5jjp"	refresh commit 65f32e1 (intentional final pre-fight capture, user-confirmed authoritative)	preserved byte-for-byte; no recomputation	unchanged intentional August 15 final prediction
1786823004768-lj5jjp	Donte Johnson|Eric McConico	includesProspect	false	false	refresh commit 65f32e1 (intentional final pre-fight capture, user-confirmed authoritative)	preserved byte-for-byte; no recomputation	unchanged intentional August 15 final prediction
1786823004768-lj5jjp	Donte Johnson|Eric McConico	kelly	0	0	refresh commit 65f32e1 (intentional final pre-fight capture, user-confirmed authoritative)	preserved byte-for-byte; no recomputation	unchanged intentional August 15 final prediction
1786823004768-lj5jjp	Donte Johnson|Eric McConico	kellyA	0	0	refresh commit 65f32e1 (intentional final pre-fight capture, user-confirmed authoritative)	preserved byte-for-byte; no recomputation	unchanged intentional August 15 final prediction
1786823004768-lj5jjp	Donte Johnson|Eric McConico	kellyB	0.021700657581053016	0.021700657581053016	refresh commit 65f32e1 (intentional final pre-fight capture, user-confirmed authoritative)	preserved byte-for-byte; no recomputation	unchanged intentional August 15 final prediction
1786823004768-lj5jjp	Donte Johnson|Eric McConico	marketOdds	"-305"	"-305"	refresh commit 65f32e1 (intentional final pre-fight capture, user-confirmed authoritative)	preserved byte-for-byte; no recomputation	unchanged intentional August 15 final prediction
1786823004768-lj5jjp	Donte Johnson|Eric McConico	modelUsed	"v2"	"v2"	refresh commit 65f32e1 (intentional final pre-fight capture, user-confirmed authoritative)	preserved byte-for-byte; no recomputation	unchanged intentional August 15 final prediction
1786823004768-lj5jjp	Donte Johnson|Eric McConico	notes	""	""	refresh commit 65f32e1 (intentional final pre-fight capture, user-confirmed authoritative)	preserved byte-for-byte; no recomputation	unchanged intentional August 15 final prediction
1786823004768-lj5jjp	Donte Johnson|Eric McConico	oddsA	"-305"	"-305"	refresh commit 65f32e1 (intentional final pre-fight capture, user-confirmed authoritative)	preserved byte-for-byte; no recomputation	unchanged intentional August 15 final prediction
1786823004768-lj5jjp	Donte Johnson|Eric McConico	oddsB	"+245"	"+245"	refresh commit 65f32e1 (intentional final pre-fight capture, user-confirmed authoritative)	preserved byte-for-byte; no recomputation	unchanged intentional August 15 final prediction
1786823004768-lj5jjp	Donte Johnson|Eric McConico	predictedProb	0.6463155570686728	0.6463155570686728	refresh commit 65f32e1 (intentional final pre-fight capture, user-confirmed authoritative)	preserved byte-for-byte; no recomputation	unchanged intentional August 15 final prediction
1786823004768-lj5jjp	Donte Johnson|Eric McConico	predictedWinner	"Donte Johnson"	"Donte Johnson"	refresh commit 65f32e1 (intentional final pre-fight capture, user-confirmed authoritative)	preserved byte-for-byte; no recomputation	unchanged intentional August 15 final prediction
1786823004768-lj5jjp	Donte Johnson|Eric McConico	projectedDEC	81	81	refresh commit 65f32e1 (intentional final pre-fight capture, user-confirmed authoritative)	preserved byte-for-byte; no recomputation	unchanged intentional August 15 final prediction
1786823004768-lj5jjp	Donte Johnson|Eric McConico	projectedFinish	"DEC"	"DEC"	refresh commit 65f32e1 (intentional final pre-fight capture, user-confirmed authoritative)	preserved byte-for-byte; no recomputation	unchanged intentional August 15 final prediction
1786823004768-lj5jjp	Donte Johnson|Eric McConico	projectedKO	5	5	refresh commit 65f32e1 (intentional final pre-fight capture, user-confirmed authoritative)	preserved byte-for-byte; no recomputation	unchanged intentional August 15 final prediction
1786823004768-lj5jjp	Donte Johnson|Eric McConico	projectedSUB	14	14	refresh commit 65f32e1 (intentional final pre-fight capture, user-confirmed authoritative)	preserved byte-for-byte; no recomputation	unchanged intentional August 15 final prediction
1786823004768-lj5jjp	Donte Johnson|Eric McConico	trackedProb	0.6947343156308464	0.6947343156308464	refresh commit 65f32e1 (intentional final pre-fight capture, user-confirmed authoritative)	preserved byte-for-byte; no recomputation	unchanged intentional August 15 final prediction
1786823004768-lj5jjp	Donte Johnson|Eric McConico	trackedSide	"Donte Johnson"	"Donte Johnson"	refresh commit 65f32e1 (intentional final pre-fight capture, user-confirmed authoritative)	preserved byte-for-byte; no recomputation	unchanged intentional August 15 final prediction
1786823004768-lj5jjp	Donte Johnson|Eric McConico	v2pA	0.6947343156308464	0.6947343156308464	refresh commit 65f32e1 (intentional final pre-fight capture, user-confirmed authoritative)	preserved byte-for-byte; no recomputation	unchanged intentional August 15 final prediction
1786823004768-lj5jjp	Donte Johnson|Eric McConico	v2pB	0.3052656843691536	0.3052656843691536	refresh commit 65f32e1 (intentional final pre-fight capture, user-confirmed authoritative)	preserved byte-for-byte; no recomputation	unchanged intentional August 15 final prediction
1786822978190-jtaix9	Vicente Luque|Tresean Gore	boutContext.provenance.sourceUrl	null	"https://www.ufc.com/news/official-weigh-results-ufc-330-makhachev-vs-machado-garry"	src/upcomingData.js @ 1adfd22 (official UFC 330 weigh-in page, retrievedAt 2026-08-14)	official bout-metadata provenance nulled by 65f32e1; restored verbatim from its authoritative source	restored official provenance
1786822978190-jtaix9	Vicente Luque|Tresean Gore	boutContext.provenance.retrievedAt	null	"2026-08-14"	src/upcomingData.js @ 1adfd22 (official UFC 330 weigh-in page, retrievedAt 2026-08-14)	official bout-metadata provenance nulled by 65f32e1; restored verbatim from its authoritative source	restored official provenance
1786822978190-jtaix9	Vicente Luque|Tresean Gore	boutContext.provenance.authority	null	"official"	src/upcomingData.js @ 1adfd22 (official UFC 330 weigh-in page, retrievedAt 2026-08-14)	official bout-metadata provenance nulled by 65f32e1; restored verbatim from its authoritative source	restored official provenance
1786822978190-jtaix9	Vicente Luque|Tresean Gore	_provenance.boutContext.division	"Middleweight"	<removed>	n/a - field absent from all 168 non-UFC330 ROI records	accidental duplicate grafted by 65f32e1; not part of the established schema	removal of accidental duplicated provenance structure
1786822978190-jtaix9	Vicente Luque|Tresean Gore	_provenance.boutContext.isTitleBout	false	<removed>	n/a - field absent from all 168 non-UFC330 ROI records	accidental duplicate grafted by 65f32e1; not part of the established schema	removal of accidental duplicated provenance structure
1786822978190-jtaix9	Vicente Luque|Tresean Gore	_provenance.boutContext.provenance	null	<removed>	n/a - field absent from all 168 non-UFC330 ROI records	accidental duplicate grafted by 65f32e1; not part of the established schema	removal of accidental duplicated provenance structure
1786822978190-jtaix9	Vicente Luque|Tresean Gore	_provenance.boutContext.scheduledRounds	3	<removed>	n/a - field absent from all 168 non-UFC330 ROI records	accidental duplicate grafted by 65f32e1; not part of the established schema	removal of accidental duplicated provenance structure
1786822978190-jtaix9	Vicente Luque|Tresean Gore	unitsWagered	1	1	user decision 2026-08-17 (explicit, final)	user-ratified: both NO BET records store 1; already 1 in ROI, asserted not inferred	user-ratified unitsWagered: 1
1786822978190-jtaix9	Vicente Luque|Tresean Gore	_provenance.captureMode	"live"	"live"	refresh commit 65f32e1 (intentional final pre-fight capture, user-confirmed authoritative)	preserved byte-for-byte; no recomputation	unchanged intentional August 15 final prediction
1786822978190-jtaix9	Vicente Luque|Tresean Gore	_provenance.featureVector.v1.age_dif	-0.46511627906976744	-0.46511627906976744	refresh commit 65f32e1 (intentional final pre-fight capture, user-confirmed authoritative)	preserved byte-for-byte; no recomputation	unchanged intentional August 15 final prediction
1786822978190-jtaix9	Vicente Luque|Tresean Gore	_provenance.featureVector.v1.atd_dif	-1.6	-1.6	refresh commit 65f32e1 (intentional final pre-fight capture, user-confirmed authoritative)	preserved byte-for-byte; no recomputation	unchanged intentional August 15 final prediction
1786822978190-jtaix9	Vicente Luque|Tresean Gore	_provenance.featureVector.v1.avg_sig_str_pct_dif	0.10000000000000009	0.10000000000000009	refresh commit 65f32e1 (intentional final pre-fight capture, user-confirmed authoritative)	preserved byte-for-byte; no recomputation	unchanged intentional August 15 final prediction
1786822978190-jtaix9	Vicente Luque|Tresean Gore	_provenance.featureVector.v1.avg_sub_att_dif	-0.37142857142857144	-0.37142857142857144	refresh commit 65f32e1 (intentional final pre-fight capture, user-confirmed authoritative)	preserved byte-for-byte; no recomputation	unchanged intentional August 15 final prediction
1786822978190-jtaix9	Vicente Luque|Tresean Gore	_provenance.featureVector.v1.avg_td_dif	-0.7285714285714286	-0.7285714285714286	refresh commit 65f32e1 (intentional final pre-fight capture, user-confirmed authoritative)	preserved byte-for-byte; no recomputation	unchanged intentional August 15 final prediction
1786822978190-jtaix9	Vicente Luque|Tresean Gore	_provenance.featureVector.v1.avg_td_pct_dif	-1.0869565217391304	-1.0869565217391304	refresh commit 65f32e1 (intentional final pre-fight capture, user-confirmed authoritative)	preserved byte-for-byte; no recomputation	unchanged intentional August 15 final prediction
1786822978190-jtaix9	Vicente Luque|Tresean Gore	_provenance.featureVector.v1.cardio_dif	-1.2041666666666668	-1.2041666666666668	refresh commit 65f32e1 (intentional final pre-fight capture, user-confirmed authoritative)	preserved byte-for-byte; no recomputation	unchanged intentional August 15 final prediction
1786822978190-jtaix9	Vicente Luque|Tresean Gore	_provenance.featureVector.v1.control_time_dif	-0.6666666666666666	-0.6666666666666666	refresh commit 65f32e1 (intentional final pre-fight capture, user-confirmed authoritative)	preserved byte-for-byte; no recomputation	unchanged intentional August 15 final prediction
1786822978190-jtaix9	Vicente Luque|Tresean Gore	_provenance.featureVector.v1.deep_round_dif	0.4117647058823529	0.4117647058823529	refresh commit 65f32e1 (intentional final pre-fight capture, user-confirmed authoritative)	preserved byte-for-byte; no recomputation	unchanged intentional August 15 final prediction
1786822978190-jtaix9	Vicente Luque|Tresean Gore	_provenance.featureVector.v1.elo_dif	4.274193548387097	4.274193548387097	refresh commit 65f32e1 (intentional final pre-fight capture, user-confirmed authoritative)	preserved byte-for-byte; no recomputation	unchanged intentional August 15 final prediction
1786822978190-jtaix9	Vicente Luque|Tresean Gore	_provenance.featureVector.v1.height_dif	-0.10989010989010989	-0.10989010989010989	refresh commit 65f32e1 (intentional final pre-fight capture, user-confirmed authoritative)	preserved byte-for-byte; no recomputation	unchanged intentional August 15 final prediction
1786822978190-jtaix9	Vicente Luque|Tresean Gore	_provenance.featureVector.v1.kd_dif	1.184	1.184	refresh commit 65f32e1 (intentional final pre-fight capture, user-confirmed authoritative)	preserved byte-for-byte; no recomputation	unchanged intentional August 15 final prediction
1786822978190-jtaix9	Vicente Luque|Tresean Gore	_provenance.featureVector.v1.ko_dif	4	4	refresh commit 65f32e1 (intentional final pre-fight capture, user-confirmed authoritative)	preserved byte-for-byte; no recomputation	unchanged intentional August 15 final prediction
1786822978190-jtaix9	Vicente Luque|Tresean Gore	_provenance.featureVector.v1.layoff_dif	0.035	0.035	refresh commit 65f32e1 (intentional final pre-fight capture, user-confirmed authoritative)	preserved byte-for-byte; no recomputation	unchanged intentional August 15 final prediction
1786822978190-jtaix9	Vicente Luque|Tresean Gore	_provenance.featureVector.v1.lose_streak_dif	0	0	refresh commit 65f32e1 (intentional final pre-fight capture, user-confirmed authoritative)	preserved byte-for-byte; no recomputation	unchanged intentional August 15 final prediction
1786822978190-jtaix9	Vicente Luque|Tresean Gore	_provenance.featureVector.v1.loss_dif	-1.4814814814814814	-1.4814814814814814	refresh commit 65f32e1 (intentional final pre-fight capture, user-confirmed authoritative)	preserved byte-for-byte; no recomputation	unchanged intentional August 15 final prediction
1786822978190-jtaix9	Vicente Luque|Tresean Gore	_provenance.featureVector.v1.peak_elo_dif	5.163636363636364	5.163636363636364	refresh commit 65f32e1 (intentional final pre-fight capture, user-confirmed authoritative)	preserved byte-for-byte; no recomputation	unchanged intentional August 15 final prediction
1786822978190-jtaix9	Vicente Luque|Tresean Gore	_provenance.featureVector.v1.rank_tier_dif	0	0	refresh commit 65f32e1 (intentional final pre-fight capture, user-confirmed authoritative)	preserved byte-for-byte; no recomputation	unchanged intentional August 15 final prediction
1786822978190-jtaix9	Vicente Luque|Tresean Gore	_provenance.featureVector.v1.reach_dif	0	0	refresh commit 65f32e1 (intentional final pre-fight capture, user-confirmed authoritative)	preserved byte-for-byte; no recomputation	unchanged intentional August 15 final prediction
1786822978190-jtaix9	Vicente Luque|Tresean Gore	_provenance.featureVector.v1.sig_str_dif	0.08797468354430377	0.08797468354430377	refresh commit 65f32e1 (intentional final pre-fight capture, user-confirmed authoritative)	preserved byte-for-byte; no recomputation	unchanged intentional August 15 final prediction
1786822978190-jtaix9	Vicente Luque|Tresean Gore	_provenance.featureVector.v1.sub_dif	2.857142857142857	2.857142857142857	refresh commit 65f32e1 (intentional final pre-fight capture, user-confirmed authoritative)	preserved byte-for-byte; no recomputation	unchanged intentional August 15 final prediction
1786822978190-jtaix9	Vicente Luque|Tresean Gore	_provenance.featureVector.v1.total_round_dif	2.2941176470588234	2.2941176470588234	refresh commit 65f32e1 (intentional final pre-fight capture, user-confirmed authoritative)	preserved byte-for-byte; no recomputation	unchanged intentional August 15 final prediction
1786822978190-jtaix9	Vicente Luque|Tresean Gore	_provenance.featureVector.v1.total_title_bout_dif	0	0	refresh commit 65f32e1 (intentional final pre-fight capture, user-confirmed authoritative)	preserved byte-for-byte; no recomputation	unchanged intentional August 15 final prediction
1786822978190-jtaix9	Vicente Luque|Tresean Gore	_provenance.featureVector.v1.ufc_fight_count_dif	2.25	2.25	refresh commit 65f32e1 (intentional final pre-fight capture, user-confirmed authoritative)	preserved byte-for-byte; no recomputation	unchanged intentional August 15 final prediction
1786822978190-jtaix9	Vicente Luque|Tresean Gore	_provenance.featureVector.v1.win_dif	3.1818181818181817	3.1818181818181817	refresh commit 65f32e1 (intentional final pre-fight capture, user-confirmed authoritative)	preserved byte-for-byte; no recomputation	unchanged intentional August 15 final prediction
1786822978190-jtaix9	Vicente Luque|Tresean Gore	_provenance.featureVector.v1.win_streak_dif	0	0	refresh commit 65f32e1 (intentional final pre-fight capture, user-confirmed authoritative)	preserved byte-for-byte; no recomputation	unchanged intentional August 15 final prediction
1786822978190-jtaix9	Vicente Luque|Tresean Gore	_provenance.featureVector.v2.elo	2.12	2.12	refresh commit 65f32e1 (intentional final pre-fight capture, user-confirmed authoritative)	preserved byte-for-byte; no recomputation	unchanged intentional August 15 final prediction
1786822978190-jtaix9	Vicente Luque|Tresean Gore	_provenance.featureVector.v2.height	-1	-1	refresh commit 65f32e1 (intentional final pre-fight capture, user-confirmed authoritative)	preserved byte-for-byte; no recomputation	unchanged intentional August 15 final prediction
1786822978190-jtaix9	Vicente Luque|Tresean Gore	_provenance.featureVector.v2.ko_wins	8	8	refresh commit 65f32e1 (intentional final pre-fight capture, user-confirmed authoritative)	preserved byte-for-byte; no recomputation	unchanged intentional August 15 final prediction
1786822978190-jtaix9	Vicente Luque|Tresean Gore	_provenance.featureVector.v2.losses	-4	-4	refresh commit 65f32e1 (intentional final pre-fight capture, user-confirmed authoritative)	preserved byte-for-byte; no recomputation	unchanged intentional August 15 final prediction
1786822978190-jtaix9	Vicente Luque|Tresean Gore	_provenance.featureVector.v2.modern_form	-0.03535679774938555	-0.03535679774938555	refresh commit 65f32e1 (intentional final pre-fight capture, user-confirmed authoritative)	preserved byte-for-byte; no recomputation	unchanged intentional August 15 final prediction
1786822978190-jtaix9	Vicente Luque|Tresean Gore	_provenance.featureVector.v2.reach	0	0	refresh commit 65f32e1 (intentional final pre-fight capture, user-confirmed authoritative)	preserved byte-for-byte; no recomputation	unchanged intentional August 15 final prediction
1786822978190-jtaix9	Vicente Luque|Tresean Gore	_provenance.featureVector.v2.rounds	39	39	refresh commit 65f32e1 (intentional final pre-fight capture, user-confirmed authoritative)	preserved byte-for-byte; no recomputation	unchanged intentional August 15 final prediction
1786822978190-jtaix9	Vicente Luque|Tresean Gore	_provenance.featureVector.v2.sig_str_accuracy	0.010000000000000009	0.010000000000000009	refresh commit 65f32e1 (intentional final pre-fight capture, user-confirmed authoritative)	preserved byte-for-byte; no recomputation	unchanged intentional August 15 final prediction
1786822978190-jtaix9	Vicente Luque|Tresean Gore	_provenance.featureVector.v2.sig_str_landed	1.3899999999999997	1.3899999999999997	refresh commit 65f32e1 (intentional final pre-fight capture, user-confirmed authoritative)	preserved byte-for-byte; no recomputation	unchanged intentional August 15 final prediction
1786822978190-jtaix9	Vicente Luque|Tresean Gore	_provenance.featureVector.v2.sub_attempts	-0.26	-0.26	refresh commit 65f32e1 (intentional final pre-fight capture, user-confirmed authoritative)	preserved byte-for-byte; no recomputation	unchanged intentional August 15 final prediction
1786822978190-jtaix9	Vicente Luque|Tresean Gore	_provenance.featureVector.v2.sub_wins	4	4	refresh commit 65f32e1 (intentional final pre-fight capture, user-confirmed authoritative)	preserved byte-for-byte; no recomputation	unchanged intentional August 15 final prediction
1786822978190-jtaix9	Vicente Luque|Tresean Gore	_provenance.featureVector.v2.td_accuracy	-0.25	-0.25	refresh commit 65f32e1 (intentional final pre-fight capture, user-confirmed authoritative)	preserved byte-for-byte; no recomputation	unchanged intentional August 15 final prediction
1786822978190-jtaix9	Vicente Luque|Tresean Gore	_provenance.featureVector.v2.td_landed	-1.02	-1.02	refresh commit 65f32e1 (intentional final pre-fight capture, user-confirmed authoritative)	preserved byte-for-byte; no recomputation	unchanged intentional August 15 final prediction
1786822978190-jtaix9	Vicente Luque|Tresean Gore	_provenance.featureVector.v2.title_bouts	0	0	refresh commit 65f32e1 (intentional final pre-fight capture, user-confirmed authoritative)	preserved byte-for-byte; no recomputation	unchanged intentional August 15 final prediction
1786822978190-jtaix9	Vicente Luque|Tresean Gore	_provenance.featureVector.v2.wins	14	14	refresh commit 65f32e1 (intentional final pre-fight capture, user-confirmed authoritative)	preserved byte-for-byte; no recomputation	unchanged intentional August 15 final prediction
1786822978190-jtaix9	Vicente Luque|Tresean Gore	_provenance.featureVector.v2.younger	-2	-2	refresh commit 65f32e1 (intentional final pre-fight capture, user-confirmed authoritative)	preserved byte-for-byte; no recomputation	unchanged intentional August 15 final prediction
1786822978190-jtaix9	Vicente Luque|Tresean Gore	_provenance.fightHistoryCutoff.fighterA	"2026-04-11"	"2026-04-11"	refresh commit 65f32e1 (intentional final pre-fight capture, user-confirmed authoritative)	preserved byte-for-byte; no recomputation	unchanged intentional August 15 final prediction
1786822978190-jtaix9	Vicente Luque|Tresean Gore	_provenance.fightHistoryCutoff.fighterB	"2026-04-04"	"2026-04-04"	refresh commit 65f32e1 (intentional final pre-fight capture, user-confirmed authoritative)	preserved byte-for-byte; no recomputation	unchanged intentional August 15 final prediction
1786822978190-jtaix9	Vicente Luque|Tresean Gore	_provenance.frozenTier	"LEAN"	"LEAN"	refresh commit 65f32e1 (intentional final pre-fight capture, user-confirmed authoritative)	preserved byte-for-byte; no recomputation	unchanged intentional August 15 final prediction
1786822978190-jtaix9	Vicente Luque|Tresean Gore	_provenance.modelCoefHash	"256f866e"	"256f866e"	refresh commit 65f32e1 (intentional final pre-fight capture, user-confirmed authoritative)	preserved byte-for-byte; no recomputation	unchanged intentional August 15 final prediction
1786822978190-jtaix9	Vicente Luque|Tresean Gore	_provenance.modelVersion	"logistic_v2.0_20260709"	"logistic_v2.0_20260709"	refresh commit 65f32e1 (intentional final pre-fight capture, user-confirmed authoritative)	preserved byte-for-byte; no recomputation	unchanged intentional August 15 final prediction
1786822978190-jtaix9	Vicente Luque|Tresean Gore	_provenance.predictionTimestamp	"2026-08-15T19:42:58.190Z"	"2026-08-15T19:42:58.190Z"	refresh commit 65f32e1 (intentional final pre-fight capture, user-confirmed authoritative)	preserved byte-for-byte; no recomputation	unchanged intentional August 15 final prediction
1786822978190-jtaix9	Vicente Luque|Tresean Gore	_provenance.sourceManifest.cardio.contentHash	"7025f1f440bbf01c15731cc40e65521e50635902ee482536cd07a412738b788c"	"7025f1f440bbf01c15731cc40e65521e50635902ee482536cd07a412738b788c"	refresh commit 65f32e1 (intentional final pre-fight capture, user-confirmed authoritative)	preserved byte-for-byte; no recomputation	unchanged intentional August 15 final prediction
1786822978190-jtaix9	Vicente Luque|Tresean Gore	_provenance.sourceManifest.cardio.feedsV2	false	false	refresh commit 65f32e1 (intentional final pre-fight capture, user-confirmed authoritative)	preserved byte-for-byte; no recomputation	unchanged intentional August 15 final prediction
1786822978190-jtaix9	Vicente Luque|Tresean Gore	_provenance.sourceManifest.cardio.file	"src/cardioModule.js"	"src/cardioModule.js"	refresh commit 65f32e1 (intentional final pre-fight capture, user-confirmed authoritative)	preserved byte-for-byte; no recomputation	unchanged intentional August 15 final prediction
1786822978190-jtaix9	Vicente Luque|Tresean Gore	_provenance.sourceManifest.cardio.generatedAt	"2026-08-13"	"2026-08-13"	refresh commit 65f32e1 (intentional final pre-fight capture, user-confirmed authoritative)	preserved byte-for-byte; no recomputation	unchanged intentional August 15 final prediction
1786822978190-jtaix9	Vicente Luque|Tresean Gore	_provenance.sourceManifest.cardio.generatorVersion	"unavailable -- no cardio-generation script found in repo"	"unavailable -- no cardio-generation script found in repo"	refresh commit 65f32e1 (intentional final pre-fight capture, user-confirmed authoritative)	preserved byte-for-byte; no recomputation	unchanged intentional August 15 final prediction
1786822978190-jtaix9	Vicente Luque|Tresean Gore	_provenance.sourceManifest.cardio.maxObservedEventDate	null	null	refresh commit 65f32e1 (intentional final pre-fight capture, user-confirmed authoritative)	preserved byte-for-byte; no recomputation	unchanged intentional August 15 final prediction
1786822978190-jtaix9	Vicente Luque|Tresean Gore	_provenance.sourceManifest.cardio.note	"Does not feed MODEL_V2 (no path into computeLogisticProb's 16 features, confirmed in research/source_integrity_audit.md). Tracked here for future model versions that might use it."	"Does not feed MODEL_V2 (no path into computeLogisticProb's 16 features, confirmed in research/source_integrity_audit.md). Tracked here for future model versions that might use it."	refresh commit 65f32e1 (intentional final pre-fight capture, user-confirmed authoritative)	preserved byte-for-byte; no recomputation	unchanged intentional August 15 final prediction
1786822978190-jtaix9	Vicente Luque|Tresean Gore	_provenance.sourceManifest.cardio.verificationMethod	"INDETERMINATE: no generator script present in the repository, and no per-fighter date field is embedded in the shipped artifact itself, so maxObservedEventDate cannot be independently verified the way the Greco-CSV-backed modules above were. The file's own header comment self-reports \"fetched 2026-04-14\" -- this is NOT independently verified and should not be treated as authoritative."	"INDETERMINATE: no generator script present in the repository, and no per-fighter date field is embedded in the shipped artifact itself, so maxObservedEventDate cannot be independently verified the way the Greco-CSV-backed modules above were. The file's own header comment self-reports \"fetched 2026-04-14\" -- this is NOT independently verified and should not be treated as authoritative."	refresh commit 65f32e1 (intentional final pre-fight capture, user-confirmed authoritative)	preserved byte-for-byte; no recomputation	unchanged intentional August 15 final prediction
1786822978190-jtaix9	Vicente Luque|Tresean Gore	_provenance.sourceManifest.elo.contentHash	"0cb60aee84bb6b2b40b2cb476c44e734f9706a96942246d022d285ebe80aa35d"	"0cb60aee84bb6b2b40b2cb476c44e734f9706a96942246d022d285ebe80aa35d"	refresh commit 65f32e1 (intentional final pre-fight capture, user-confirmed authoritative)	preserved byte-for-byte; no recomputation	unchanged intentional August 15 final prediction
1786822978190-jtaix9	Vicente Luque|Tresean Gore	_provenance.sourceManifest.elo.feedsV2	true	true	refresh commit 65f32e1 (intentional final pre-fight capture, user-confirmed authoritative)	preserved byte-for-byte; no recomputation	unchanged intentional August 15 final prediction
1786822978190-jtaix9	Vicente Luque|Tresean Gore	_provenance.sourceManifest.elo.file	"src/eloModule.js"	"src/eloModule.js"	refresh commit 65f32e1 (intentional final pre-fight capture, user-confirmed authoritative)	preserved byte-for-byte; no recomputation	unchanged intentional August 15 final prediction
1786822978190-jtaix9	Vicente Luque|Tresean Gore	_provenance.sourceManifest.elo.generatedAt	"2026-08-13"	"2026-08-13"	refresh commit 65f32e1 (intentional final pre-fight capture, user-confirmed authoritative)	preserved byte-for-byte; no recomputation	unchanged intentional August 15 final prediction
1786822978190-jtaix9	Vicente Luque|Tresean Gore	_provenance.sourceManifest.elo.generatorRequiredInputs	["ufc_fight_results.csv", "ufc_event_details.csv"]	["ufc_fight_results.csv", "ufc_event_details.csv"]	refresh commit 65f32e1 (intentional final pre-fight capture, user-confirmed authoritative)	preserved byte-for-byte; no recomputation	unchanged intentional August 15 final prediction
1786822978190-jtaix9	Vicente Luque|Tresean Gore	_provenance.sourceManifest.elo.generatorVersion	"regen_elo.py @ 97d2379ea418148c1ce0a21deae0461310914844"	"regen_elo.py @ 97d2379ea418148c1ce0a21deae0461310914844"	refresh commit 65f32e1 (intentional final pre-fight capture, user-confirmed authoritative)	preserved byte-for-byte; no recomputation	unchanged intentional August 15 final prediction
1786822978190-jtaix9	Vicente Luque|Tresean Gore	_provenance.sourceManifest.elo.maxObservedEventDate	"2026-08-08"	"2026-08-08"	refresh commit 65f32e1 (intentional final pre-fight capture, user-confirmed authoritative)	preserved byte-for-byte; no recomputation	unchanged intentional August 15 final prediction
1786822978190-jtaix9	Vicente Luque|Tresean Gore	_provenance.sourceManifest.elo.sourceInputs	["ufc_fight_results.csv", "ufc_event_details.csv"]	["ufc_fight_results.csv", "ufc_event_details.csv"]	refresh commit 65f32e1 (intentional final pre-fight capture, user-confirmed authoritative)	preserved byte-for-byte; no recomputation	unchanged intentional August 15 final prediction
1786822978190-jtaix9	Vicente Luque|Tresean Gore	_provenance.sourceManifest.elo.verificationMethod	"Parsed DATE column of ufc_event_details.csv directly (783 rows); maximum event date found = 2026-08-08. Cross-checked ufc_fight_results.csv, ufc_fight_details.csv, ufc_fight_stats.csv for window-period event names: FOUND (see manual audit). This value is NOT derived from any file mtime, git commit date, or in-file header comment -- see research/source_integrity_audit.md for the original manual methodology this script automates. NOTE: eloModule.js's own header comment claims coverage \"through Jul 2026\" -- this is misleading relative to the verified underlying data and should not be trusted; regen_elo.py reads only ufc_fight_results.csv + ufc_event_details.csv. Unlike ELO, the fighter aggregate updater also requires ufc_fight_details.csv and ufc_fight_stats.csv."	"Parsed DATE column of ufc_event_details.csv directly (783 rows); maximum event date found = 2026-08-08. Cross-checked ufc_fight_results.csv, ufc_fight_details.csv, ufc_fight_stats.csv for window-period event names: FOUND (see manual audit). This value is NOT derived from any file mtime, git commit date, or in-file header comment -- see research/source_integrity_audit.md for the original manual methodology this script automates. NOTE: eloModule.js's own header comment claims coverage \"through Jul 2026\" -- this is misleading relative to the verified underlying data and should not be trusted; regen_elo.py reads only ufc_fight_results.csv + ufc_event_details.csv. Unlike ELO, the fighter aggregate updater also requires ufc_fight_details.csv and ufc_fight_stats.csv."	refresh commit 65f32e1 (intentional final pre-fight capture, user-confirmed authoritative)	preserved byte-for-byte; no recomputation	unchanged intentional August 15 final prediction
1786822978190-jtaix9	Vicente Luque|Tresean Gore	_provenance.sourceManifest.fightHistory.contentHash	"46bff36e8569423c1401fb137638b82265fab6a675584273ac1f0181ff9df0a5"	"46bff36e8569423c1401fb137638b82265fab6a675584273ac1f0181ff9df0a5"	refresh commit 65f32e1 (intentional final pre-fight capture, user-confirmed authoritative)	preserved byte-for-byte; no recomputation	unchanged intentional August 15 final prediction
1786822978190-jtaix9	Vicente Luque|Tresean Gore	_provenance.sourceManifest.fightHistory.feedsV2	true	true	refresh commit 65f32e1 (intentional final pre-fight capture, user-confirmed authoritative)	preserved byte-for-byte; no recomputation	unchanged intentional August 15 final prediction
1786822978190-jtaix9	Vicente Luque|Tresean Gore	_provenance.sourceManifest.fightHistory.file	"src/fightHistory.js"	"src/fightHistory.js"	refresh commit 65f32e1 (intentional final pre-fight capture, user-confirmed authoritative)	preserved byte-for-byte; no recomputation	unchanged intentional August 15 final prediction
1786822978190-jtaix9	Vicente Luque|Tresean Gore	_provenance.sourceManifest.fightHistory.generatedAt	"2026-08-13"	"2026-08-13"	refresh commit 65f32e1 (intentional final pre-fight capture, user-confirmed authoritative)	preserved byte-for-byte; no recomputation	unchanged intentional August 15 final prediction
1786822978190-jtaix9	Vicente Luque|Tresean Gore	_provenance.sourceManifest.fightHistory.generatorRequiredInputs	["ufc_fight_results.csv", "ufc_event_details.csv", "ufc_fight_details.csv", "ufc_fight_stats.csv"]	["ufc_fight_results.csv", "ufc_event_details.csv", "ufc_fight_details.csv", "ufc_fight_stats.csv"]	refresh commit 65f32e1 (intentional final pre-fight capture, user-confirmed authoritative)	preserved byte-for-byte; no recomputation	unchanged intentional August 15 final prediction
1786822978190-jtaix9	Vicente Luque|Tresean Gore	_provenance.sourceManifest.fightHistory.generatorVersion	"update_fighters.py @ 97d2379ea418148c1ce0a21deae0461310914844"	"update_fighters.py @ 97d2379ea418148c1ce0a21deae0461310914844"	refresh commit 65f32e1 (intentional final pre-fight capture, user-confirmed authoritative)	preserved byte-for-byte; no recomputation	unchanged intentional August 15 final prediction
1786822978190-jtaix9	Vicente Luque|Tresean Gore	_provenance.sourceManifest.fightHistory.maxObservedEventDate	"2026-08-08"	"2026-08-08"	refresh commit 65f32e1 (intentional final pre-fight capture, user-confirmed authoritative)	preserved byte-for-byte; no recomputation	unchanged intentional August 15 final prediction
1786822978190-jtaix9	Vicente Luque|Tresean Gore	_provenance.sourceManifest.fightHistory.sourceInputs	["ufc_fight_results.csv", "ufc_event_details.csv", "ufc_fight_details.csv"]	["ufc_fight_results.csv", "ufc_event_details.csv", "ufc_fight_details.csv"]	refresh commit 65f32e1 (intentional final pre-fight capture, user-confirmed authoritative)	preserved byte-for-byte; no recomputation	unchanged intentional August 15 final prediction
1786822978190-jtaix9	Vicente Luque|Tresean Gore	_provenance.sourceManifest.fightHistory.verificationMethod	"Parsed DATE column of ufc_event_details.csv directly (783 rows); maximum event date found = 2026-08-08. Cross-checked ufc_fight_results.csv, ufc_fight_details.csv, ufc_fight_stats.csv for window-period event names: FOUND (see manual audit). This value is NOT derived from any file mtime, git commit date, or in-file header comment -- see research/source_integrity_audit.md for the original manual methodology this script automates."	"Parsed DATE column of ufc_event_details.csv directly (783 rows); maximum event date found = 2026-08-08. Cross-checked ufc_fight_results.csv, ufc_fight_details.csv, ufc_fight_stats.csv for window-period event names: FOUND (see manual audit). This value is NOT derived from any file mtime, git commit date, or in-file header comment -- see research/source_integrity_audit.md for the original manual methodology this script automates."	refresh commit 65f32e1 (intentional final pre-fight capture, user-confirmed authoritative)	preserved byte-for-byte; no recomputation	unchanged intentional August 15 final prediction
1786822978190-jtaix9	Vicente Luque|Tresean Gore	_provenance.sourceManifest.fighterBirthdates.contentHash	"560e7d5207c1766a57380ce852767ea03b004a89e2281c3be3dd11fc9e63cd5d"	"560e7d5207c1766a57380ce852767ea03b004a89e2281c3be3dd11fc9e63cd5d"	refresh commit 65f32e1 (intentional final pre-fight capture, user-confirmed authoritative)	preserved byte-for-byte; no recomputation	unchanged intentional August 15 final prediction
1786822978190-jtaix9	Vicente Luque|Tresean Gore	_provenance.sourceManifest.fighterBirthdates.feedsV2	true	true	refresh commit 65f32e1 (intentional final pre-fight capture, user-confirmed authoritative)	preserved byte-for-byte; no recomputation	unchanged intentional August 15 final prediction
1786822978190-jtaix9	Vicente Luque|Tresean Gore	_provenance.sourceManifest.fighterBirthdates.file	"src/fighterBirthdates.js"	"src/fighterBirthdates.js"	refresh commit 65f32e1 (intentional final pre-fight capture, user-confirmed authoritative)	preserved byte-for-byte; no recomputation	unchanged intentional August 15 final prediction
1786822978190-jtaix9	Vicente Luque|Tresean Gore	_provenance.sourceManifest.fighterBirthdates.generatedAt	"2026-08-13"	"2026-08-13"	refresh commit 65f32e1 (intentional final pre-fight capture, user-confirmed authoritative)	preserved byte-for-byte; no recomputation	unchanged intentional August 15 final prediction
1786822978190-jtaix9	Vicente Luque|Tresean Gore	_provenance.sourceManifest.fighterBirthdates.generatorVersion	"scripts/generate-fighter-birthdates.mjs @ 97d2379ea418148c1ce0a21deae0461310914844"	"scripts/generate-fighter-birthdates.mjs @ 97d2379ea418148c1ce0a21deae0461310914844"	refresh commit 65f32e1 (intentional final pre-fight capture, user-confirmed authoritative)	preserved byte-for-byte; no recomputation	unchanged intentional August 15 final prediction
1786822978190-jtaix9	Vicente Luque|Tresean Gore	_provenance.sourceManifest.fighterBirthdates.maxObservedEventDate	null	null	refresh commit 65f32e1 (intentional final pre-fight capture, user-confirmed authoritative)	preserved byte-for-byte; no recomputation	unchanged intentional August 15 final prediction
1786822978190-jtaix9	Vicente Luque|Tresean Gore	_provenance.sourceManifest.fighterBirthdates.note	"Canonical fighter name -> date of birth. Feeds the v2 'younger' feature and the v1 age differential/age-decay penalty via src/domain/age, which derives every age from DOB -- at app load for the roster, and at the bout date for a prediction. The integer AGE values in fightersData.js are now used only where no birth date exists here."	"Canonical fighter name -> date of birth. Feeds the v2 'younger' feature and the v1 age differential/age-decay penalty via src/domain/age, which derives every age from DOB -- at app load for the roster, and at the bout date for a prediction. The integer AGE values in fightersData.js are now used only where no birth date exists here."	refresh commit 65f32e1 (intentional final pre-fight capture, user-confirmed authoritative)	preserved byte-for-byte; no recomputation	unchanged intentional August 15 final prediction
1786822978190-jtaix9	Vicente Luque|Tresean Gore	_provenance.sourceManifest.fighterBirthdates.verificationMethod	"Recomputed the join from source while writing this manifest: read 2267 rows from fighters.json, of which 2207 carry a dob matching ^\\d{4}-\\d{2}-\\d{2}$; applied 1 name_aliases.json rewrites; produced 2207 canonical names, and the shipped artifact contains 2207 entries. The generator raises on any canonical name that would receive two DIFFERENT birth dates, so a silent bad join cannot ship. Keys are sorted by UTF-16 code point (not localeCompare), making regeneration byte-identical across machines and ICU builds; the scheduled workflow enforces this with a --check re-run. maxObservedEventDate is null by nature, not by omission: this artifact holds birth dates, which are not event-scoped, so there is no event date it could be current or stale relative to. Its freshness question is coverage, which is the measured count above."	"Recomputed the join from source while writing this manifest: read 2267 rows from fighters.json, of which 2207 carry a dob matching ^\\d{4}-\\d{2}-\\d{2}$; applied 1 name_aliases.json rewrites; produced 2207 canonical names, and the shipped artifact contains 2207 entries. The generator raises on any canonical name that would receive two DIFFERENT birth dates, so a silent bad join cannot ship. Keys are sorted by UTF-16 code point (not localeCompare), making regeneration byte-identical across machines and ICU builds; the scheduled workflow enforces this with a --check re-run. maxObservedEventDate is null by nature, not by omission: this artifact holds birth dates, which are not event-scoped, so there is no event date it could be current or stale relative to. Its freshness question is coverage, which is the measured count above."	refresh commit 65f32e1 (intentional final pre-fight capture, user-confirmed authoritative)	preserved byte-for-byte; no recomputation	unchanged intentional August 15 final prediction
1786822978190-jtaix9	Vicente Luque|Tresean Gore	_provenance.sourceManifest.fightersDataAggregates.contentHash	"51dc68372e9742be8602c43b0a9119ecc3e2c9eb5fa0b3c4a97980ab1e244aad"	"51dc68372e9742be8602c43b0a9119ecc3e2c9eb5fa0b3c4a97980ab1e244aad"	refresh commit 65f32e1 (intentional final pre-fight capture, user-confirmed authoritative)	preserved byte-for-byte; no recomputation	unchanged intentional August 15 final prediction
1786822978190-jtaix9	Vicente Luque|Tresean Gore	_provenance.sourceManifest.fightersDataAggregates.feedsV2	true	true	refresh commit 65f32e1 (intentional final pre-fight capture, user-confirmed authoritative)	preserved byte-for-byte; no recomputation	unchanged intentional August 15 final prediction
1786822978190-jtaix9	Vicente Luque|Tresean Gore	_provenance.sourceManifest.fightersDataAggregates.file	"src/fightersData.js"	"src/fightersData.js"	refresh commit 65f32e1 (intentional final pre-fight capture, user-confirmed authoritative)	preserved byte-for-byte; no recomputation	unchanged intentional August 15 final prediction
1786822978190-jtaix9	Vicente Luque|Tresean Gore	_provenance.sourceManifest.fightersDataAggregates.generatedAt	"2026-08-13"	"2026-08-13"	refresh commit 65f32e1 (intentional final pre-fight capture, user-confirmed authoritative)	preserved byte-for-byte; no recomputation	unchanged intentional August 15 final prediction
1786822978190-jtaix9	Vicente Luque|Tresean Gore	_provenance.sourceManifest.fightersDataAggregates.generatorRequiredInputs	["ufc_fight_results.csv", "ufc_event_details.csv", "ufc_fight_details.csv", "ufc_fight_stats.csv"]	["ufc_fight_results.csv", "ufc_event_details.csv", "ufc_fight_details.csv", "ufc_fight_stats.csv"]	refresh commit 65f32e1 (intentional final pre-fight capture, user-confirmed authoritative)	preserved byte-for-byte; no recomputation	unchanged intentional August 15 final prediction
1786822978190-jtaix9	Vicente Luque|Tresean Gore	_provenance.sourceManifest.fightersDataAggregates.generatorVersion	"update_fighters.py @ 97d2379ea418148c1ce0a21deae0461310914844"	"update_fighters.py @ 97d2379ea418148c1ce0a21deae0461310914844"	refresh commit 65f32e1 (intentional final pre-fight capture, user-confirmed authoritative)	preserved byte-for-byte; no recomputation	unchanged intentional August 15 final prediction
1786822978190-jtaix9	Vicente Luque|Tresean Gore	_provenance.sourceManifest.fightersDataAggregates.maxObservedEventDate	"2026-08-08"	"2026-08-08"	refresh commit 65f32e1 (intentional final pre-fight capture, user-confirmed authoritative)	preserved byte-for-byte; no recomputation	unchanged intentional August 15 final prediction
1786822978190-jtaix9	Vicente Luque|Tresean Gore	_provenance.sourceManifest.fightersDataAggregates.note	"Feeds ASL/ASP/ATL/ATP/ASA (sig_str_landed, sig_str_accuracy, sub_attempts, td_landed, td_accuracy) and TR (rounds) -- the highest-weight non-ELO v2 features."	"Feeds ASL/ASP/ATL/ATP/ASA (sig_str_landed, sig_str_accuracy, sub_attempts, td_landed, td_accuracy) and TR (rounds) -- the highest-weight non-ELO v2 features."	refresh commit 65f32e1 (intentional final pre-fight capture, user-confirmed authoritative)	preserved byte-for-byte; no recomputation	unchanged intentional August 15 final prediction
1786822978190-jtaix9	Vicente Luque|Tresean Gore	_provenance.sourceManifest.fightersDataAggregates.sourceInputs	["ufc_fight_results.csv", "ufc_event_details.csv", "ufc_fight_details.csv", "ufc_fight_stats.csv"]	["ufc_fight_results.csv", "ufc_event_details.csv", "ufc_fight_details.csv", "ufc_fight_stats.csv"]	refresh commit 65f32e1 (intentional final pre-fight capture, user-confirmed authoritative)	preserved byte-for-byte; no recomputation	unchanged intentional August 15 final prediction
1786822978190-jtaix9	Vicente Luque|Tresean Gore	_provenance.sourceManifest.fightersDataAggregates.verificationMethod	"Parsed DATE column of ufc_event_details.csv directly (783 rows); maximum event date found = 2026-08-08. Cross-checked ufc_fight_results.csv, ufc_fight_details.csv, ufc_fight_stats.csv for window-period event names: FOUND (see manual audit). This value is NOT derived from any file mtime, git commit date, or in-file header comment -- see research/source_integrity_audit.md for the original manual methodology this script automates."	"Parsed DATE column of ufc_event_details.csv directly (783 rows); maximum event date found = 2026-08-08. Cross-checked ufc_fight_results.csv, ufc_fight_details.csv, ufc_fight_stats.csv for window-period event names: FOUND (see manual audit). This value is NOT derived from any file mtime, git commit date, or in-file header comment -- see research/source_integrity_audit.md for the original manual methodology this script automates."	refresh commit 65f32e1 (intentional final pre-fight capture, user-confirmed authoritative)	preserved byte-for-byte; no recomputation	unchanged intentional August 15 final prediction
1786822978190-jtaix9	Vicente Luque|Tresean Gore	_provenance.sourceManifest.rankHistory.contentHash	"9a706f356ef41fa68b605dd9c52740dd370eda014dfb747b0cb8bdc6313ba244"	"9a706f356ef41fa68b605dd9c52740dd370eda014dfb747b0cb8bdc6313ba244"	refresh commit 65f32e1 (intentional final pre-fight capture, user-confirmed authoritative)	preserved byte-for-byte; no recomputation	unchanged intentional August 15 final prediction
1786822978190-jtaix9	Vicente Luque|Tresean Gore	_provenance.sourceManifest.rankHistory.feedsV2	false	false	refresh commit 65f32e1 (intentional final pre-fight capture, user-confirmed authoritative)	preserved byte-for-byte; no recomputation	unchanged intentional August 15 final prediction
1786822978190-jtaix9	Vicente Luque|Tresean Gore	_provenance.sourceManifest.rankHistory.file	"src/rankHistory.js"	"src/rankHistory.js"	refresh commit 65f32e1 (intentional final pre-fight capture, user-confirmed authoritative)	preserved byte-for-byte; no recomputation	unchanged intentional August 15 final prediction
1786822978190-jtaix9	Vicente Luque|Tresean Gore	_provenance.sourceManifest.rankHistory.generatedAt	"2026-08-13"	"2026-08-13"	refresh commit 65f32e1 (intentional final pre-fight capture, user-confirmed authoritative)	preserved byte-for-byte; no recomputation	unchanged intentional August 15 final prediction
1786822978190-jtaix9	Vicente Luque|Tresean Gore	_provenance.sourceManifest.rankHistory.generatorVersion	"regen_rankhistory.py (untracked in git -- present on disk, no commit history, no recoverable version)"	"regen_rankhistory.py (untracked in git -- present on disk, no commit history, no recoverable version)"	refresh commit 65f32e1 (intentional final pre-fight capture, user-confirmed authoritative)	preserved byte-for-byte; no recomputation	unchanged intentional August 15 final prediction
1786822978190-jtaix9	Vicente Luque|Tresean Gore	_provenance.sourceManifest.rankHistory.maxObservedEventDate	"2026-03-12"	"2026-03-12"	refresh commit 65f32e1 (intentional final pre-fight capture, user-confirmed authoritative)	preserved byte-for-byte; no recomputation	unchanged intentional August 15 final prediction
1786822978190-jtaix9	Vicente Luque|Tresean Gore	_provenance.sourceManifest.rankHistory.note	"Does not feed MODEL_V2 (no path into computeLogisticProb's 16 features, confirmed in research/source_integrity_audit.md). Tracked here for future model versions that might use it."	"Does not feed MODEL_V2 (no path into computeLogisticProb's 16 features, confirmed in research/source_integrity_audit.md). Tracked here for future model versions that might use it."	refresh commit 65f32e1 (intentional final pre-fight capture, user-confirmed authoritative)	preserved byte-for-byte; no recomputation	unchanged intentional August 15 final prediction
1786822978190-jtaix9	Vicente Luque|Tresean Gore	_provenance.sourceManifest.rankHistory.verificationMethod	"Raw source UFC_rankings_history.csv is not present on disk, so maxObservedEventDate is instead the maximum YYYYMMDD date literally embedded in the shipped rankHistory.js artifact's own HISTORICAL_RANKINGS data -- a defensible proxy (the artifact cannot reflect dates its regeneration process never saw), but distinct from the direct-CSV verification used for the three modules above."	"Raw source UFC_rankings_history.csv is not present on disk, so maxObservedEventDate is instead the maximum YYYYMMDD date literally embedded in the shipped rankHistory.js artifact's own HISTORICAL_RANKINGS data -- a defensible proxy (the artifact cannot reflect dates its regeneration process never saw), but distinct from the direct-CSV verification used for the three modules above."	refresh commit 65f32e1 (intentional final pre-fight capture, user-confirmed authoritative)	preserved byte-for-byte; no recomputation	unchanged intentional August 15 final prediction
1786822978190-jtaix9	Vicente Luque|Tresean Gore	_provenance.sourceManifest.rankings.contentHash	"48524131c5d78b0adc80d83fe27a2ef7c365c124f66eddab11e17487f7df41d0"	"48524131c5d78b0adc80d83fe27a2ef7c365c124f66eddab11e17487f7df41d0"	refresh commit 65f32e1 (intentional final pre-fight capture, user-confirmed authoritative)	preserved byte-for-byte; no recomputation	unchanged intentional August 15 final prediction
1786822978190-jtaix9	Vicente Luque|Tresean Gore	_provenance.sourceManifest.rankings.feedsV2	false	false	refresh commit 65f32e1 (intentional final pre-fight capture, user-confirmed authoritative)	preserved byte-for-byte; no recomputation	unchanged intentional August 15 final prediction
1786822978190-jtaix9	Vicente Luque|Tresean Gore	_provenance.sourceManifest.rankings.file	"src/rankingsData.js"	"src/rankingsData.js"	refresh commit 65f32e1 (intentional final pre-fight capture, user-confirmed authoritative)	preserved byte-for-byte; no recomputation	unchanged intentional August 15 final prediction
1786822978190-jtaix9	Vicente Luque|Tresean Gore	_provenance.sourceManifest.rankings.generatedAt	"2026-08-07T18:49:33Z"	"2026-08-07T18:49:33Z"	refresh commit 65f32e1 (intentional final pre-fight capture, user-confirmed authoritative)	preserved byte-for-byte; no recomputation	unchanged intentional August 15 final prediction
1786822978190-jtaix9	Vicente Luque|Tresean Gore	_provenance.sourceManifest.rankings.generatorVersion	"scripts/update_rankings.py @ 97d2379ea418148c1ce0a21deae0461310914844"	"scripts/update_rankings.py @ 97d2379ea418148c1ce0a21deae0461310914844"	refresh commit 65f32e1 (intentional final pre-fight capture, user-confirmed authoritative)	preserved byte-for-byte; no recomputation	unchanged intentional August 15 final prediction
1786822978190-jtaix9	Vicente Luque|Tresean Gore	_provenance.sourceManifest.rankings.inProductionBundle	true	true	refresh commit 65f32e1 (intentional final pre-fight capture, user-confirmed authoritative)	preserved byte-for-byte; no recomputation	unchanged intentional August 15 final prediction
1786822978190-jtaix9	Vicente Luque|Tresean Gore	_provenance.sourceManifest.rankings.maxObservedEventDate	"2026-08-04"	"2026-08-04"	refresh commit 65f32e1 (intentional final pre-fight capture, user-confirmed authoritative)	preserved byte-for-byte; no recomputation	unchanged intentional August 15 final prediction
1786822978190-jtaix9	Vicente Luque|Tresean Gore	_provenance.sourceManifest.rankings.note	"Current official rankings feed fighter-profile/UI rank badges only. Runtime artifact: this is the only rankings file in the production dependency graph. Historical series live in the separate rankingsHistory module below."	"Current official rankings feed fighter-profile/UI rank badges only. Runtime artifact: this is the only rankings file in the production dependency graph. Historical series live in the separate rankingsHistory module below."	refresh commit 65f32e1 (intentional final pre-fight capture, user-confirmed authoritative)	preserved byte-for-byte; no recomputation	unchanged intentional August 15 final prediction
1786822978190-jtaix9	Vicente Luque|Tresean Gore	_provenance.sourceManifest.rankings.officialSnapshots	["2026-08-01-meta.json", "2026-08-04-media.json"]	["2026-08-01-meta.json", "2026-08-04-media.json"]	refresh commit 65f32e1 (intentional final pre-fight capture, user-confirmed authoritative)	preserved byte-for-byte; no recomputation	unchanged intentional August 15 final prediction
1786822978190-jtaix9	Vicente Luque|Tresean Gore	_provenance.sourceManifest.rankings.verificationMethod	"Read directly from the generated artifacts and the committed history cache, all produced by scripts/update_rankings.py and regenerating byte-identically from the same inputs. upstreamContentSha256 is the SHA-256 of the Kaggle CSV the cache was built from. No git commit date, file mtime, or header comment is consulted, and a missing artifact, cache or snapshot set is a hard failure rather than a silent fallback."	"Read directly from the generated artifacts and the committed history cache, all produced by scripts/update_rankings.py and regenerating byte-identically from the same inputs. upstreamContentSha256 is the SHA-256 of the Kaggle CSV the cache was built from. No git commit date, file mtime, or header comment is consulted, and a missing artifact, cache or snapshot set is a hard failure rather than a silent fallback."	refresh commit 65f32e1 (intentional final pre-fight capture, user-confirmed authoritative)	preserved byte-for-byte; no recomputation	unchanged intentional August 15 final prediction
1786822978190-jtaix9	Vicente Luque|Tresean Gore	_provenance.sourceManifest.rankingsHistory.contentHash	"387363b7f1fda0f51757fd778ff969ce9fffe1d34d3c870437977db5e36003a3"	"387363b7f1fda0f51757fd778ff969ce9fffe1d34d3c870437977db5e36003a3"	refresh commit 65f32e1 (intentional final pre-fight capture, user-confirmed authoritative)	preserved byte-for-byte; no recomputation	unchanged intentional August 15 final prediction
1786822978190-jtaix9	Vicente Luque|Tresean Gore	_provenance.sourceManifest.rankingsHistory.feedsV2	false	false	refresh commit 65f32e1 (intentional final pre-fight capture, user-confirmed authoritative)	preserved byte-for-byte; no recomputation	unchanged intentional August 15 final prediction
1786822978190-jtaix9	Vicente Luque|Tresean Gore	_provenance.sourceManifest.rankingsHistory.file	"src/rankingsHistoryData.js"	"src/rankingsHistoryData.js"	refresh commit 65f32e1 (intentional final pre-fight capture, user-confirmed authoritative)	preserved byte-for-byte; no recomputation	unchanged intentional August 15 final prediction
1786822978190-jtaix9	Vicente Luque|Tresean Gore	_provenance.sourceManifest.rankingsHistory.generatedAt	"2026-08-07T18:49:33Z"	"2026-08-07T18:49:33Z"	refresh commit 65f32e1 (intentional final pre-fight capture, user-confirmed authoritative)	preserved byte-for-byte; no recomputation	unchanged intentional August 15 final prediction
1786822978190-jtaix9	Vicente Luque|Tresean Gore	_provenance.sourceManifest.rankingsHistory.generatorVersion	"scripts/update_rankings.py @ 97d2379ea418148c1ce0a21deae0461310914844"	"scripts/update_rankings.py @ 97d2379ea418148c1ce0a21deae0461310914844"	refresh commit 65f32e1 (intentional final pre-fight capture, user-confirmed authoritative)	preserved byte-for-byte; no recomputation	unchanged intentional August 15 final prediction
1786822978190-jtaix9	Vicente Luque|Tresean Gore	_provenance.sourceManifest.rankingsHistory.historyCacheSha256	"4f245240e2b53ee088d82f861aa0a718aef9f62bf15d62eb434d4628b3b6b3ad"	"4f245240e2b53ee088d82f861aa0a718aef9f62bf15d62eb434d4628b3b6b3ad"	refresh commit 65f32e1 (intentional final pre-fight capture, user-confirmed authoritative)	preserved byte-for-byte; no recomputation	unchanged intentional August 15 final prediction
1786822978190-jtaix9	Vicente Luque|Tresean Gore	_provenance.sourceManifest.rankingsHistory.historyUsedThrough	"2026-06-18"	"2026-06-18"	refresh commit 65f32e1 (intentional final pre-fight capture, user-confirmed authoritative)	preserved byte-for-byte; no recomputation	unchanged intentional August 15 final prediction
1786822978190-jtaix9	Vicente Luque|Tresean Gore	_provenance.sourceManifest.rankingsHistory.inProductionBundle	false	false	refresh commit 65f32e1 (intentional final pre-fight capture, user-confirmed authoritative)	preserved byte-for-byte; no recomputation	unchanged intentional August 15 final prediction
1786822978190-jtaix9	Vicente Luque|Tresean Gore	_provenance.sourceManifest.rankingsHistory.maxObservedEventDate	"2026-08-04"	"2026-08-04"	refresh commit 65f32e1 (intentional final pre-fight capture, user-confirmed authoritative)	preserved byte-for-byte; no recomputation	unchanged intentional August 15 final prediction
1786822978190-jtaix9	Vicente Luque|Tresean Gore	_provenance.sourceManifest.rankingsHistory.note	"Historical divisional rankings. RESEARCH ARTIFACT: no runtime consumer and no model consumer -- neither the deprecated v1 engine nor the frozen 16-feature MODEL_V2. Kept out of the browser bundle; enforced by src/domain/rankings/__tests__/boundary.test.js (import graph) and scripts/verify-bundle.mjs (emitted assets)."	"Historical divisional rankings. RESEARCH ARTIFACT: no runtime consumer and no model consumer -- neither the deprecated v1 engine nor the frozen 16-feature MODEL_V2. Kept out of the browser bundle; enforced by src/domain/rankings/__tests__/boundary.test.js (import graph) and scripts/verify-bundle.mjs (emitted assets)."	refresh commit 65f32e1 (intentional final pre-fight capture, user-confirmed authoritative)	preserved byte-for-byte; no recomputation	unchanged intentional August 15 final prediction
1786822978190-jtaix9	Vicente Luque|Tresean Gore	_provenance.sourceManifest.rankingsHistory.upstreamContentSha256	"2d27b34e64372520e9170cc30f1d1c59e795d046b6726de89db95b9535db9858"	"2d27b34e64372520e9170cc30f1d1c59e795d046b6726de89db95b9535db9858"	refresh commit 65f32e1 (intentional final pre-fight capture, user-confirmed authoritative)	preserved byte-for-byte; no recomputation	unchanged intentional August 15 final prediction
1786822978190-jtaix9	Vicente Luque|Tresean Gore	_provenance.sourceManifest.rankingsHistory.upstreamVersion	49	49	refresh commit 65f32e1 (intentional final pre-fight capture, user-confirmed authoritative)	preserved byte-for-byte; no recomputation	unchanged intentional August 15 final prediction
1786822978190-jtaix9	Vicente Luque|Tresean Gore	_provenance.sourceManifest.rankingsHistory.verificationMethod	"Read directly from the generated artifacts and the committed history cache, all produced by scripts/update_rankings.py and regenerating byte-identically from the same inputs. upstreamContentSha256 is the SHA-256 of the Kaggle CSV the cache was built from. No git commit date, file mtime, or header comment is consulted, and a missing artifact, cache or snapshot set is a hard failure rather than a silent fallback."	"Read directly from the generated artifacts and the committed history cache, all produced by scripts/update_rankings.py and regenerating byte-identically from the same inputs. upstreamContentSha256 is the SHA-256 of the Kaggle CSV the cache was built from. No git commit date, file mtime, or header comment is consulted, and a missing artifact, cache or snapshot set is a hard failure rather than a silent fallback."	refresh commit 65f32e1 (intentional final pre-fight capture, user-confirmed authoritative)	preserved byte-for-byte; no recomputation	unchanged intentional August 15 final prediction
1786822978190-jtaix9	Vicente Luque|Tresean Gore	_provenance.targetEventDate	"2026-08-15"	"2026-08-15"	refresh commit 65f32e1 (intentional final pre-fight capture, user-confirmed authoritative)	preserved byte-for-byte; no recomputation	unchanged intentional August 15 final prediction
1786822978190-jtaix9	Vicente Luque|Tresean Gore	actualFinish	""	""	grading commit 3a67be6	preserved byte-for-byte; no recomputation	preserved legitimate grading
1786822978190-jtaix9	Vicente Luque|Tresean Gore	actualWinner	"Tresean Gore"	"Tresean Gore"	grading commit 3a67be6	preserved byte-for-byte; no recomputation	preserved legitimate grading
1786822978190-jtaix9	Vicente Luque|Tresean Gore	bestBet	"A"	"A"	refresh commit 65f32e1 (intentional final pre-fight capture, user-confirmed authoritative)	preserved byte-for-byte; no recomputation	unchanged intentional August 15 final prediction
1786822978190-jtaix9	Vicente Luque|Tresean Gore	betAction	"LEAN"	"LEAN"	refresh commit 65f32e1 (intentional final pre-fight capture, user-confirmed authoritative)	preserved byte-for-byte; no recomputation	unchanged intentional August 15 final prediction
1786822978190-jtaix9	Vicente Luque|Tresean Gore	betRecommendedFighter	"Vicente Luque"	"Vicente Luque"	refresh commit 65f32e1 (intentional final pre-fight capture, user-confirmed authoritative)	preserved byte-for-byte; no recomputation	unchanged intentional August 15 final prediction
1786822978190-jtaix9	Vicente Luque|Tresean Gore	betRecommendedOdds	"-110"	"-110"	refresh commit 65f32e1 (intentional final pre-fight capture, user-confirmed authoritative)	preserved byte-for-byte; no recomputation	unchanged intentional August 15 final prediction
1786822978190-jtaix9	Vicente Luque|Tresean Gore	boutContext.division	"Middleweight"	"Middleweight"	refresh commit 65f32e1 (intentional final pre-fight capture, user-confirmed authoritative)	preserved byte-for-byte; no recomputation	unchanged intentional August 15 final prediction
1786822978190-jtaix9	Vicente Luque|Tresean Gore	boutContext.isTitleBout	false	false	refresh commit 65f32e1 (intentional final pre-fight capture, user-confirmed authoritative)	preserved byte-for-byte; no recomputation	unchanged intentional August 15 final prediction
1786822978190-jtaix9	Vicente Luque|Tresean Gore	boutContext.scheduledRounds	3	3	refresh commit 65f32e1 (intentional final pre-fight capture, user-confirmed authoritative)	preserved byte-for-byte; no recomputation	unchanged intentional August 15 final prediction
1786822978190-jtaix9	Vicente Luque|Tresean Gore	createdAt	"2026-08-15T19:42:58.190Z"	"2026-08-15T19:42:58.190Z"	refresh commit 65f32e1 (intentional final pre-fight capture, user-confirmed authoritative)	preserved byte-for-byte; no recomputation	unchanged intentional August 15 final prediction
1786822978190-jtaix9	Vicente Luque|Tresean Gore	division	"Middleweight"	"Middleweight"	refresh commit 65f32e1 (intentional final pre-fight capture, user-confirmed authoritative)	preserved byte-for-byte; no recomputation	unchanged intentional August 15 final prediction
1786822978190-jtaix9	Vicente Luque|Tresean Gore	edge	0.12505626584541307	0.12505626584541307	refresh commit 65f32e1 (intentional final pre-fight capture, user-confirmed authoritative)	preserved byte-for-byte; no recomputation	unchanged intentional August 15 final prediction
1786822978190-jtaix9	Vicente Luque|Tresean Gore	edgeA	0.12505626584541307	0.12505626584541307	refresh commit 65f32e1 (intentional final pre-fight capture, user-confirmed authoritative)	preserved byte-for-byte; no recomputation	unchanged intentional August 15 final prediction
1786822978190-jtaix9	Vicente Luque|Tresean Gore	edgeB	-0.12505626584541307	-0.12505626584541307	refresh commit 65f32e1 (intentional final pre-fight capture, user-confirmed authoritative)	preserved byte-for-byte; no recomputation	unchanged intentional August 15 final prediction
1786822978190-jtaix9	Vicente Luque|Tresean Gore	ev	19.32892347957886	19.32892347957886	refresh commit 65f32e1 (intentional final pre-fight capture, user-confirmed authoritative)	preserved byte-for-byte; no recomputation	unchanged intentional August 15 final prediction
1786822978190-jtaix9	Vicente Luque|Tresean Gore	evA	19.32892347957886	19.32892347957886	refresh commit 65f32e1 (intentional final pre-fight capture, user-confirmed authoritative)	preserved byte-for-byte; no recomputation	unchanged intentional August 15 final prediction
1786822978190-jtaix9	Vicente Luque|Tresean Gore	evB	-28.41983257048794	-28.41983257048794	refresh commit 65f32e1 (intentional final pre-fight capture, user-confirmed authoritative)	preserved byte-for-byte; no recomputation	unchanged intentional August 15 final prediction
1786822978190-jtaix9	Vicente Luque|Tresean Gore	eventDate	"2026-08-15"	"2026-08-15"	refresh commit 65f32e1 (intentional final pre-fight capture, user-confirmed authoritative)	preserved byte-for-byte; no recomputation	unchanged intentional August 15 final prediction
1786822978190-jtaix9	Vicente Luque|Tresean Gore	eventName	"UFC 330"	"UFC 330"	refresh commit 65f32e1 (intentional final pre-fight capture, user-confirmed authoritative)	preserved byte-for-byte; no recomputation	unchanged intentional August 15 final prediction
1786822978190-jtaix9	Vicente Luque|Tresean Gore	fairLine	"-167"	"-167"	refresh commit 65f32e1 (intentional final pre-fight capture, user-confirmed authoritative)	preserved byte-for-byte; no recomputation	unchanged intentional August 15 final prediction
1786822978190-jtaix9	Vicente Luque|Tresean Gore	fairLineA	"-167"	"-167"	refresh commit 65f32e1 (intentional final pre-fight capture, user-confirmed authoritative)	preserved byte-for-byte; no recomputation	unchanged intentional August 15 final prediction
1786822978190-jtaix9	Vicente Luque|Tresean Gore	fairLineB	"+167"	"+167"	refresh commit 65f32e1 (intentional final pre-fight capture, user-confirmed authoritative)	preserved byte-for-byte; no recomputation	unchanged intentional August 15 final prediction
1786822978190-jtaix9	Vicente Luque|Tresean Gore	fighterA	"Vicente Luque"	"Vicente Luque"	refresh commit 65f32e1 (intentional final pre-fight capture, user-confirmed authoritative)	preserved byte-for-byte; no recomputation	unchanged intentional August 15 final prediction
1786822978190-jtaix9	Vicente Luque|Tresean Gore	fighterAIsProspect	false	false	refresh commit 65f32e1 (intentional final pre-fight capture, user-confirmed authoritative)	preserved byte-for-byte; no recomputation	unchanged intentional August 15 final prediction
1786822978190-jtaix9	Vicente Luque|Tresean Gore	fighterAProb	0.5923807975369481	0.5923807975369481	refresh commit 65f32e1 (intentional final pre-fight capture, user-confirmed authoritative)	preserved byte-for-byte; no recomputation	unchanged intentional August 15 final prediction
1786822978190-jtaix9	Vicente Luque|Tresean Gore	fighterB	"Tresean Gore"	"Tresean Gore"	refresh commit 65f32e1 (intentional final pre-fight capture, user-confirmed authoritative)	preserved byte-for-byte; no recomputation	unchanged intentional August 15 final prediction
1786822978190-jtaix9	Vicente Luque|Tresean Gore	fighterBIsProspect	false	false	refresh commit 65f32e1 (intentional final pre-fight capture, user-confirmed authoritative)	preserved byte-for-byte; no recomputation	unchanged intentional August 15 final prediction
1786822978190-jtaix9	Vicente Luque|Tresean Gore	fighterBProb	0.40761920246305194	0.40761920246305194	refresh commit 65f32e1 (intentional final pre-fight capture, user-confirmed authoritative)	preserved byte-for-byte; no recomputation	unchanged intentional August 15 final prediction
1786822978190-jtaix9	Vicente Luque|Tresean Gore	id	"1786822978190-jtaix9"	"1786822978190-jtaix9"	refresh commit 65f32e1 (intentional final pre-fight capture, user-confirmed authoritative)	preserved byte-for-byte; no recomputation	unchanged intentional August 15 final prediction
1786822978190-jtaix9	Vicente Luque|Tresean Gore	includesProspect	false	false	refresh commit 65f32e1 (intentional final pre-fight capture, user-confirmed authoritative)	preserved byte-for-byte; no recomputation	unchanged intentional August 15 final prediction
1786822978190-jtaix9	Vicente Luque|Tresean Gore	kelly	0.21261815827536748	0.21261815827536748	refresh commit 65f32e1 (intentional final pre-fight capture, user-confirmed authoritative)	preserved byte-for-byte; no recomputation	unchanged intentional August 15 final prediction
1786822978190-jtaix9	Vicente Luque|Tresean Gore	kellyA	0.21261815827536748	0.21261815827536748	refresh commit 65f32e1 (intentional final pre-fight capture, user-confirmed authoritative)	preserved byte-for-byte; no recomputation	unchanged intentional August 15 final prediction
1786822978190-jtaix9	Vicente Luque|Tresean Gore	kellyB	0	0	refresh commit 65f32e1 (intentional final pre-fight capture, user-confirmed authoritative)	preserved byte-for-byte; no recomputation	unchanged intentional August 15 final prediction
1786822978190-jtaix9	Vicente Luque|Tresean Gore	marketOdds	"-110"	"-110"	refresh commit 65f32e1 (intentional final pre-fight capture, user-confirmed authoritative)	preserved byte-for-byte; no recomputation	unchanged intentional August 15 final prediction
1786822978190-jtaix9	Vicente Luque|Tresean Gore	modelUsed	"v2"	"v2"	refresh commit 65f32e1 (intentional final pre-fight capture, user-confirmed authoritative)	preserved byte-for-byte; no recomputation	unchanged intentional August 15 final prediction
1786822978190-jtaix9	Vicente Luque|Tresean Gore	notes	""	""	refresh commit 65f32e1 (intentional final pre-fight capture, user-confirmed authoritative)	preserved byte-for-byte; no recomputation	unchanged intentional August 15 final prediction
1786822978190-jtaix9	Vicente Luque|Tresean Gore	oddsA	"-110"	"-110"	refresh commit 65f32e1 (intentional final pre-fight capture, user-confirmed authoritative)	preserved byte-for-byte; no recomputation	unchanged intentional August 15 final prediction
1786822978190-jtaix9	Vicente Luque|Tresean Gore	oddsB	"-110"	"-110"	refresh commit 65f32e1 (intentional final pre-fight capture, user-confirmed authoritative)	preserved byte-for-byte; no recomputation	unchanged intentional August 15 final prediction
1786822978190-jtaix9	Vicente Luque|Tresean Gore	predictedProb	0.5923807975369481	0.5923807975369481	refresh commit 65f32e1 (intentional final pre-fight capture, user-confirmed authoritative)	preserved byte-for-byte; no recomputation	unchanged intentional August 15 final prediction
1786822978190-jtaix9	Vicente Luque|Tresean Gore	predictedWinner	"Vicente Luque"	"Vicente Luque"	refresh commit 65f32e1 (intentional final pre-fight capture, user-confirmed authoritative)	preserved byte-for-byte; no recomputation	unchanged intentional August 15 final prediction
1786822978190-jtaix9	Vicente Luque|Tresean Gore	projectedDEC	24	24	refresh commit 65f32e1 (intentional final pre-fight capture, user-confirmed authoritative)	preserved byte-for-byte; no recomputation	unchanged intentional August 15 final prediction
1786822978190-jtaix9	Vicente Luque|Tresean Gore	projectedFinish	"SUB"	"SUB"	refresh commit 65f32e1 (intentional final pre-fight capture, user-confirmed authoritative)	preserved byte-for-byte; no recomputation	unchanged intentional August 15 final prediction
1786822978190-jtaix9	Vicente Luque|Tresean Gore	projectedKO	33	33	refresh commit 65f32e1 (intentional final pre-fight capture, user-confirmed authoritative)	preserved byte-for-byte; no recomputation	unchanged intentional August 15 final prediction
1786822978190-jtaix9	Vicente Luque|Tresean Gore	projectedSUB	43	43	refresh commit 65f32e1 (intentional final pre-fight capture, user-confirmed authoritative)	preserved byte-for-byte; no recomputation	unchanged intentional August 15 final prediction
1786822978190-jtaix9	Vicente Luque|Tresean Gore	trackedProb	0.6250562658454131	0.6250562658454131	refresh commit 65f32e1 (intentional final pre-fight capture, user-confirmed authoritative)	preserved byte-for-byte; no recomputation	unchanged intentional August 15 final prediction
1786822978190-jtaix9	Vicente Luque|Tresean Gore	trackedSide	"Vicente Luque"	"Vicente Luque"	refresh commit 65f32e1 (intentional final pre-fight capture, user-confirmed authoritative)	preserved byte-for-byte; no recomputation	unchanged intentional August 15 final prediction
1786822978190-jtaix9	Vicente Luque|Tresean Gore	v2pA	0.6250562658454131	0.6250562658454131	refresh commit 65f32e1 (intentional final pre-fight capture, user-confirmed authoritative)	preserved byte-for-byte; no recomputation	unchanged intentional August 15 final prediction
1786822978190-jtaix9	Vicente Luque|Tresean Gore	v2pB	0.3749437341545869	0.3749437341545869	refresh commit 65f32e1 (intentional final pre-fight capture, user-confirmed authoritative)	preserved byte-for-byte; no recomputation	unchanged intentional August 15 final prediction
1786822935624-ddtt76	Neil Magny|Ramiz Brahimaj	boutContext.provenance.sourceUrl	null	"https://www.ufc.com/news/official-weigh-results-ufc-330-makhachev-vs-machado-garry"	src/upcomingData.js @ 1adfd22 (official UFC 330 weigh-in page, retrievedAt 2026-08-14)	official bout-metadata provenance nulled by 65f32e1; restored verbatim from its authoritative source	restored official provenance
1786822935624-ddtt76	Neil Magny|Ramiz Brahimaj	boutContext.provenance.retrievedAt	null	"2026-08-14"	src/upcomingData.js @ 1adfd22 (official UFC 330 weigh-in page, retrievedAt 2026-08-14)	official bout-metadata provenance nulled by 65f32e1; restored verbatim from its authoritative source	restored official provenance
1786822935624-ddtt76	Neil Magny|Ramiz Brahimaj	boutContext.provenance.authority	null	"official"	src/upcomingData.js @ 1adfd22 (official UFC 330 weigh-in page, retrievedAt 2026-08-14)	official bout-metadata provenance nulled by 65f32e1; restored verbatim from its authoritative source	restored official provenance
1786822935624-ddtt76	Neil Magny|Ramiz Brahimaj	_provenance.boutContext.division	"Welterweight"	<removed>	n/a - field absent from all 168 non-UFC330 ROI records	accidental duplicate grafted by 65f32e1; not part of the established schema	removal of accidental duplicated provenance structure
1786822935624-ddtt76	Neil Magny|Ramiz Brahimaj	_provenance.boutContext.isTitleBout	false	<removed>	n/a - field absent from all 168 non-UFC330 ROI records	accidental duplicate grafted by 65f32e1; not part of the established schema	removal of accidental duplicated provenance structure
1786822935624-ddtt76	Neil Magny|Ramiz Brahimaj	_provenance.boutContext.provenance	null	<removed>	n/a - field absent from all 168 non-UFC330 ROI records	accidental duplicate grafted by 65f32e1; not part of the established schema	removal of accidental duplicated provenance structure
1786822935624-ddtt76	Neil Magny|Ramiz Brahimaj	_provenance.boutContext.scheduledRounds	3	<removed>	n/a - field absent from all 168 non-UFC330 ROI records	accidental duplicate grafted by 65f32e1; not part of the established schema	removal of accidental duplicated provenance structure
1786822935624-ddtt76	Neil Magny|Ramiz Brahimaj	unitsWagered	1	1	user decision 2026-08-17 (explicit, final)	user-ratified: both NO BET records store 1; already 1 in ROI, asserted not inferred	user-ratified unitsWagered: 1
1786822935624-ddtt76	Neil Magny|Ramiz Brahimaj	_provenance.captureMode	"live"	"live"	refresh commit 65f32e1 (intentional final pre-fight capture, user-confirmed authoritative)	preserved byte-for-byte; no recomputation	unchanged intentional August 15 final prediction
1786822935624-ddtt76	Neil Magny|Ramiz Brahimaj	_provenance.featureVector.v1.age_dif	-1.3953488372093024	-1.3953488372093024	refresh commit 65f32e1 (intentional final pre-fight capture, user-confirmed authoritative)	preserved byte-for-byte; no recomputation	unchanged intentional August 15 final prediction
1786822935624-ddtt76	Neil Magny|Ramiz Brahimaj	_provenance.featureVector.v1.atd_dif	0.7333333333333336	0.7333333333333336	refresh commit 65f32e1 (intentional final pre-fight capture, user-confirmed authoritative)	preserved byte-for-byte; no recomputation	unchanged intentional August 15 final prediction
1786822935624-ddtt76	Neil Magny|Ramiz Brahimaj	_provenance.featureVector.v1.avg_sig_str_pct_dif	-0.19440000000000013	-0.19440000000000013	refresh commit 65f32e1 (intentional final pre-fight capture, user-confirmed authoritative)	preserved byte-for-byte; no recomputation	unchanged intentional August 15 final prediction
1786822935624-ddtt76	Neil Magny|Ramiz Brahimaj	_provenance.featureVector.v1.avg_sub_att_dif	-1.9000000000000001	-1.9000000000000001	refresh commit 65f32e1 (intentional final pre-fight capture, user-confirmed authoritative)	preserved byte-for-byte; no recomputation	unchanged intentional August 15 final prediction
1786822935624-ddtt76	Neil Magny|Ramiz Brahimaj	_provenance.featureVector.v1.avg_td_dif	0.12857142857142853	0.12857142857142853	refresh commit 65f32e1 (intentional final pre-fight capture, user-confirmed authoritative)	preserved byte-for-byte; no recomputation	unchanged intentional August 15 final prediction
1786822935624-ddtt76	Neil Magny|Ramiz Brahimaj	_provenance.featureVector.v1.avg_td_pct_dif	0.2608695652173913	0.2608695652173913	refresh commit 65f32e1 (intentional final pre-fight capture, user-confirmed authoritative)	preserved byte-for-byte; no recomputation	unchanged intentional August 15 final prediction
1786822935624-ddtt76	Neil Magny|Ramiz Brahimaj	_provenance.featureVector.v1.cardio_dif	3.232916666666667	3.232916666666667	refresh commit 65f32e1 (intentional final pre-fight capture, user-confirmed authoritative)	preserved byte-for-byte; no recomputation	unchanged intentional August 15 final prediction
1786822935624-ddtt76	Neil Magny|Ramiz Brahimaj	_provenance.featureVector.v1.control_time_dif	-0.10555555555555557	-0.10555555555555557	refresh commit 65f32e1 (intentional final pre-fight capture, user-confirmed authoritative)	preserved byte-for-byte; no recomputation	unchanged intentional August 15 final prediction
1786822935624-ddtt76	Neil Magny|Ramiz Brahimaj	_provenance.featureVector.v1.deep_round_dif	1.1764705882352942	1.1764705882352942	refresh commit 65f32e1 (intentional final pre-fight capture, user-confirmed authoritative)	preserved byte-for-byte; no recomputation	unchanged intentional August 15 final prediction
1786822935624-ddtt76	Neil Magny|Ramiz Brahimaj	_provenance.featureVector.v1.elo_dif	0.625	0.625	refresh commit 65f32e1 (intentional final pre-fight capture, user-confirmed authoritative)	preserved byte-for-byte; no recomputation	unchanged intentional August 15 final prediction
1786822935624-ddtt76	Neil Magny|Ramiz Brahimaj	_provenance.featureVector.v1.height_dif	0.5494505494505495	0.5494505494505495	refresh commit 65f32e1 (intentional final pre-fight capture, user-confirmed authoritative)	preserved byte-for-byte; no recomputation	unchanged intentional August 15 final prediction
1786822935624-ddtt76	Neil Magny|Ramiz Brahimaj	_provenance.featureVector.v1.kd_dif	0.14399999999999996	0.14399999999999996	refresh commit 65f32e1 (intentional final pre-fight capture, user-confirmed authoritative)	preserved byte-for-byte; no recomputation	unchanged intentional August 15 final prediction
1786822935624-ddtt76	Neil Magny|Ramiz Brahimaj	_provenance.featureVector.v1.ko_dif	3	3	refresh commit 65f32e1 (intentional final pre-fight capture, user-confirmed authoritative)	preserved byte-for-byte; no recomputation	unchanged intentional August 15 final prediction
1786822935624-ddtt76	Neil Magny|Ramiz Brahimaj	_provenance.featureVector.v1.layoff_dif	-0.35	-0.35	refresh commit 65f32e1 (intentional final pre-fight capture, user-confirmed authoritative)	preserved byte-for-byte; no recomputation	unchanged intentional August 15 final prediction
1786822935624-ddtt76	Neil Magny|Ramiz Brahimaj	_provenance.featureVector.v1.lose_streak_dif	0	0	refresh commit 65f32e1 (intentional final pre-fight capture, user-confirmed authoritative)	preserved byte-for-byte; no recomputation	unchanged intentional August 15 final prediction
1786822935624-ddtt76	Neil Magny|Ramiz Brahimaj	_provenance.featureVector.v1.loss_dif	-3.333333333333333	-3.333333333333333	refresh commit 65f32e1 (intentional final pre-fight capture, user-confirmed authoritative)	preserved byte-for-byte; no recomputation	unchanged intentional August 15 final prediction
1786822935624-ddtt76	Neil Magny|Ramiz Brahimaj	_provenance.featureVector.v1.peak_elo_dif	1.509090909090909	1.509090909090909	refresh commit 65f32e1 (intentional final pre-fight capture, user-confirmed authoritative)	preserved byte-for-byte; no recomputation	unchanged intentional August 15 final prediction
1786822935624-ddtt76	Neil Magny|Ramiz Brahimaj	_provenance.featureVector.v1.rank_tier_dif	0	0	refresh commit 65f32e1 (intentional final pre-fight capture, user-confirmed authoritative)	preserved byte-for-byte; no recomputation	unchanged intentional August 15 final prediction
1786822935624-ddtt76	Neil Magny|Ramiz Brahimaj	_provenance.featureVector.v1.reach_dif	0.7407407407407407	0.7407407407407407	refresh commit 65f32e1 (intentional final pre-fight capture, user-confirmed authoritative)	preserved byte-for-byte; no recomputation	unchanged intentional August 15 final prediction
1786822935624-ddtt76	Neil Magny|Ramiz Brahimaj	_provenance.featureVector.v1.sig_str_dif	0.0653354430379747	0.0653354430379747	refresh commit 65f32e1 (intentional final pre-fight capture, user-confirmed authoritative)	preserved byte-for-byte; no recomputation	unchanged intentional August 15 final prediction
1786822935624-ddtt76	Neil Magny|Ramiz Brahimaj	_provenance.featureVector.v1.sub_dif	-0.7142857142857143	-0.7142857142857143	refresh commit 65f32e1 (intentional final pre-fight capture, user-confirmed authoritative)	preserved byte-for-byte; no recomputation	unchanged intentional August 15 final prediction
1786822935624-ddtt76	Neil Magny|Ramiz Brahimaj	_provenance.featureVector.v1.total_round_dif	4.529411764705882	4.529411764705882	refresh commit 65f32e1 (intentional final pre-fight capture, user-confirmed authoritative)	preserved byte-for-byte; no recomputation	unchanged intentional August 15 final prediction
1786822935624-ddtt76	Neil Magny|Ramiz Brahimaj	_provenance.featureVector.v1.total_title_bout_dif	0	0	refresh commit 65f32e1 (intentional final pre-fight capture, user-confirmed authoritative)	preserved byte-for-byte; no recomputation	unchanged intentional August 15 final prediction
1786822935624-ddtt76	Neil Magny|Ramiz Brahimaj	_provenance.featureVector.v1.ufc_fight_count_dif	3.5	3.5	refresh commit 65f32e1 (intentional final pre-fight capture, user-confirmed authoritative)	preserved byte-for-byte; no recomputation	unchanged intentional August 15 final prediction
1786822935624-ddtt76	Neil Magny|Ramiz Brahimaj	_provenance.featureVector.v1.win_dif	4.3181818181818175	4.3181818181818175	refresh commit 65f32e1 (intentional final pre-fight capture, user-confirmed authoritative)	preserved byte-for-byte; no recomputation	unchanged intentional August 15 final prediction
1786822935624-ddtt76	Neil Magny|Ramiz Brahimaj	_provenance.featureVector.v1.win_streak_dif	0	0	refresh commit 65f32e1 (intentional final pre-fight capture, user-confirmed authoritative)	preserved byte-for-byte; no recomputation	unchanged intentional August 15 final prediction
1786822935624-ddtt76	Neil Magny|Ramiz Brahimaj	_provenance.featureVector.v2.elo	0.31	0.31	refresh commit 65f32e1 (intentional final pre-fight capture, user-confirmed authoritative)	preserved byte-for-byte; no recomputation	unchanged intentional August 15 final prediction
1786822935624-ddtt76	Neil Magny|Ramiz Brahimaj	_provenance.featureVector.v2.height	5	5	refresh commit 65f32e1 (intentional final pre-fight capture, user-confirmed authoritative)	preserved byte-for-byte; no recomputation	unchanged intentional August 15 final prediction
1786822935624-ddtt76	Neil Magny|Ramiz Brahimaj	_provenance.featureVector.v2.ko_wins	6	6	refresh commit 65f32e1 (intentional final pre-fight capture, user-confirmed authoritative)	preserved byte-for-byte; no recomputation	unchanged intentional August 15 final prediction
1786822935624-ddtt76	Neil Magny|Ramiz Brahimaj	_provenance.featureVector.v2.losses	-9	-9	refresh commit 65f32e1 (intentional final pre-fight capture, user-confirmed authoritative)	preserved byte-for-byte; no recomputation	unchanged intentional August 15 final prediction
1786822935624-ddtt76	Neil Magny|Ramiz Brahimaj	_provenance.featureVector.v2.modern_form	-0.14843458252970726	-0.14843458252970726	refresh commit 65f32e1 (intentional final pre-fight capture, user-confirmed authoritative)	preserved byte-for-byte; no recomputation	unchanged intentional August 15 final prediction
1786822935624-ddtt76	Neil Magny|Ramiz Brahimaj	_provenance.featureVector.v2.reach	8	8	refresh commit 65f32e1 (intentional final pre-fight capture, user-confirmed authoritative)	preserved byte-for-byte; no recomputation	unchanged intentional August 15 final prediction
1786822935624-ddtt76	Neil Magny|Ramiz Brahimaj	_provenance.featureVector.v2.rounds	77	77	refresh commit 65f32e1 (intentional final pre-fight capture, user-confirmed authoritative)	preserved byte-for-byte; no recomputation	unchanged intentional August 15 final prediction
1786822935624-ddtt76	Neil Magny|Ramiz Brahimaj	_provenance.featureVector.v2.sig_str_accuracy	-0.019440000000000013	-0.019440000000000013	refresh commit 65f32e1 (intentional final pre-fight capture, user-confirmed authoritative)	preserved byte-for-byte; no recomputation	unchanged intentional August 15 final prediction
1786822935624-ddtt76	Neil Magny|Ramiz Brahimaj	_provenance.featureVector.v2.sig_str_landed	1.0323000000000002	1.0323000000000002	refresh commit 65f32e1 (intentional final pre-fight capture, user-confirmed authoritative)	preserved byte-for-byte; no recomputation	unchanged intentional August 15 final prediction
1786822935624-ddtt76	Neil Magny|Ramiz Brahimaj	_provenance.featureVector.v2.sub_attempts	-1.33	-1.33	refresh commit 65f32e1 (intentional final pre-fight capture, user-confirmed authoritative)	preserved byte-for-byte; no recomputation	unchanged intentional August 15 final prediction
1786822935624-ddtt76	Neil Magny|Ramiz Brahimaj	_provenance.featureVector.v2.sub_wins	-1	-1	refresh commit 65f32e1 (intentional final pre-fight capture, user-confirmed authoritative)	preserved byte-for-byte; no recomputation	unchanged intentional August 15 final prediction
1786822935624-ddtt76	Neil Magny|Ramiz Brahimaj	_provenance.featureVector.v2.td_accuracy	0.06	0.06	refresh commit 65f32e1 (intentional final pre-fight capture, user-confirmed authoritative)	preserved byte-for-byte; no recomputation	unchanged intentional August 15 final prediction
1786822935624-ddtt76	Neil Magny|Ramiz Brahimaj	_provenance.featureVector.v2.td_landed	0.17999999999999994	0.17999999999999994	refresh commit 65f32e1 (intentional final pre-fight capture, user-confirmed authoritative)	preserved byte-for-byte; no recomputation	unchanged intentional August 15 final prediction
1786822935624-ddtt76	Neil Magny|Ramiz Brahimaj	_provenance.featureVector.v2.title_bouts	0	0	refresh commit 65f32e1 (intentional final pre-fight capture, user-confirmed authoritative)	preserved byte-for-byte; no recomputation	unchanged intentional August 15 final prediction
1786822935624-ddtt76	Neil Magny|Ramiz Brahimaj	_provenance.featureVector.v2.wins	19	19	refresh commit 65f32e1 (intentional final pre-fight capture, user-confirmed authoritative)	preserved byte-for-byte; no recomputation	unchanged intentional August 15 final prediction
1786822935624-ddtt76	Neil Magny|Ramiz Brahimaj	_provenance.featureVector.v2.younger	-6	-6	refresh commit 65f32e1 (intentional final pre-fight capture, user-confirmed authoritative)	preserved byte-for-byte; no recomputation	unchanged intentional August 15 final prediction
1786822935624-ddtt76	Neil Magny|Ramiz Brahimaj	_provenance.fightHistoryCutoff.fighterA	"2025-12-13"	"2025-12-13"	refresh commit 65f32e1 (intentional final pre-fight capture, user-confirmed authoritative)	preserved byte-for-byte; no recomputation	unchanged intentional August 15 final prediction
1786822935624-ddtt76	Neil Magny|Ramiz Brahimaj	_provenance.fightHistoryCutoff.fighterB	"2026-02-21"	"2026-02-21"	refresh commit 65f32e1 (intentional final pre-fight capture, user-confirmed authoritative)	preserved byte-for-byte; no recomputation	unchanged intentional August 15 final prediction
1786822935624-ddtt76	Neil Magny|Ramiz Brahimaj	_provenance.frozenTier	"NO BET"	"NO BET"	refresh commit 65f32e1 (intentional final pre-fight capture, user-confirmed authoritative)	preserved byte-for-byte; no recomputation	unchanged intentional August 15 final prediction
1786822935624-ddtt76	Neil Magny|Ramiz Brahimaj	_provenance.modelCoefHash	"256f866e"	"256f866e"	refresh commit 65f32e1 (intentional final pre-fight capture, user-confirmed authoritative)	preserved byte-for-byte; no recomputation	unchanged intentional August 15 final prediction
1786822935624-ddtt76	Neil Magny|Ramiz Brahimaj	_provenance.modelVersion	"logistic_v2.0_20260709"	"logistic_v2.0_20260709"	refresh commit 65f32e1 (intentional final pre-fight capture, user-confirmed authoritative)	preserved byte-for-byte; no recomputation	unchanged intentional August 15 final prediction
1786822935624-ddtt76	Neil Magny|Ramiz Brahimaj	_provenance.predictionTimestamp	"2026-08-15T19:42:15.624Z"	"2026-08-15T19:42:15.624Z"	refresh commit 65f32e1 (intentional final pre-fight capture, user-confirmed authoritative)	preserved byte-for-byte; no recomputation	unchanged intentional August 15 final prediction
1786822935624-ddtt76	Neil Magny|Ramiz Brahimaj	_provenance.sourceManifest.cardio.contentHash	"7025f1f440bbf01c15731cc40e65521e50635902ee482536cd07a412738b788c"	"7025f1f440bbf01c15731cc40e65521e50635902ee482536cd07a412738b788c"	refresh commit 65f32e1 (intentional final pre-fight capture, user-confirmed authoritative)	preserved byte-for-byte; no recomputation	unchanged intentional August 15 final prediction
1786822935624-ddtt76	Neil Magny|Ramiz Brahimaj	_provenance.sourceManifest.cardio.feedsV2	false	false	refresh commit 65f32e1 (intentional final pre-fight capture, user-confirmed authoritative)	preserved byte-for-byte; no recomputation	unchanged intentional August 15 final prediction
1786822935624-ddtt76	Neil Magny|Ramiz Brahimaj	_provenance.sourceManifest.cardio.file	"src/cardioModule.js"	"src/cardioModule.js"	refresh commit 65f32e1 (intentional final pre-fight capture, user-confirmed authoritative)	preserved byte-for-byte; no recomputation	unchanged intentional August 15 final prediction
1786822935624-ddtt76	Neil Magny|Ramiz Brahimaj	_provenance.sourceManifest.cardio.generatedAt	"2026-08-13"	"2026-08-13"	refresh commit 65f32e1 (intentional final pre-fight capture, user-confirmed authoritative)	preserved byte-for-byte; no recomputation	unchanged intentional August 15 final prediction
1786822935624-ddtt76	Neil Magny|Ramiz Brahimaj	_provenance.sourceManifest.cardio.generatorVersion	"unavailable -- no cardio-generation script found in repo"	"unavailable -- no cardio-generation script found in repo"	refresh commit 65f32e1 (intentional final pre-fight capture, user-confirmed authoritative)	preserved byte-for-byte; no recomputation	unchanged intentional August 15 final prediction
1786822935624-ddtt76	Neil Magny|Ramiz Brahimaj	_provenance.sourceManifest.cardio.maxObservedEventDate	null	null	refresh commit 65f32e1 (intentional final pre-fight capture, user-confirmed authoritative)	preserved byte-for-byte; no recomputation	unchanged intentional August 15 final prediction
1786822935624-ddtt76	Neil Magny|Ramiz Brahimaj	_provenance.sourceManifest.cardio.note	"Does not feed MODEL_V2 (no path into computeLogisticProb's 16 features, confirmed in research/source_integrity_audit.md). Tracked here for future model versions that might use it."	"Does not feed MODEL_V2 (no path into computeLogisticProb's 16 features, confirmed in research/source_integrity_audit.md). Tracked here for future model versions that might use it."	refresh commit 65f32e1 (intentional final pre-fight capture, user-confirmed authoritative)	preserved byte-for-byte; no recomputation	unchanged intentional August 15 final prediction
1786822935624-ddtt76	Neil Magny|Ramiz Brahimaj	_provenance.sourceManifest.cardio.verificationMethod	"INDETERMINATE: no generator script present in the repository, and no per-fighter date field is embedded in the shipped artifact itself, so maxObservedEventDate cannot be independently verified the way the Greco-CSV-backed modules above were. The file's own header comment self-reports \"fetched 2026-04-14\" -- this is NOT independently verified and should not be treated as authoritative."	"INDETERMINATE: no generator script present in the repository, and no per-fighter date field is embedded in the shipped artifact itself, so maxObservedEventDate cannot be independently verified the way the Greco-CSV-backed modules above were. The file's own header comment self-reports \"fetched 2026-04-14\" -- this is NOT independently verified and should not be treated as authoritative."	refresh commit 65f32e1 (intentional final pre-fight capture, user-confirmed authoritative)	preserved byte-for-byte; no recomputation	unchanged intentional August 15 final prediction
1786822935624-ddtt76	Neil Magny|Ramiz Brahimaj	_provenance.sourceManifest.elo.contentHash	"0cb60aee84bb6b2b40b2cb476c44e734f9706a96942246d022d285ebe80aa35d"	"0cb60aee84bb6b2b40b2cb476c44e734f9706a96942246d022d285ebe80aa35d"	refresh commit 65f32e1 (intentional final pre-fight capture, user-confirmed authoritative)	preserved byte-for-byte; no recomputation	unchanged intentional August 15 final prediction
1786822935624-ddtt76	Neil Magny|Ramiz Brahimaj	_provenance.sourceManifest.elo.feedsV2	true	true	refresh commit 65f32e1 (intentional final pre-fight capture, user-confirmed authoritative)	preserved byte-for-byte; no recomputation	unchanged intentional August 15 final prediction
1786822935624-ddtt76	Neil Magny|Ramiz Brahimaj	_provenance.sourceManifest.elo.file	"src/eloModule.js"	"src/eloModule.js"	refresh commit 65f32e1 (intentional final pre-fight capture, user-confirmed authoritative)	preserved byte-for-byte; no recomputation	unchanged intentional August 15 final prediction
1786822935624-ddtt76	Neil Magny|Ramiz Brahimaj	_provenance.sourceManifest.elo.generatedAt	"2026-08-13"	"2026-08-13"	refresh commit 65f32e1 (intentional final pre-fight capture, user-confirmed authoritative)	preserved byte-for-byte; no recomputation	unchanged intentional August 15 final prediction
1786822935624-ddtt76	Neil Magny|Ramiz Brahimaj	_provenance.sourceManifest.elo.generatorRequiredInputs	["ufc_fight_results.csv", "ufc_event_details.csv"]	["ufc_fight_results.csv", "ufc_event_details.csv"]	refresh commit 65f32e1 (intentional final pre-fight capture, user-confirmed authoritative)	preserved byte-for-byte; no recomputation	unchanged intentional August 15 final prediction
1786822935624-ddtt76	Neil Magny|Ramiz Brahimaj	_provenance.sourceManifest.elo.generatorVersion	"regen_elo.py @ 97d2379ea418148c1ce0a21deae0461310914844"	"regen_elo.py @ 97d2379ea418148c1ce0a21deae0461310914844"	refresh commit 65f32e1 (intentional final pre-fight capture, user-confirmed authoritative)	preserved byte-for-byte; no recomputation	unchanged intentional August 15 final prediction
1786822935624-ddtt76	Neil Magny|Ramiz Brahimaj	_provenance.sourceManifest.elo.maxObservedEventDate	"2026-08-08"	"2026-08-08"	refresh commit 65f32e1 (intentional final pre-fight capture, user-confirmed authoritative)	preserved byte-for-byte; no recomputation	unchanged intentional August 15 final prediction
1786822935624-ddtt76	Neil Magny|Ramiz Brahimaj	_provenance.sourceManifest.elo.sourceInputs	["ufc_fight_results.csv", "ufc_event_details.csv"]	["ufc_fight_results.csv", "ufc_event_details.csv"]	refresh commit 65f32e1 (intentional final pre-fight capture, user-confirmed authoritative)	preserved byte-for-byte; no recomputation	unchanged intentional August 15 final prediction
1786822935624-ddtt76	Neil Magny|Ramiz Brahimaj	_provenance.sourceManifest.elo.verificationMethod	"Parsed DATE column of ufc_event_details.csv directly (783 rows); maximum event date found = 2026-08-08. Cross-checked ufc_fight_results.csv, ufc_fight_details.csv, ufc_fight_stats.csv for window-period event names: FOUND (see manual audit). This value is NOT derived from any file mtime, git commit date, or in-file header comment -- see research/source_integrity_audit.md for the original manual methodology this script automates. NOTE: eloModule.js's own header comment claims coverage \"through Jul 2026\" -- this is misleading relative to the verified underlying data and should not be trusted; regen_elo.py reads only ufc_fight_results.csv + ufc_event_details.csv. Unlike ELO, the fighter aggregate updater also requires ufc_fight_details.csv and ufc_fight_stats.csv."	"Parsed DATE column of ufc_event_details.csv directly (783 rows); maximum event date found = 2026-08-08. Cross-checked ufc_fight_results.csv, ufc_fight_details.csv, ufc_fight_stats.csv for window-period event names: FOUND (see manual audit). This value is NOT derived from any file mtime, git commit date, or in-file header comment -- see research/source_integrity_audit.md for the original manual methodology this script automates. NOTE: eloModule.js's own header comment claims coverage \"through Jul 2026\" -- this is misleading relative to the verified underlying data and should not be trusted; regen_elo.py reads only ufc_fight_results.csv + ufc_event_details.csv. Unlike ELO, the fighter aggregate updater also requires ufc_fight_details.csv and ufc_fight_stats.csv."	refresh commit 65f32e1 (intentional final pre-fight capture, user-confirmed authoritative)	preserved byte-for-byte; no recomputation	unchanged intentional August 15 final prediction
1786822935624-ddtt76	Neil Magny|Ramiz Brahimaj	_provenance.sourceManifest.fightHistory.contentHash	"46bff36e8569423c1401fb137638b82265fab6a675584273ac1f0181ff9df0a5"	"46bff36e8569423c1401fb137638b82265fab6a675584273ac1f0181ff9df0a5"	refresh commit 65f32e1 (intentional final pre-fight capture, user-confirmed authoritative)	preserved byte-for-byte; no recomputation	unchanged intentional August 15 final prediction
1786822935624-ddtt76	Neil Magny|Ramiz Brahimaj	_provenance.sourceManifest.fightHistory.feedsV2	true	true	refresh commit 65f32e1 (intentional final pre-fight capture, user-confirmed authoritative)	preserved byte-for-byte; no recomputation	unchanged intentional August 15 final prediction
1786822935624-ddtt76	Neil Magny|Ramiz Brahimaj	_provenance.sourceManifest.fightHistory.file	"src/fightHistory.js"	"src/fightHistory.js"	refresh commit 65f32e1 (intentional final pre-fight capture, user-confirmed authoritative)	preserved byte-for-byte; no recomputation	unchanged intentional August 15 final prediction
1786822935624-ddtt76	Neil Magny|Ramiz Brahimaj	_provenance.sourceManifest.fightHistory.generatedAt	"2026-08-13"	"2026-08-13"	refresh commit 65f32e1 (intentional final pre-fight capture, user-confirmed authoritative)	preserved byte-for-byte; no recomputation	unchanged intentional August 15 final prediction
1786822935624-ddtt76	Neil Magny|Ramiz Brahimaj	_provenance.sourceManifest.fightHistory.generatorRequiredInputs	["ufc_fight_results.csv", "ufc_event_details.csv", "ufc_fight_details.csv", "ufc_fight_stats.csv"]	["ufc_fight_results.csv", "ufc_event_details.csv", "ufc_fight_details.csv", "ufc_fight_stats.csv"]	refresh commit 65f32e1 (intentional final pre-fight capture, user-confirmed authoritative)	preserved byte-for-byte; no recomputation	unchanged intentional August 15 final prediction
1786822935624-ddtt76	Neil Magny|Ramiz Brahimaj	_provenance.sourceManifest.fightHistory.generatorVersion	"update_fighters.py @ 97d2379ea418148c1ce0a21deae0461310914844"	"update_fighters.py @ 97d2379ea418148c1ce0a21deae0461310914844"	refresh commit 65f32e1 (intentional final pre-fight capture, user-confirmed authoritative)	preserved byte-for-byte; no recomputation	unchanged intentional August 15 final prediction
1786822935624-ddtt76	Neil Magny|Ramiz Brahimaj	_provenance.sourceManifest.fightHistory.maxObservedEventDate	"2026-08-08"	"2026-08-08"	refresh commit 65f32e1 (intentional final pre-fight capture, user-confirmed authoritative)	preserved byte-for-byte; no recomputation	unchanged intentional August 15 final prediction
1786822935624-ddtt76	Neil Magny|Ramiz Brahimaj	_provenance.sourceManifest.fightHistory.sourceInputs	["ufc_fight_results.csv", "ufc_event_details.csv", "ufc_fight_details.csv"]	["ufc_fight_results.csv", "ufc_event_details.csv", "ufc_fight_details.csv"]	refresh commit 65f32e1 (intentional final pre-fight capture, user-confirmed authoritative)	preserved byte-for-byte; no recomputation	unchanged intentional August 15 final prediction
1786822935624-ddtt76	Neil Magny|Ramiz Brahimaj	_provenance.sourceManifest.fightHistory.verificationMethod	"Parsed DATE column of ufc_event_details.csv directly (783 rows); maximum event date found = 2026-08-08. Cross-checked ufc_fight_results.csv, ufc_fight_details.csv, ufc_fight_stats.csv for window-period event names: FOUND (see manual audit). This value is NOT derived from any file mtime, git commit date, or in-file header comment -- see research/source_integrity_audit.md for the original manual methodology this script automates."	"Parsed DATE column of ufc_event_details.csv directly (783 rows); maximum event date found = 2026-08-08. Cross-checked ufc_fight_results.csv, ufc_fight_details.csv, ufc_fight_stats.csv for window-period event names: FOUND (see manual audit). This value is NOT derived from any file mtime, git commit date, or in-file header comment -- see research/source_integrity_audit.md for the original manual methodology this script automates."	refresh commit 65f32e1 (intentional final pre-fight capture, user-confirmed authoritative)	preserved byte-for-byte; no recomputation	unchanged intentional August 15 final prediction
1786822935624-ddtt76	Neil Magny|Ramiz Brahimaj	_provenance.sourceManifest.fighterBirthdates.contentHash	"560e7d5207c1766a57380ce852767ea03b004a89e2281c3be3dd11fc9e63cd5d"	"560e7d5207c1766a57380ce852767ea03b004a89e2281c3be3dd11fc9e63cd5d"	refresh commit 65f32e1 (intentional final pre-fight capture, user-confirmed authoritative)	preserved byte-for-byte; no recomputation	unchanged intentional August 15 final prediction
1786822935624-ddtt76	Neil Magny|Ramiz Brahimaj	_provenance.sourceManifest.fighterBirthdates.feedsV2	true	true	refresh commit 65f32e1 (intentional final pre-fight capture, user-confirmed authoritative)	preserved byte-for-byte; no recomputation	unchanged intentional August 15 final prediction
1786822935624-ddtt76	Neil Magny|Ramiz Brahimaj	_provenance.sourceManifest.fighterBirthdates.file	"src/fighterBirthdates.js"	"src/fighterBirthdates.js"	refresh commit 65f32e1 (intentional final pre-fight capture, user-confirmed authoritative)	preserved byte-for-byte; no recomputation	unchanged intentional August 15 final prediction
1786822935624-ddtt76	Neil Magny|Ramiz Brahimaj	_provenance.sourceManifest.fighterBirthdates.generatedAt	"2026-08-13"	"2026-08-13"	refresh commit 65f32e1 (intentional final pre-fight capture, user-confirmed authoritative)	preserved byte-for-byte; no recomputation	unchanged intentional August 15 final prediction
1786822935624-ddtt76	Neil Magny|Ramiz Brahimaj	_provenance.sourceManifest.fighterBirthdates.generatorVersion	"scripts/generate-fighter-birthdates.mjs @ 97d2379ea418148c1ce0a21deae0461310914844"	"scripts/generate-fighter-birthdates.mjs @ 97d2379ea418148c1ce0a21deae0461310914844"	refresh commit 65f32e1 (intentional final pre-fight capture, user-confirmed authoritative)	preserved byte-for-byte; no recomputation	unchanged intentional August 15 final prediction
1786822935624-ddtt76	Neil Magny|Ramiz Brahimaj	_provenance.sourceManifest.fighterBirthdates.maxObservedEventDate	null	null	refresh commit 65f32e1 (intentional final pre-fight capture, user-confirmed authoritative)	preserved byte-for-byte; no recomputation	unchanged intentional August 15 final prediction
1786822935624-ddtt76	Neil Magny|Ramiz Brahimaj	_provenance.sourceManifest.fighterBirthdates.note	"Canonical fighter name -> date of birth. Feeds the v2 'younger' feature and the v1 age differential/age-decay penalty via src/domain/age, which derives every age from DOB -- at app load for the roster, and at the bout date for a prediction. The integer AGE values in fightersData.js are now used only where no birth date exists here."	"Canonical fighter name -> date of birth. Feeds the v2 'younger' feature and the v1 age differential/age-decay penalty via src/domain/age, which derives every age from DOB -- at app load for the roster, and at the bout date for a prediction. The integer AGE values in fightersData.js are now used only where no birth date exists here."	refresh commit 65f32e1 (intentional final pre-fight capture, user-confirmed authoritative)	preserved byte-for-byte; no recomputation	unchanged intentional August 15 final prediction
1786822935624-ddtt76	Neil Magny|Ramiz Brahimaj	_provenance.sourceManifest.fighterBirthdates.verificationMethod	"Recomputed the join from source while writing this manifest: read 2267 rows from fighters.json, of which 2207 carry a dob matching ^\\d{4}-\\d{2}-\\d{2}$; applied 1 name_aliases.json rewrites; produced 2207 canonical names, and the shipped artifact contains 2207 entries. The generator raises on any canonical name that would receive two DIFFERENT birth dates, so a silent bad join cannot ship. Keys are sorted by UTF-16 code point (not localeCompare), making regeneration byte-identical across machines and ICU builds; the scheduled workflow enforces this with a --check re-run. maxObservedEventDate is null by nature, not by omission: this artifact holds birth dates, which are not event-scoped, so there is no event date it could be current or stale relative to. Its freshness question is coverage, which is the measured count above."	"Recomputed the join from source while writing this manifest: read 2267 rows from fighters.json, of which 2207 carry a dob matching ^\\d{4}-\\d{2}-\\d{2}$; applied 1 name_aliases.json rewrites; produced 2207 canonical names, and the shipped artifact contains 2207 entries. The generator raises on any canonical name that would receive two DIFFERENT birth dates, so a silent bad join cannot ship. Keys are sorted by UTF-16 code point (not localeCompare), making regeneration byte-identical across machines and ICU builds; the scheduled workflow enforces this with a --check re-run. maxObservedEventDate is null by nature, not by omission: this artifact holds birth dates, which are not event-scoped, so there is no event date it could be current or stale relative to. Its freshness question is coverage, which is the measured count above."	refresh commit 65f32e1 (intentional final pre-fight capture, user-confirmed authoritative)	preserved byte-for-byte; no recomputation	unchanged intentional August 15 final prediction
1786822935624-ddtt76	Neil Magny|Ramiz Brahimaj	_provenance.sourceManifest.fightersDataAggregates.contentHash	"51dc68372e9742be8602c43b0a9119ecc3e2c9eb5fa0b3c4a97980ab1e244aad"	"51dc68372e9742be8602c43b0a9119ecc3e2c9eb5fa0b3c4a97980ab1e244aad"	refresh commit 65f32e1 (intentional final pre-fight capture, user-confirmed authoritative)	preserved byte-for-byte; no recomputation	unchanged intentional August 15 final prediction
1786822935624-ddtt76	Neil Magny|Ramiz Brahimaj	_provenance.sourceManifest.fightersDataAggregates.feedsV2	true	true	refresh commit 65f32e1 (intentional final pre-fight capture, user-confirmed authoritative)	preserved byte-for-byte; no recomputation	unchanged intentional August 15 final prediction
1786822935624-ddtt76	Neil Magny|Ramiz Brahimaj	_provenance.sourceManifest.fightersDataAggregates.file	"src/fightersData.js"	"src/fightersData.js"	refresh commit 65f32e1 (intentional final pre-fight capture, user-confirmed authoritative)	preserved byte-for-byte; no recomputation	unchanged intentional August 15 final prediction
1786822935624-ddtt76	Neil Magny|Ramiz Brahimaj	_provenance.sourceManifest.fightersDataAggregates.generatedAt	"2026-08-13"	"2026-08-13"	refresh commit 65f32e1 (intentional final pre-fight capture, user-confirmed authoritative)	preserved byte-for-byte; no recomputation	unchanged intentional August 15 final prediction
1786822935624-ddtt76	Neil Magny|Ramiz Brahimaj	_provenance.sourceManifest.fightersDataAggregates.generatorRequiredInputs	["ufc_fight_results.csv", "ufc_event_details.csv", "ufc_fight_details.csv", "ufc_fight_stats.csv"]	["ufc_fight_results.csv", "ufc_event_details.csv", "ufc_fight_details.csv", "ufc_fight_stats.csv"]	refresh commit 65f32e1 (intentional final pre-fight capture, user-confirmed authoritative)	preserved byte-for-byte; no recomputation	unchanged intentional August 15 final prediction
1786822935624-ddtt76	Neil Magny|Ramiz Brahimaj	_provenance.sourceManifest.fightersDataAggregates.generatorVersion	"update_fighters.py @ 97d2379ea418148c1ce0a21deae0461310914844"	"update_fighters.py @ 97d2379ea418148c1ce0a21deae0461310914844"	refresh commit 65f32e1 (intentional final pre-fight capture, user-confirmed authoritative)	preserved byte-for-byte; no recomputation	unchanged intentional August 15 final prediction
1786822935624-ddtt76	Neil Magny|Ramiz Brahimaj	_provenance.sourceManifest.fightersDataAggregates.maxObservedEventDate	"2026-08-08"	"2026-08-08"	refresh commit 65f32e1 (intentional final pre-fight capture, user-confirmed authoritative)	preserved byte-for-byte; no recomputation	unchanged intentional August 15 final prediction
1786822935624-ddtt76	Neil Magny|Ramiz Brahimaj	_provenance.sourceManifest.fightersDataAggregates.note	"Feeds ASL/ASP/ATL/ATP/ASA (sig_str_landed, sig_str_accuracy, sub_attempts, td_landed, td_accuracy) and TR (rounds) -- the highest-weight non-ELO v2 features."	"Feeds ASL/ASP/ATL/ATP/ASA (sig_str_landed, sig_str_accuracy, sub_attempts, td_landed, td_accuracy) and TR (rounds) -- the highest-weight non-ELO v2 features."	refresh commit 65f32e1 (intentional final pre-fight capture, user-confirmed authoritative)	preserved byte-for-byte; no recomputation	unchanged intentional August 15 final prediction
1786822935624-ddtt76	Neil Magny|Ramiz Brahimaj	_provenance.sourceManifest.fightersDataAggregates.sourceInputs	["ufc_fight_results.csv", "ufc_event_details.csv", "ufc_fight_details.csv", "ufc_fight_stats.csv"]	["ufc_fight_results.csv", "ufc_event_details.csv", "ufc_fight_details.csv", "ufc_fight_stats.csv"]	refresh commit 65f32e1 (intentional final pre-fight capture, user-confirmed authoritative)	preserved byte-for-byte; no recomputation	unchanged intentional August 15 final prediction
1786822935624-ddtt76	Neil Magny|Ramiz Brahimaj	_provenance.sourceManifest.fightersDataAggregates.verificationMethod	"Parsed DATE column of ufc_event_details.csv directly (783 rows); maximum event date found = 2026-08-08. Cross-checked ufc_fight_results.csv, ufc_fight_details.csv, ufc_fight_stats.csv for window-period event names: FOUND (see manual audit). This value is NOT derived from any file mtime, git commit date, or in-file header comment -- see research/source_integrity_audit.md for the original manual methodology this script automates."	"Parsed DATE column of ufc_event_details.csv directly (783 rows); maximum event date found = 2026-08-08. Cross-checked ufc_fight_results.csv, ufc_fight_details.csv, ufc_fight_stats.csv for window-period event names: FOUND (see manual audit). This value is NOT derived from any file mtime, git commit date, or in-file header comment -- see research/source_integrity_audit.md for the original manual methodology this script automates."	refresh commit 65f32e1 (intentional final pre-fight capture, user-confirmed authoritative)	preserved byte-for-byte; no recomputation	unchanged intentional August 15 final prediction
1786822935624-ddtt76	Neil Magny|Ramiz Brahimaj	_provenance.sourceManifest.rankHistory.contentHash	"9a706f356ef41fa68b605dd9c52740dd370eda014dfb747b0cb8bdc6313ba244"	"9a706f356ef41fa68b605dd9c52740dd370eda014dfb747b0cb8bdc6313ba244"	refresh commit 65f32e1 (intentional final pre-fight capture, user-confirmed authoritative)	preserved byte-for-byte; no recomputation	unchanged intentional August 15 final prediction
1786822935624-ddtt76	Neil Magny|Ramiz Brahimaj	_provenance.sourceManifest.rankHistory.feedsV2	false	false	refresh commit 65f32e1 (intentional final pre-fight capture, user-confirmed authoritative)	preserved byte-for-byte; no recomputation	unchanged intentional August 15 final prediction
1786822935624-ddtt76	Neil Magny|Ramiz Brahimaj	_provenance.sourceManifest.rankHistory.file	"src/rankHistory.js"	"src/rankHistory.js"	refresh commit 65f32e1 (intentional final pre-fight capture, user-confirmed authoritative)	preserved byte-for-byte; no recomputation	unchanged intentional August 15 final prediction
1786822935624-ddtt76	Neil Magny|Ramiz Brahimaj	_provenance.sourceManifest.rankHistory.generatedAt	"2026-08-13"	"2026-08-13"	refresh commit 65f32e1 (intentional final pre-fight capture, user-confirmed authoritative)	preserved byte-for-byte; no recomputation	unchanged intentional August 15 final prediction
1786822935624-ddtt76	Neil Magny|Ramiz Brahimaj	_provenance.sourceManifest.rankHistory.generatorVersion	"regen_rankhistory.py (untracked in git -- present on disk, no commit history, no recoverable version)"	"regen_rankhistory.py (untracked in git -- present on disk, no commit history, no recoverable version)"	refresh commit 65f32e1 (intentional final pre-fight capture, user-confirmed authoritative)	preserved byte-for-byte; no recomputation	unchanged intentional August 15 final prediction
1786822935624-ddtt76	Neil Magny|Ramiz Brahimaj	_provenance.sourceManifest.rankHistory.maxObservedEventDate	"2026-03-12"	"2026-03-12"	refresh commit 65f32e1 (intentional final pre-fight capture, user-confirmed authoritative)	preserved byte-for-byte; no recomputation	unchanged intentional August 15 final prediction
1786822935624-ddtt76	Neil Magny|Ramiz Brahimaj	_provenance.sourceManifest.rankHistory.note	"Does not feed MODEL_V2 (no path into computeLogisticProb's 16 features, confirmed in research/source_integrity_audit.md). Tracked here for future model versions that might use it."	"Does not feed MODEL_V2 (no path into computeLogisticProb's 16 features, confirmed in research/source_integrity_audit.md). Tracked here for future model versions that might use it."	refresh commit 65f32e1 (intentional final pre-fight capture, user-confirmed authoritative)	preserved byte-for-byte; no recomputation	unchanged intentional August 15 final prediction
1786822935624-ddtt76	Neil Magny|Ramiz Brahimaj	_provenance.sourceManifest.rankHistory.verificationMethod	"Raw source UFC_rankings_history.csv is not present on disk, so maxObservedEventDate is instead the maximum YYYYMMDD date literally embedded in the shipped rankHistory.js artifact's own HISTORICAL_RANKINGS data -- a defensible proxy (the artifact cannot reflect dates its regeneration process never saw), but distinct from the direct-CSV verification used for the three modules above."	"Raw source UFC_rankings_history.csv is not present on disk, so maxObservedEventDate is instead the maximum YYYYMMDD date literally embedded in the shipped rankHistory.js artifact's own HISTORICAL_RANKINGS data -- a defensible proxy (the artifact cannot reflect dates its regeneration process never saw), but distinct from the direct-CSV verification used for the three modules above."	refresh commit 65f32e1 (intentional final pre-fight capture, user-confirmed authoritative)	preserved byte-for-byte; no recomputation	unchanged intentional August 15 final prediction
1786822935624-ddtt76	Neil Magny|Ramiz Brahimaj	_provenance.sourceManifest.rankings.contentHash	"48524131c5d78b0adc80d83fe27a2ef7c365c124f66eddab11e17487f7df41d0"	"48524131c5d78b0adc80d83fe27a2ef7c365c124f66eddab11e17487f7df41d0"	refresh commit 65f32e1 (intentional final pre-fight capture, user-confirmed authoritative)	preserved byte-for-byte; no recomputation	unchanged intentional August 15 final prediction
1786822935624-ddtt76	Neil Magny|Ramiz Brahimaj	_provenance.sourceManifest.rankings.feedsV2	false	false	refresh commit 65f32e1 (intentional final pre-fight capture, user-confirmed authoritative)	preserved byte-for-byte; no recomputation	unchanged intentional August 15 final prediction
1786822935624-ddtt76	Neil Magny|Ramiz Brahimaj	_provenance.sourceManifest.rankings.file	"src/rankingsData.js"	"src/rankingsData.js"	refresh commit 65f32e1 (intentional final pre-fight capture, user-confirmed authoritative)	preserved byte-for-byte; no recomputation	unchanged intentional August 15 final prediction
1786822935624-ddtt76	Neil Magny|Ramiz Brahimaj	_provenance.sourceManifest.rankings.generatedAt	"2026-08-07T18:49:33Z"	"2026-08-07T18:49:33Z"	refresh commit 65f32e1 (intentional final pre-fight capture, user-confirmed authoritative)	preserved byte-for-byte; no recomputation	unchanged intentional August 15 final prediction
1786822935624-ddtt76	Neil Magny|Ramiz Brahimaj	_provenance.sourceManifest.rankings.generatorVersion	"scripts/update_rankings.py @ 97d2379ea418148c1ce0a21deae0461310914844"	"scripts/update_rankings.py @ 97d2379ea418148c1ce0a21deae0461310914844"	refresh commit 65f32e1 (intentional final pre-fight capture, user-confirmed authoritative)	preserved byte-for-byte; no recomputation	unchanged intentional August 15 final prediction
1786822935624-ddtt76	Neil Magny|Ramiz Brahimaj	_provenance.sourceManifest.rankings.inProductionBundle	true	true	refresh commit 65f32e1 (intentional final pre-fight capture, user-confirmed authoritative)	preserved byte-for-byte; no recomputation	unchanged intentional August 15 final prediction
1786822935624-ddtt76	Neil Magny|Ramiz Brahimaj	_provenance.sourceManifest.rankings.maxObservedEventDate	"2026-08-04"	"2026-08-04"	refresh commit 65f32e1 (intentional final pre-fight capture, user-confirmed authoritative)	preserved byte-for-byte; no recomputation	unchanged intentional August 15 final prediction
1786822935624-ddtt76	Neil Magny|Ramiz Brahimaj	_provenance.sourceManifest.rankings.note	"Current official rankings feed fighter-profile/UI rank badges only. Runtime artifact: this is the only rankings file in the production dependency graph. Historical series live in the separate rankingsHistory module below."	"Current official rankings feed fighter-profile/UI rank badges only. Runtime artifact: this is the only rankings file in the production dependency graph. Historical series live in the separate rankingsHistory module below."	refresh commit 65f32e1 (intentional final pre-fight capture, user-confirmed authoritative)	preserved byte-for-byte; no recomputation	unchanged intentional August 15 final prediction
1786822935624-ddtt76	Neil Magny|Ramiz Brahimaj	_provenance.sourceManifest.rankings.officialSnapshots	["2026-08-01-meta.json", "2026-08-04-media.json"]	["2026-08-01-meta.json", "2026-08-04-media.json"]	refresh commit 65f32e1 (intentional final pre-fight capture, user-confirmed authoritative)	preserved byte-for-byte; no recomputation	unchanged intentional August 15 final prediction
1786822935624-ddtt76	Neil Magny|Ramiz Brahimaj	_provenance.sourceManifest.rankings.verificationMethod	"Read directly from the generated artifacts and the committed history cache, all produced by scripts/update_rankings.py and regenerating byte-identically from the same inputs. upstreamContentSha256 is the SHA-256 of the Kaggle CSV the cache was built from. No git commit date, file mtime, or header comment is consulted, and a missing artifact, cache or snapshot set is a hard failure rather than a silent fallback."	"Read directly from the generated artifacts and the committed history cache, all produced by scripts/update_rankings.py and regenerating byte-identically from the same inputs. upstreamContentSha256 is the SHA-256 of the Kaggle CSV the cache was built from. No git commit date, file mtime, or header comment is consulted, and a missing artifact, cache or snapshot set is a hard failure rather than a silent fallback."	refresh commit 65f32e1 (intentional final pre-fight capture, user-confirmed authoritative)	preserved byte-for-byte; no recomputation	unchanged intentional August 15 final prediction
1786822935624-ddtt76	Neil Magny|Ramiz Brahimaj	_provenance.sourceManifest.rankingsHistory.contentHash	"387363b7f1fda0f51757fd778ff969ce9fffe1d34d3c870437977db5e36003a3"	"387363b7f1fda0f51757fd778ff969ce9fffe1d34d3c870437977db5e36003a3"	refresh commit 65f32e1 (intentional final pre-fight capture, user-confirmed authoritative)	preserved byte-for-byte; no recomputation	unchanged intentional August 15 final prediction
1786822935624-ddtt76	Neil Magny|Ramiz Brahimaj	_provenance.sourceManifest.rankingsHistory.feedsV2	false	false	refresh commit 65f32e1 (intentional final pre-fight capture, user-confirmed authoritative)	preserved byte-for-byte; no recomputation	unchanged intentional August 15 final prediction
1786822935624-ddtt76	Neil Magny|Ramiz Brahimaj	_provenance.sourceManifest.rankingsHistory.file	"src/rankingsHistoryData.js"	"src/rankingsHistoryData.js"	refresh commit 65f32e1 (intentional final pre-fight capture, user-confirmed authoritative)	preserved byte-for-byte; no recomputation	unchanged intentional August 15 final prediction
1786822935624-ddtt76	Neil Magny|Ramiz Brahimaj	_provenance.sourceManifest.rankingsHistory.generatedAt	"2026-08-07T18:49:33Z"	"2026-08-07T18:49:33Z"	refresh commit 65f32e1 (intentional final pre-fight capture, user-confirmed authoritative)	preserved byte-for-byte; no recomputation	unchanged intentional August 15 final prediction
1786822935624-ddtt76	Neil Magny|Ramiz Brahimaj	_provenance.sourceManifest.rankingsHistory.generatorVersion	"scripts/update_rankings.py @ 97d2379ea418148c1ce0a21deae0461310914844"	"scripts/update_rankings.py @ 97d2379ea418148c1ce0a21deae0461310914844"	refresh commit 65f32e1 (intentional final pre-fight capture, user-confirmed authoritative)	preserved byte-for-byte; no recomputation	unchanged intentional August 15 final prediction
1786822935624-ddtt76	Neil Magny|Ramiz Brahimaj	_provenance.sourceManifest.rankingsHistory.historyCacheSha256	"4f245240e2b53ee088d82f861aa0a718aef9f62bf15d62eb434d4628b3b6b3ad"	"4f245240e2b53ee088d82f861aa0a718aef9f62bf15d62eb434d4628b3b6b3ad"	refresh commit 65f32e1 (intentional final pre-fight capture, user-confirmed authoritative)	preserved byte-for-byte; no recomputation	unchanged intentional August 15 final prediction
1786822935624-ddtt76	Neil Magny|Ramiz Brahimaj	_provenance.sourceManifest.rankingsHistory.historyUsedThrough	"2026-06-18"	"2026-06-18"	refresh commit 65f32e1 (intentional final pre-fight capture, user-confirmed authoritative)	preserved byte-for-byte; no recomputation	unchanged intentional August 15 final prediction
1786822935624-ddtt76	Neil Magny|Ramiz Brahimaj	_provenance.sourceManifest.rankingsHistory.inProductionBundle	false	false	refresh commit 65f32e1 (intentional final pre-fight capture, user-confirmed authoritative)	preserved byte-for-byte; no recomputation	unchanged intentional August 15 final prediction
1786822935624-ddtt76	Neil Magny|Ramiz Brahimaj	_provenance.sourceManifest.rankingsHistory.maxObservedEventDate	"2026-08-04"	"2026-08-04"	refresh commit 65f32e1 (intentional final pre-fight capture, user-confirmed authoritative)	preserved byte-for-byte; no recomputation	unchanged intentional August 15 final prediction
1786822935624-ddtt76	Neil Magny|Ramiz Brahimaj	_provenance.sourceManifest.rankingsHistory.note	"Historical divisional rankings. RESEARCH ARTIFACT: no runtime consumer and no model consumer -- neither the deprecated v1 engine nor the frozen 16-feature MODEL_V2. Kept out of the browser bundle; enforced by src/domain/rankings/__tests__/boundary.test.js (import graph) and scripts/verify-bundle.mjs (emitted assets)."	"Historical divisional rankings. RESEARCH ARTIFACT: no runtime consumer and no model consumer -- neither the deprecated v1 engine nor the frozen 16-feature MODEL_V2. Kept out of the browser bundle; enforced by src/domain/rankings/__tests__/boundary.test.js (import graph) and scripts/verify-bundle.mjs (emitted assets)."	refresh commit 65f32e1 (intentional final pre-fight capture, user-confirmed authoritative)	preserved byte-for-byte; no recomputation	unchanged intentional August 15 final prediction
1786822935624-ddtt76	Neil Magny|Ramiz Brahimaj	_provenance.sourceManifest.rankingsHistory.upstreamContentSha256	"2d27b34e64372520e9170cc30f1d1c59e795d046b6726de89db95b9535db9858"	"2d27b34e64372520e9170cc30f1d1c59e795d046b6726de89db95b9535db9858"	refresh commit 65f32e1 (intentional final pre-fight capture, user-confirmed authoritative)	preserved byte-for-byte; no recomputation	unchanged intentional August 15 final prediction
1786822935624-ddtt76	Neil Magny|Ramiz Brahimaj	_provenance.sourceManifest.rankingsHistory.upstreamVersion	49	49	refresh commit 65f32e1 (intentional final pre-fight capture, user-confirmed authoritative)	preserved byte-for-byte; no recomputation	unchanged intentional August 15 final prediction
1786822935624-ddtt76	Neil Magny|Ramiz Brahimaj	_provenance.sourceManifest.rankingsHistory.verificationMethod	"Read directly from the generated artifacts and the committed history cache, all produced by scripts/update_rankings.py and regenerating byte-identically from the same inputs. upstreamContentSha256 is the SHA-256 of the Kaggle CSV the cache was built from. No git commit date, file mtime, or header comment is consulted, and a missing artifact, cache or snapshot set is a hard failure rather than a silent fallback."	"Read directly from the generated artifacts and the committed history cache, all produced by scripts/update_rankings.py and regenerating byte-identically from the same inputs. upstreamContentSha256 is the SHA-256 of the Kaggle CSV the cache was built from. No git commit date, file mtime, or header comment is consulted, and a missing artifact, cache or snapshot set is a hard failure rather than a silent fallback."	refresh commit 65f32e1 (intentional final pre-fight capture, user-confirmed authoritative)	preserved byte-for-byte; no recomputation	unchanged intentional August 15 final prediction
1786822935624-ddtt76	Neil Magny|Ramiz Brahimaj	_provenance.targetEventDate	"2026-08-15"	"2026-08-15"	refresh commit 65f32e1 (intentional final pre-fight capture, user-confirmed authoritative)	preserved byte-for-byte; no recomputation	unchanged intentional August 15 final prediction
1786822935624-ddtt76	Neil Magny|Ramiz Brahimaj	actualFinish	""	""	grading commit 3a67be6	preserved byte-for-byte; no recomputation	preserved legitimate grading
1786822935624-ddtt76	Neil Magny|Ramiz Brahimaj	actualWinner	"Neil Magny"	"Neil Magny"	grading commit 3a67be6	preserved byte-for-byte; no recomputation	preserved legitimate grading
1786822935624-ddtt76	Neil Magny|Ramiz Brahimaj	bestBet	null	null	refresh commit 65f32e1 (intentional final pre-fight capture, user-confirmed authoritative)	preserved byte-for-byte; no recomputation	unchanged intentional August 15 final prediction
1786822935624-ddtt76	Neil Magny|Ramiz Brahimaj	betAction	"NO BET"	"NO BET"	refresh commit 65f32e1 (intentional final pre-fight capture, user-confirmed authoritative)	preserved byte-for-byte; no recomputation	unchanged intentional August 15 final prediction
1786822935624-ddtt76	Neil Magny|Ramiz Brahimaj	betRecommendedFighter	""	""	refresh commit 65f32e1 (intentional final pre-fight capture, user-confirmed authoritative)	preserved byte-for-byte; no recomputation	unchanged intentional August 15 final prediction
1786822935624-ddtt76	Neil Magny|Ramiz Brahimaj	betRecommendedOdds	""	""	refresh commit 65f32e1 (intentional final pre-fight capture, user-confirmed authoritative)	preserved byte-for-byte; no recomputation	unchanged intentional August 15 final prediction
1786822935624-ddtt76	Neil Magny|Ramiz Brahimaj	boutContext.division	"Welterweight"	"Welterweight"	refresh commit 65f32e1 (intentional final pre-fight capture, user-confirmed authoritative)	preserved byte-for-byte; no recomputation	unchanged intentional August 15 final prediction
1786822935624-ddtt76	Neil Magny|Ramiz Brahimaj	boutContext.isTitleBout	false	false	refresh commit 65f32e1 (intentional final pre-fight capture, user-confirmed authoritative)	preserved byte-for-byte; no recomputation	unchanged intentional August 15 final prediction
1786822935624-ddtt76	Neil Magny|Ramiz Brahimaj	boutContext.scheduledRounds	3	3	refresh commit 65f32e1 (intentional final pre-fight capture, user-confirmed authoritative)	preserved byte-for-byte; no recomputation	unchanged intentional August 15 final prediction
1786822935624-ddtt76	Neil Magny|Ramiz Brahimaj	createdAt	"2026-08-15T19:42:15.624Z"	"2026-08-15T19:42:15.624Z"	refresh commit 65f32e1 (intentional final pre-fight capture, user-confirmed authoritative)	preserved byte-for-byte; no recomputation	unchanged intentional August 15 final prediction
1786822935624-ddtt76	Neil Magny|Ramiz Brahimaj	division	"Welterweight"	"Welterweight"	refresh commit 65f32e1 (intentional final pre-fight capture, user-confirmed authoritative)	preserved byte-for-byte; no recomputation	unchanged intentional August 15 final prediction
1786822935624-ddtt76	Neil Magny|Ramiz Brahimaj	edge	0.08178275951125918	0.08178275951125918	refresh commit 65f32e1 (intentional final pre-fight capture, user-confirmed authoritative)	preserved byte-for-byte; no recomputation	unchanged intentional August 15 final prediction
1786822935624-ddtt76	Neil Magny|Ramiz Brahimaj	edgeA	0.08178275951125918	0.08178275951125918	refresh commit 65f32e1 (intentional final pre-fight capture, user-confirmed authoritative)	preserved byte-for-byte; no recomputation	unchanged intentional August 15 final prediction
1786822935624-ddtt76	Neil Magny|Ramiz Brahimaj	edgeB	-0.08178275951125913	-0.08178275951125913	refresh commit 65f32e1 (intentional final pre-fight capture, user-confirmed authoritative)	preserved byte-for-byte; no recomputation	unchanged intentional August 15 final prediction
1786822935624-ddtt76	Neil Magny|Ramiz Brahimaj	ev	13.559582979001853	13.559582979001853	refresh commit 65f32e1 (intentional final pre-fight capture, user-confirmed authoritative)	preserved byte-for-byte; no recomputation	unchanged intentional August 15 final prediction
1786822935624-ddtt76	Neil Magny|Ramiz Brahimaj	evA	13.559582979001853	13.559582979001853	refresh commit 65f32e1 (intentional final pre-fight capture, user-confirmed authoritative)	preserved byte-for-byte; no recomputation	unchanged intentional August 15 final prediction
1786822935624-ddtt76	Neil Magny|Ramiz Brahimaj	evB	-18.251090375722413	-18.251090375722413	refresh commit 65f32e1 (intentional final pre-fight capture, user-confirmed authoritative)	preserved byte-for-byte; no recomputation	unchanged intentional August 15 final prediction
1786822935624-ddtt76	Neil Magny|Ramiz Brahimaj	eventDate	"2026-08-15"	"2026-08-15"	refresh commit 65f32e1 (intentional final pre-fight capture, user-confirmed authoritative)	preserved byte-for-byte; no recomputation	unchanged intentional August 15 final prediction
1786822935624-ddtt76	Neil Magny|Ramiz Brahimaj	eventName	"UFC 330"	"UFC 330"	refresh commit 65f32e1 (intentional final pre-fight capture, user-confirmed authoritative)	preserved byte-for-byte; no recomputation	unchanged intentional August 15 final prediction
1786822935624-ddtt76	Neil Magny|Ramiz Brahimaj	fairLine	"-107"	"-107"	refresh commit 65f32e1 (intentional final pre-fight capture, user-confirmed authoritative)	preserved byte-for-byte; no recomputation	unchanged intentional August 15 final prediction
1786822935624-ddtt76	Neil Magny|Ramiz Brahimaj	fairLineA	"-107"	"-107"	refresh commit 65f32e1 (intentional final pre-fight capture, user-confirmed authoritative)	preserved byte-for-byte; no recomputation	unchanged intentional August 15 final prediction
1786822935624-ddtt76	Neil Magny|Ramiz Brahimaj	fairLineB	"+107"	"+107"	refresh commit 65f32e1 (intentional final pre-fight capture, user-confirmed authoritative)	preserved byte-for-byte; no recomputation	unchanged intentional August 15 final prediction
1786822935624-ddtt76	Neil Magny|Ramiz Brahimaj	fighterA	"Neil Magny"	"Neil Magny"	refresh commit 65f32e1 (intentional final pre-fight capture, user-confirmed authoritative)	preserved byte-for-byte; no recomputation	unchanged intentional August 15 final prediction
1786822935624-ddtt76	Neil Magny|Ramiz Brahimaj	fighterAIsProspect	false	false	refresh commit 65f32e1 (intentional final pre-fight capture, user-confirmed authoritative)	preserved byte-for-byte; no recomputation	unchanged intentional August 15 final prediction
1786822935624-ddtt76	Neil Magny|Ramiz Brahimaj	fighterAProb	0.5701736772819317	0.5701736772819317	refresh commit 65f32e1 (intentional final pre-fight capture, user-confirmed authoritative)	preserved byte-for-byte; no recomputation	unchanged intentional August 15 final prediction
1786822935624-ddtt76	Neil Magny|Ramiz Brahimaj	fighterB	"Ramiz Brahimaj"	"Ramiz Brahimaj"	refresh commit 65f32e1 (intentional final pre-fight capture, user-confirmed authoritative)	preserved byte-for-byte; no recomputation	unchanged intentional August 15 final prediction
1786822935624-ddtt76	Neil Magny|Ramiz Brahimaj	fighterBIsProspect	false	false	refresh commit 65f32e1 (intentional final pre-fight capture, user-confirmed authoritative)	preserved byte-for-byte; no recomputation	unchanged intentional August 15 final prediction
1786822935624-ddtt76	Neil Magny|Ramiz Brahimaj	fighterBProb	0.4298263227180683	0.4298263227180683	refresh commit 65f32e1 (intentional final pre-fight capture, user-confirmed authoritative)	preserved byte-for-byte; no recomputation	unchanged intentional August 15 final prediction
1786822935624-ddtt76	Neil Magny|Ramiz Brahimaj	id	"1786822935624-ddtt76"	"1786822935624-ddtt76"	refresh commit 65f32e1 (intentional final pre-fight capture, user-confirmed authoritative)	preserved byte-for-byte; no recomputation	unchanged intentional August 15 final prediction
1786822935624-ddtt76	Neil Magny|Ramiz Brahimaj	includesProspect	false	false	refresh commit 65f32e1 (intentional final pre-fight capture, user-confirmed authoritative)	preserved byte-for-byte; no recomputation	unchanged intentional August 15 final prediction
1786822935624-ddtt76	Neil Magny|Ramiz Brahimaj	kelly	0.11299652482501539	0.11299652482501539	refresh commit 65f32e1 (intentional final pre-fight capture, user-confirmed authoritative)	preserved byte-for-byte; no recomputation	unchanged intentional August 15 final prediction
1786822935624-ddtt76	Neil Magny|Ramiz Brahimaj	kellyA	0.11299652482501539	0.11299652482501539	refresh commit 65f32e1 (intentional final pre-fight capture, user-confirmed authoritative)	preserved byte-for-byte; no recomputation	unchanged intentional August 15 final prediction
1786822935624-ddtt76	Neil Magny|Ramiz Brahimaj	kellyB	0	0	refresh commit 65f32e1 (intentional final pre-fight capture, user-confirmed authoritative)	preserved byte-for-byte; no recomputation	unchanged intentional August 15 final prediction
1786822935624-ddtt76	Neil Magny|Ramiz Brahimaj	marketOdds	"+120"	"+120"	refresh commit 65f32e1 (intentional final pre-fight capture, user-confirmed authoritative)	preserved byte-for-byte; no recomputation	unchanged intentional August 15 final prediction
1786822935624-ddtt76	Neil Magny|Ramiz Brahimaj	modelUsed	"v2"	"v2"	refresh commit 65f32e1 (intentional final pre-fight capture, user-confirmed authoritative)	preserved byte-for-byte; no recomputation	unchanged intentional August 15 final prediction
1786822935624-ddtt76	Neil Magny|Ramiz Brahimaj	notes	""	""	refresh commit 65f32e1 (intentional final pre-fight capture, user-confirmed authoritative)	preserved byte-for-byte; no recomputation	unchanged intentional August 15 final prediction
1786822935624-ddtt76	Neil Magny|Ramiz Brahimaj	oddsA	"+120"	"+120"	refresh commit 65f32e1 (intentional final pre-fight capture, user-confirmed authoritative)	preserved byte-for-byte; no recomputation	unchanged intentional August 15 final prediction
1786822935624-ddtt76	Neil Magny|Ramiz Brahimaj	oddsB	"-145"	"-145"	refresh commit 65f32e1 (intentional final pre-fight capture, user-confirmed authoritative)	preserved byte-for-byte; no recomputation	unchanged intentional August 15 final prediction
1786822935624-ddtt76	Neil Magny|Ramiz Brahimaj	predictedProb	0.5701736772819317	0.5701736772819317	refresh commit 65f32e1 (intentional final pre-fight capture, user-confirmed authoritative)	preserved byte-for-byte; no recomputation	unchanged intentional August 15 final prediction
1786822935624-ddtt76	Neil Magny|Ramiz Brahimaj	predictedWinner	"Neil Magny"	"Neil Magny"	refresh commit 65f32e1 (intentional final pre-fight capture, user-confirmed authoritative)	preserved byte-for-byte; no recomputation	unchanged intentional August 15 final prediction
1786822935624-ddtt76	Neil Magny|Ramiz Brahimaj	projectedDEC	40	40	refresh commit 65f32e1 (intentional final pre-fight capture, user-confirmed authoritative)	preserved byte-for-byte; no recomputation	unchanged intentional August 15 final prediction
1786822935624-ddtt76	Neil Magny|Ramiz Brahimaj	projectedFinish	"DEC"	"DEC"	refresh commit 65f32e1 (intentional final pre-fight capture, user-confirmed authoritative)	preserved byte-for-byte; no recomputation	unchanged intentional August 15 final prediction
1786822935624-ddtt76	Neil Magny|Ramiz Brahimaj	projectedKO	29	29	refresh commit 65f32e1 (intentional final pre-fight capture, user-confirmed authoritative)	preserved byte-for-byte; no recomputation	unchanged intentional August 15 final prediction
1786822935624-ddtt76	Neil Magny|Ramiz Brahimaj	projectedSUB	31	31	refresh commit 65f32e1 (intentional final pre-fight capture, user-confirmed authoritative)	preserved byte-for-byte; no recomputation	unchanged intentional August 15 final prediction
1786822935624-ddtt76	Neil Magny|Ramiz Brahimaj	trackedProb	0.5161799226318265	0.5161799226318265	refresh commit 65f32e1 (intentional final pre-fight capture, user-confirmed authoritative)	preserved byte-for-byte; no recomputation	unchanged intentional August 15 final prediction
1786822935624-ddtt76	Neil Magny|Ramiz Brahimaj	trackedSide	"Neil Magny"	"Neil Magny"	refresh commit 65f32e1 (intentional final pre-fight capture, user-confirmed authoritative)	preserved byte-for-byte; no recomputation	unchanged intentional August 15 final prediction
1786822935624-ddtt76	Neil Magny|Ramiz Brahimaj	v2pA	0.5161799226318265	0.5161799226318265	refresh commit 65f32e1 (intentional final pre-fight capture, user-confirmed authoritative)	preserved byte-for-byte; no recomputation	unchanged intentional August 15 final prediction
1786822935624-ddtt76	Neil Magny|Ramiz Brahimaj	v2pB	0.48382007736817345	0.48382007736817345	refresh commit 65f32e1 (intentional final pre-fight capture, user-confirmed authoritative)	preserved byte-for-byte; no recomputation	unchanged intentional August 15 final prediction
1786822892840-k2dfrm	Jeremiah Wells|Myktybek Orolbai	boutContext.provenance.sourceUrl	null	"https://www.ufc.com/news/official-weigh-results-ufc-330-makhachev-vs-machado-garry"	src/upcomingData.js @ 1adfd22 (official UFC 330 weigh-in page, retrievedAt 2026-08-14)	official bout-metadata provenance nulled by 65f32e1; restored verbatim from its authoritative source	restored official provenance
1786822892840-k2dfrm	Jeremiah Wells|Myktybek Orolbai	boutContext.provenance.retrievedAt	null	"2026-08-14"	src/upcomingData.js @ 1adfd22 (official UFC 330 weigh-in page, retrievedAt 2026-08-14)	official bout-metadata provenance nulled by 65f32e1; restored verbatim from its authoritative source	restored official provenance
1786822892840-k2dfrm	Jeremiah Wells|Myktybek Orolbai	boutContext.provenance.authority	null	"official"	src/upcomingData.js @ 1adfd22 (official UFC 330 weigh-in page, retrievedAt 2026-08-14)	official bout-metadata provenance nulled by 65f32e1; restored verbatim from its authoritative source	restored official provenance
1786822892840-k2dfrm	Jeremiah Wells|Myktybek Orolbai	_provenance.boutContext.division	"Welterweight"	<removed>	n/a - field absent from all 168 non-UFC330 ROI records	accidental duplicate grafted by 65f32e1; not part of the established schema	removal of accidental duplicated provenance structure
1786822892840-k2dfrm	Jeremiah Wells|Myktybek Orolbai	_provenance.boutContext.isTitleBout	false	<removed>	n/a - field absent from all 168 non-UFC330 ROI records	accidental duplicate grafted by 65f32e1; not part of the established schema	removal of accidental duplicated provenance structure
1786822892840-k2dfrm	Jeremiah Wells|Myktybek Orolbai	_provenance.boutContext.provenance	null	<removed>	n/a - field absent from all 168 non-UFC330 ROI records	accidental duplicate grafted by 65f32e1; not part of the established schema	removal of accidental duplicated provenance structure
1786822892840-k2dfrm	Jeremiah Wells|Myktybek Orolbai	_provenance.boutContext.scheduledRounds	3	<removed>	n/a - field absent from all 168 non-UFC330 ROI records	accidental duplicate grafted by 65f32e1; not part of the established schema	removal of accidental duplicated provenance structure
1786822892840-k2dfrm	Jeremiah Wells|Myktybek Orolbai	unitsWagered	1	1	user decision 2026-08-17 (explicit, final)	user-ratified: both NO BET records store 1; already 1 in ROI, asserted not inferred	user-ratified unitsWagered: 1
1786822892840-k2dfrm	Jeremiah Wells|Myktybek Orolbai	_provenance.captureMode	"live"	"live"	refresh commit 65f32e1 (intentional final pre-fight capture, user-confirmed authoritative)	preserved byte-for-byte; no recomputation	unchanged intentional August 15 final prediction
1786822892840-k2dfrm	Jeremiah Wells|Myktybek Orolbai	_provenance.featureVector.v1.age_dif	-2.558139534883721	-2.558139534883721	refresh commit 65f32e1 (intentional final pre-fight capture, user-confirmed authoritative)	preserved byte-for-byte; no recomputation	unchanged intentional August 15 final prediction
1786822892840-k2dfrm	Jeremiah Wells|Myktybek Orolbai	_provenance.featureVector.v1.atd_dif	0.4888888888888891	0.4888888888888891	refresh commit 65f32e1 (intentional final pre-fight capture, user-confirmed authoritative)	preserved byte-for-byte; no recomputation	unchanged intentional August 15 final prediction
1786822892840-k2dfrm	Jeremiah Wells|Myktybek Orolbai	_provenance.featureVector.v1.avg_sig_str_pct_dif	-0.31767847411444117	-0.31767847411444117	refresh commit 65f32e1 (intentional final pre-fight capture, user-confirmed authoritative)	preserved byte-for-byte; no recomputation	unchanged intentional August 15 final prediction
1786822892840-k2dfrm	Jeremiah Wells|Myktybek Orolbai	_provenance.featureVector.v1.avg_sub_att_dif	1.1729744907227195	1.1729744907227195	refresh commit 65f32e1 (intentional final pre-fight capture, user-confirmed authoritative)	preserved byte-for-byte; no recomputation	unchanged intentional August 15 final prediction
1786822892840-k2dfrm	Jeremiah Wells|Myktybek Orolbai	_provenance.featureVector.v1.avg_td_dif	-3.3854826521344226	-3.3854826521344226	refresh commit 65f32e1 (intentional final pre-fight capture, user-confirmed authoritative)	preserved byte-for-byte; no recomputation	unchanged intentional August 15 final prediction
1786822892840-k2dfrm	Jeremiah Wells|Myktybek Orolbai	_provenance.featureVector.v1.avg_td_pct_dif	-0.37556055759586116	-0.37556055759586116	refresh commit 65f32e1 (intentional final pre-fight capture, user-confirmed authoritative)	preserved byte-for-byte; no recomputation	unchanged intentional August 15 final prediction
1786822892840-k2dfrm	Jeremiah Wells|Myktybek Orolbai	_provenance.featureVector.v1.cardio_dif	-0.45874999999999994	-0.45874999999999994	refresh commit 65f32e1 (intentional final pre-fight capture, user-confirmed authoritative)	preserved byte-for-byte; no recomputation	unchanged intentional August 15 final prediction
1786822892840-k2dfrm	Jeremiah Wells|Myktybek Orolbai	_provenance.featureVector.v1.control_time_dif	-2.416666666666667	-2.416666666666667	refresh commit 65f32e1 (intentional final pre-fight capture, user-confirmed authoritative)	preserved byte-for-byte; no recomputation	unchanged intentional August 15 final prediction
1786822892840-k2dfrm	Jeremiah Wells|Myktybek Orolbai	_provenance.featureVector.v1.deep_round_dif	0.058823529411764705	0.058823529411764705	refresh commit 65f32e1 (intentional final pre-fight capture, user-confirmed authoritative)	preserved byte-for-byte; no recomputation	unchanged intentional August 15 final prediction
1786822892840-k2dfrm	Jeremiah Wells|Myktybek Orolbai	_provenance.featureVector.v1.elo_dif	-1.1491935483870968	-1.1491935483870968	refresh commit 65f32e1 (intentional final pre-fight capture, user-confirmed authoritative)	preserved byte-for-byte; no recomputation	unchanged intentional August 15 final prediction
1786822892840-k2dfrm	Jeremiah Wells|Myktybek Orolbai	_provenance.featureVector.v1.height_dif	-0.10989010989010989	-0.10989010989010989	refresh commit 65f32e1 (intentional final pre-fight capture, user-confirmed authoritative)	preserved byte-for-byte; no recomputation	unchanged intentional August 15 final prediction
1786822892840-k2dfrm	Jeremiah Wells|Myktybek Orolbai	_provenance.featureVector.v1.kd_dif	0.384	0.384	refresh commit 65f32e1 (intentional final pre-fight capture, user-confirmed authoritative)	preserved byte-for-byte; no recomputation	unchanged intentional August 15 final prediction
1786822892840-k2dfrm	Jeremiah Wells|Myktybek Orolbai	_provenance.featureVector.v1.ko_dif	0.5	0.5	refresh commit 65f32e1 (intentional final pre-fight capture, user-confirmed authoritative)	preserved byte-for-byte; no recomputation	unchanged intentional August 15 final prediction
1786822892840-k2dfrm	Jeremiah Wells|Myktybek Orolbai	_provenance.featureVector.v1.layoff_dif	-0.665	-0.665	refresh commit 65f32e1 (intentional final pre-fight capture, user-confirmed authoritative)	preserved byte-for-byte; no recomputation	unchanged intentional August 15 final prediction
1786822892840-k2dfrm	Jeremiah Wells|Myktybek Orolbai	_provenance.featureVector.v1.lose_streak_dif	0	0	refresh commit 65f32e1 (intentional final pre-fight capture, user-confirmed authoritative)	preserved byte-for-byte; no recomputation	unchanged intentional August 15 final prediction
1786822892840-k2dfrm	Jeremiah Wells|Myktybek Orolbai	_provenance.featureVector.v1.loss_dif	-0.37037037037037035	-0.37037037037037035	refresh commit 65f32e1 (intentional final pre-fight capture, user-confirmed authoritative)	preserved byte-for-byte; no recomputation	unchanged intentional August 15 final prediction
1786822892840-k2dfrm	Jeremiah Wells|Myktybek Orolbai	_provenance.featureVector.v1.peak_elo_dif	-0.14545454545454545	-0.14545454545454545	refresh commit 65f32e1 (intentional final pre-fight capture, user-confirmed authoritative)	preserved byte-for-byte; no recomputation	unchanged intentional August 15 final prediction
1786822892840-k2dfrm	Jeremiah Wells|Myktybek Orolbai	_provenance.featureVector.v1.rank_tier_dif	0	0	refresh commit 65f32e1 (intentional final pre-fight capture, user-confirmed authoritative)	preserved byte-for-byte; no recomputation	unchanged intentional August 15 final prediction
1786822892840-k2dfrm	Jeremiah Wells|Myktybek Orolbai	_provenance.featureVector.v1.reach_dif	0	0	refresh commit 65f32e1 (intentional final pre-fight capture, user-confirmed authoritative)	preserved byte-for-byte; no recomputation	unchanged intentional August 15 final prediction
1786822892840-k2dfrm	Jeremiah Wells|Myktybek Orolbai	_provenance.featureVector.v1.sig_str_dif	-0.03693520504949468	-0.03693520504949468	refresh commit 65f32e1 (intentional final pre-fight capture, user-confirmed authoritative)	preserved byte-for-byte; no recomputation	unchanged intentional August 15 final prediction
1786822892840-k2dfrm	Jeremiah Wells|Myktybek Orolbai	_provenance.featureVector.v1.sub_dif	-0.7142857142857143	-0.7142857142857143	refresh commit 65f32e1 (intentional final pre-fight capture, user-confirmed authoritative)	preserved byte-for-byte; no recomputation	unchanged intentional August 15 final prediction
1786822892840-k2dfrm	Jeremiah Wells|Myktybek Orolbai	_provenance.featureVector.v1.total_round_dif	0.17647058823529413	0.17647058823529413	refresh commit 65f32e1 (intentional final pre-fight capture, user-confirmed authoritative)	preserved byte-for-byte; no recomputation	unchanged intentional August 15 final prediction
1786822892840-k2dfrm	Jeremiah Wells|Myktybek Orolbai	_provenance.featureVector.v1.total_title_bout_dif	0	0	refresh commit 65f32e1 (intentional final pre-fight capture, user-confirmed authoritative)	preserved byte-for-byte; no recomputation	unchanged intentional August 15 final prediction
1786822892840-k2dfrm	Jeremiah Wells|Myktybek Orolbai	_provenance.featureVector.v1.ufc_fight_count_dif	0.125	0.125	refresh commit 65f32e1 (intentional final pre-fight capture, user-confirmed authoritative)	preserved byte-for-byte; no recomputation	unchanged intentional August 15 final prediction
1786822892840-k2dfrm	Jeremiah Wells|Myktybek Orolbai	_provenance.featureVector.v1.win_dif	0	0	refresh commit 65f32e1 (intentional final pre-fight capture, user-confirmed authoritative)	preserved byte-for-byte; no recomputation	unchanged intentional August 15 final prediction
1786822892840-k2dfrm	Jeremiah Wells|Myktybek Orolbai	_provenance.featureVector.v1.win_streak_dif	-1.4285714285714286	-1.4285714285714286	refresh commit 65f32e1 (intentional final pre-fight capture, user-confirmed authoritative)	preserved byte-for-byte; no recomputation	unchanged intentional August 15 final prediction
1786822892840-k2dfrm	Jeremiah Wells|Myktybek Orolbai	_provenance.featureVector.v2.elo	-0.57	-0.57	refresh commit 65f32e1 (intentional final pre-fight capture, user-confirmed authoritative)	preserved byte-for-byte; no recomputation	unchanged intentional August 15 final prediction
1786822892840-k2dfrm	Jeremiah Wells|Myktybek Orolbai	_provenance.featureVector.v2.height	-1	-1	refresh commit 65f32e1 (intentional final pre-fight capture, user-confirmed authoritative)	preserved byte-for-byte; no recomputation	unchanged intentional August 15 final prediction
1786822892840-k2dfrm	Jeremiah Wells|Myktybek Orolbai	_provenance.featureVector.v2.ko_wins	1	1	refresh commit 65f32e1 (intentional final pre-fight capture, user-confirmed authoritative)	preserved byte-for-byte; no recomputation	unchanged intentional August 15 final prediction
1786822892840-k2dfrm	Jeremiah Wells|Myktybek Orolbai	_provenance.featureVector.v2.losses	-1	-1	refresh commit 65f32e1 (intentional final pre-fight capture, user-confirmed authoritative)	preserved byte-for-byte; no recomputation	unchanged intentional August 15 final prediction
1786822892840-k2dfrm	Jeremiah Wells|Myktybek Orolbai	_provenance.featureVector.v2.modern_form	-0.18051609411709424	-0.18051609411709424	refresh commit 65f32e1 (intentional final pre-fight capture, user-confirmed authoritative)	preserved byte-for-byte; no recomputation	unchanged intentional August 15 final prediction
1786822892840-k2dfrm	Jeremiah Wells|Myktybek Orolbai	_provenance.featureVector.v2.reach	0	0	refresh commit 65f32e1 (intentional final pre-fight capture, user-confirmed authoritative)	preserved byte-for-byte; no recomputation	unchanged intentional August 15 final prediction
1786822892840-k2dfrm	Jeremiah Wells|Myktybek Orolbai	_provenance.featureVector.v2.rounds	3	3	refresh commit 65f32e1 (intentional final pre-fight capture, user-confirmed authoritative)	preserved byte-for-byte; no recomputation	unchanged intentional August 15 final prediction
1786822892840-k2dfrm	Jeremiah Wells|Myktybek Orolbai	_provenance.featureVector.v2.sig_str_accuracy	-0.03176784741144412	-0.03176784741144412	refresh commit 65f32e1 (intentional final pre-fight capture, user-confirmed authoritative)	preserved byte-for-byte; no recomputation	unchanged intentional August 15 final prediction
1786822892840-k2dfrm	Jeremiah Wells|Myktybek Orolbai	_provenance.featureVector.v2.sig_str_landed	-0.5835762397820159	-0.5835762397820159	refresh commit 65f32e1 (intentional final pre-fight capture, user-confirmed authoritative)	preserved byte-for-byte; no recomputation	unchanged intentional August 15 final prediction
1786822892840-k2dfrm	Jeremiah Wells|Myktybek Orolbai	_provenance.featureVector.v2.sub_attempts	0.8210821435059037	0.8210821435059037	refresh commit 65f32e1 (intentional final pre-fight capture, user-confirmed authoritative)	preserved byte-for-byte; no recomputation	unchanged intentional August 15 final prediction
1786822892840-k2dfrm	Jeremiah Wells|Myktybek Orolbai	_provenance.featureVector.v2.sub_wins	-1	-1	refresh commit 65f32e1 (intentional final pre-fight capture, user-confirmed authoritative)	preserved byte-for-byte; no recomputation	unchanged intentional August 15 final prediction
1786822892840-k2dfrm	Jeremiah Wells|Myktybek Orolbai	_provenance.featureVector.v2.td_accuracy	-0.08637892824704807	-0.08637892824704807	refresh commit 65f32e1 (intentional final pre-fight capture, user-confirmed authoritative)	preserved byte-for-byte; no recomputation	unchanged intentional August 15 final prediction
1786822892840-k2dfrm	Jeremiah Wells|Myktybek Orolbai	_provenance.featureVector.v2.td_landed	-4.739675712988191	-4.739675712988191	refresh commit 65f32e1 (intentional final pre-fight capture, user-confirmed authoritative)	preserved byte-for-byte; no recomputation	unchanged intentional August 15 final prediction
1786822892840-k2dfrm	Jeremiah Wells|Myktybek Orolbai	_provenance.featureVector.v2.title_bouts	0	0	refresh commit 65f32e1 (intentional final pre-fight capture, user-confirmed authoritative)	preserved byte-for-byte; no recomputation	unchanged intentional August 15 final prediction
1786822892840-k2dfrm	Jeremiah Wells|Myktybek Orolbai	_provenance.featureVector.v2.wins	0	0	refresh commit 65f32e1 (intentional final pre-fight capture, user-confirmed authoritative)	preserved byte-for-byte; no recomputation	unchanged intentional August 15 final prediction
1786822892840-k2dfrm	Jeremiah Wells|Myktybek Orolbai	_provenance.featureVector.v2.younger	-11	-11	refresh commit 65f32e1 (intentional final pre-fight capture, user-confirmed authoritative)	preserved byte-for-byte; no recomputation	unchanged intentional August 15 final prediction
1786822892840-k2dfrm	Jeremiah Wells|Myktybek Orolbai	_provenance.fightHistoryCutoff.fighterA	"2025-11-01"	"2025-11-01"	refresh commit 65f32e1 (intentional final pre-fight capture, user-confirmed authoritative)	preserved byte-for-byte; no recomputation	unchanged intentional August 15 final prediction
1786822892840-k2dfrm	Jeremiah Wells|Myktybek Orolbai	_provenance.fightHistoryCutoff.fighterB	"2026-03-14"	"2026-03-14"	refresh commit 65f32e1 (intentional final pre-fight capture, user-confirmed authoritative)	preserved byte-for-byte; no recomputation	unchanged intentional August 15 final prediction
1786822892840-k2dfrm	Jeremiah Wells|Myktybek Orolbai	_provenance.frozenTier	"NO BET"	"NO BET"	refresh commit 65f32e1 (intentional final pre-fight capture, user-confirmed authoritative)	preserved byte-for-byte; no recomputation	unchanged intentional August 15 final prediction
1786822892840-k2dfrm	Jeremiah Wells|Myktybek Orolbai	_provenance.modelCoefHash	"256f866e"	"256f866e"	refresh commit 65f32e1 (intentional final pre-fight capture, user-confirmed authoritative)	preserved byte-for-byte; no recomputation	unchanged intentional August 15 final prediction
1786822892840-k2dfrm	Jeremiah Wells|Myktybek Orolbai	_provenance.modelVersion	"logistic_v2.0_20260709"	"logistic_v2.0_20260709"	refresh commit 65f32e1 (intentional final pre-fight capture, user-confirmed authoritative)	preserved byte-for-byte; no recomputation	unchanged intentional August 15 final prediction
1786822892840-k2dfrm	Jeremiah Wells|Myktybek Orolbai	_provenance.predictionTimestamp	"2026-08-15T19:41:32.840Z"	"2026-08-15T19:41:32.840Z"	refresh commit 65f32e1 (intentional final pre-fight capture, user-confirmed authoritative)	preserved byte-for-byte; no recomputation	unchanged intentional August 15 final prediction
1786822892840-k2dfrm	Jeremiah Wells|Myktybek Orolbai	_provenance.sourceManifest.cardio.contentHash	"7025f1f440bbf01c15731cc40e65521e50635902ee482536cd07a412738b788c"	"7025f1f440bbf01c15731cc40e65521e50635902ee482536cd07a412738b788c"	refresh commit 65f32e1 (intentional final pre-fight capture, user-confirmed authoritative)	preserved byte-for-byte; no recomputation	unchanged intentional August 15 final prediction
1786822892840-k2dfrm	Jeremiah Wells|Myktybek Orolbai	_provenance.sourceManifest.cardio.feedsV2	false	false	refresh commit 65f32e1 (intentional final pre-fight capture, user-confirmed authoritative)	preserved byte-for-byte; no recomputation	unchanged intentional August 15 final prediction
1786822892840-k2dfrm	Jeremiah Wells|Myktybek Orolbai	_provenance.sourceManifest.cardio.file	"src/cardioModule.js"	"src/cardioModule.js"	refresh commit 65f32e1 (intentional final pre-fight capture, user-confirmed authoritative)	preserved byte-for-byte; no recomputation	unchanged intentional August 15 final prediction
1786822892840-k2dfrm	Jeremiah Wells|Myktybek Orolbai	_provenance.sourceManifest.cardio.generatedAt	"2026-08-13"	"2026-08-13"	refresh commit 65f32e1 (intentional final pre-fight capture, user-confirmed authoritative)	preserved byte-for-byte; no recomputation	unchanged intentional August 15 final prediction
1786822892840-k2dfrm	Jeremiah Wells|Myktybek Orolbai	_provenance.sourceManifest.cardio.generatorVersion	"unavailable -- no cardio-generation script found in repo"	"unavailable -- no cardio-generation script found in repo"	refresh commit 65f32e1 (intentional final pre-fight capture, user-confirmed authoritative)	preserved byte-for-byte; no recomputation	unchanged intentional August 15 final prediction
1786822892840-k2dfrm	Jeremiah Wells|Myktybek Orolbai	_provenance.sourceManifest.cardio.maxObservedEventDate	null	null	refresh commit 65f32e1 (intentional final pre-fight capture, user-confirmed authoritative)	preserved byte-for-byte; no recomputation	unchanged intentional August 15 final prediction
1786822892840-k2dfrm	Jeremiah Wells|Myktybek Orolbai	_provenance.sourceManifest.cardio.note	"Does not feed MODEL_V2 (no path into computeLogisticProb's 16 features, confirmed in research/source_integrity_audit.md). Tracked here for future model versions that might use it."	"Does not feed MODEL_V2 (no path into computeLogisticProb's 16 features, confirmed in research/source_integrity_audit.md). Tracked here for future model versions that might use it."	refresh commit 65f32e1 (intentional final pre-fight capture, user-confirmed authoritative)	preserved byte-for-byte; no recomputation	unchanged intentional August 15 final prediction
1786822892840-k2dfrm	Jeremiah Wells|Myktybek Orolbai	_provenance.sourceManifest.cardio.verificationMethod	"INDETERMINATE: no generator script present in the repository, and no per-fighter date field is embedded in the shipped artifact itself, so maxObservedEventDate cannot be independently verified the way the Greco-CSV-backed modules above were. The file's own header comment self-reports \"fetched 2026-04-14\" -- this is NOT independently verified and should not be treated as authoritative."	"INDETERMINATE: no generator script present in the repository, and no per-fighter date field is embedded in the shipped artifact itself, so maxObservedEventDate cannot be independently verified the way the Greco-CSV-backed modules above were. The file's own header comment self-reports \"fetched 2026-04-14\" -- this is NOT independently verified and should not be treated as authoritative."	refresh commit 65f32e1 (intentional final pre-fight capture, user-confirmed authoritative)	preserved byte-for-byte; no recomputation	unchanged intentional August 15 final prediction
1786822892840-k2dfrm	Jeremiah Wells|Myktybek Orolbai	_provenance.sourceManifest.elo.contentHash	"0cb60aee84bb6b2b40b2cb476c44e734f9706a96942246d022d285ebe80aa35d"	"0cb60aee84bb6b2b40b2cb476c44e734f9706a96942246d022d285ebe80aa35d"	refresh commit 65f32e1 (intentional final pre-fight capture, user-confirmed authoritative)	preserved byte-for-byte; no recomputation	unchanged intentional August 15 final prediction
1786822892840-k2dfrm	Jeremiah Wells|Myktybek Orolbai	_provenance.sourceManifest.elo.feedsV2	true	true	refresh commit 65f32e1 (intentional final pre-fight capture, user-confirmed authoritative)	preserved byte-for-byte; no recomputation	unchanged intentional August 15 final prediction
1786822892840-k2dfrm	Jeremiah Wells|Myktybek Orolbai	_provenance.sourceManifest.elo.file	"src/eloModule.js"	"src/eloModule.js"	refresh commit 65f32e1 (intentional final pre-fight capture, user-confirmed authoritative)	preserved byte-for-byte; no recomputation	unchanged intentional August 15 final prediction
1786822892840-k2dfrm	Jeremiah Wells|Myktybek Orolbai	_provenance.sourceManifest.elo.generatedAt	"2026-08-13"	"2026-08-13"	refresh commit 65f32e1 (intentional final pre-fight capture, user-confirmed authoritative)	preserved byte-for-byte; no recomputation	unchanged intentional August 15 final prediction
1786822892840-k2dfrm	Jeremiah Wells|Myktybek Orolbai	_provenance.sourceManifest.elo.generatorRequiredInputs	["ufc_fight_results.csv", "ufc_event_details.csv"]	["ufc_fight_results.csv", "ufc_event_details.csv"]	refresh commit 65f32e1 (intentional final pre-fight capture, user-confirmed authoritative)	preserved byte-for-byte; no recomputation	unchanged intentional August 15 final prediction
1786822892840-k2dfrm	Jeremiah Wells|Myktybek Orolbai	_provenance.sourceManifest.elo.generatorVersion	"regen_elo.py @ 97d2379ea418148c1ce0a21deae0461310914844"	"regen_elo.py @ 97d2379ea418148c1ce0a21deae0461310914844"	refresh commit 65f32e1 (intentional final pre-fight capture, user-confirmed authoritative)	preserved byte-for-byte; no recomputation	unchanged intentional August 15 final prediction
1786822892840-k2dfrm	Jeremiah Wells|Myktybek Orolbai	_provenance.sourceManifest.elo.maxObservedEventDate	"2026-08-08"	"2026-08-08"	refresh commit 65f32e1 (intentional final pre-fight capture, user-confirmed authoritative)	preserved byte-for-byte; no recomputation	unchanged intentional August 15 final prediction
1786822892840-k2dfrm	Jeremiah Wells|Myktybek Orolbai	_provenance.sourceManifest.elo.sourceInputs	["ufc_fight_results.csv", "ufc_event_details.csv"]	["ufc_fight_results.csv", "ufc_event_details.csv"]	refresh commit 65f32e1 (intentional final pre-fight capture, user-confirmed authoritative)	preserved byte-for-byte; no recomputation	unchanged intentional August 15 final prediction
1786822892840-k2dfrm	Jeremiah Wells|Myktybek Orolbai	_provenance.sourceManifest.elo.verificationMethod	"Parsed DATE column of ufc_event_details.csv directly (783 rows); maximum event date found = 2026-08-08. Cross-checked ufc_fight_results.csv, ufc_fight_details.csv, ufc_fight_stats.csv for window-period event names: FOUND (see manual audit). This value is NOT derived from any file mtime, git commit date, or in-file header comment -- see research/source_integrity_audit.md for the original manual methodology this script automates. NOTE: eloModule.js's own header comment claims coverage \"through Jul 2026\" -- this is misleading relative to the verified underlying data and should not be trusted; regen_elo.py reads only ufc_fight_results.csv + ufc_event_details.csv. Unlike ELO, the fighter aggregate updater also requires ufc_fight_details.csv and ufc_fight_stats.csv."	"Parsed DATE column of ufc_event_details.csv directly (783 rows); maximum event date found = 2026-08-08. Cross-checked ufc_fight_results.csv, ufc_fight_details.csv, ufc_fight_stats.csv for window-period event names: FOUND (see manual audit). This value is NOT derived from any file mtime, git commit date, or in-file header comment -- see research/source_integrity_audit.md for the original manual methodology this script automates. NOTE: eloModule.js's own header comment claims coverage \"through Jul 2026\" -- this is misleading relative to the verified underlying data and should not be trusted; regen_elo.py reads only ufc_fight_results.csv + ufc_event_details.csv. Unlike ELO, the fighter aggregate updater also requires ufc_fight_details.csv and ufc_fight_stats.csv."	refresh commit 65f32e1 (intentional final pre-fight capture, user-confirmed authoritative)	preserved byte-for-byte; no recomputation	unchanged intentional August 15 final prediction
1786822892840-k2dfrm	Jeremiah Wells|Myktybek Orolbai	_provenance.sourceManifest.fightHistory.contentHash	"46bff36e8569423c1401fb137638b82265fab6a675584273ac1f0181ff9df0a5"	"46bff36e8569423c1401fb137638b82265fab6a675584273ac1f0181ff9df0a5"	refresh commit 65f32e1 (intentional final pre-fight capture, user-confirmed authoritative)	preserved byte-for-byte; no recomputation	unchanged intentional August 15 final prediction
1786822892840-k2dfrm	Jeremiah Wells|Myktybek Orolbai	_provenance.sourceManifest.fightHistory.feedsV2	true	true	refresh commit 65f32e1 (intentional final pre-fight capture, user-confirmed authoritative)	preserved byte-for-byte; no recomputation	unchanged intentional August 15 final prediction
1786822892840-k2dfrm	Jeremiah Wells|Myktybek Orolbai	_provenance.sourceManifest.fightHistory.file	"src/fightHistory.js"	"src/fightHistory.js"	refresh commit 65f32e1 (intentional final pre-fight capture, user-confirmed authoritative)	preserved byte-for-byte; no recomputation	unchanged intentional August 15 final prediction
1786822892840-k2dfrm	Jeremiah Wells|Myktybek Orolbai	_provenance.sourceManifest.fightHistory.generatedAt	"2026-08-13"	"2026-08-13"	refresh commit 65f32e1 (intentional final pre-fight capture, user-confirmed authoritative)	preserved byte-for-byte; no recomputation	unchanged intentional August 15 final prediction
1786822892840-k2dfrm	Jeremiah Wells|Myktybek Orolbai	_provenance.sourceManifest.fightHistory.generatorRequiredInputs	["ufc_fight_results.csv", "ufc_event_details.csv", "ufc_fight_details.csv", "ufc_fight_stats.csv"]	["ufc_fight_results.csv", "ufc_event_details.csv", "ufc_fight_details.csv", "ufc_fight_stats.csv"]	refresh commit 65f32e1 (intentional final pre-fight capture, user-confirmed authoritative)	preserved byte-for-byte; no recomputation	unchanged intentional August 15 final prediction
1786822892840-k2dfrm	Jeremiah Wells|Myktybek Orolbai	_provenance.sourceManifest.fightHistory.generatorVersion	"update_fighters.py @ 97d2379ea418148c1ce0a21deae0461310914844"	"update_fighters.py @ 97d2379ea418148c1ce0a21deae0461310914844"	refresh commit 65f32e1 (intentional final pre-fight capture, user-confirmed authoritative)	preserved byte-for-byte; no recomputation	unchanged intentional August 15 final prediction
1786822892840-k2dfrm	Jeremiah Wells|Myktybek Orolbai	_provenance.sourceManifest.fightHistory.maxObservedEventDate	"2026-08-08"	"2026-08-08"	refresh commit 65f32e1 (intentional final pre-fight capture, user-confirmed authoritative)	preserved byte-for-byte; no recomputation	unchanged intentional August 15 final prediction
1786822892840-k2dfrm	Jeremiah Wells|Myktybek Orolbai	_provenance.sourceManifest.fightHistory.sourceInputs	["ufc_fight_results.csv", "ufc_event_details.csv", "ufc_fight_details.csv"]	["ufc_fight_results.csv", "ufc_event_details.csv", "ufc_fight_details.csv"]	refresh commit 65f32e1 (intentional final pre-fight capture, user-confirmed authoritative)	preserved byte-for-byte; no recomputation	unchanged intentional August 15 final prediction
1786822892840-k2dfrm	Jeremiah Wells|Myktybek Orolbai	_provenance.sourceManifest.fightHistory.verificationMethod	"Parsed DATE column of ufc_event_details.csv directly (783 rows); maximum event date found = 2026-08-08. Cross-checked ufc_fight_results.csv, ufc_fight_details.csv, ufc_fight_stats.csv for window-period event names: FOUND (see manual audit). This value is NOT derived from any file mtime, git commit date, or in-file header comment -- see research/source_integrity_audit.md for the original manual methodology this script automates."	"Parsed DATE column of ufc_event_details.csv directly (783 rows); maximum event date found = 2026-08-08. Cross-checked ufc_fight_results.csv, ufc_fight_details.csv, ufc_fight_stats.csv for window-period event names: FOUND (see manual audit). This value is NOT derived from any file mtime, git commit date, or in-file header comment -- see research/source_integrity_audit.md for the original manual methodology this script automates."	refresh commit 65f32e1 (intentional final pre-fight capture, user-confirmed authoritative)	preserved byte-for-byte; no recomputation	unchanged intentional August 15 final prediction
1786822892840-k2dfrm	Jeremiah Wells|Myktybek Orolbai	_provenance.sourceManifest.fighterBirthdates.contentHash	"560e7d5207c1766a57380ce852767ea03b004a89e2281c3be3dd11fc9e63cd5d"	"560e7d5207c1766a57380ce852767ea03b004a89e2281c3be3dd11fc9e63cd5d"	refresh commit 65f32e1 (intentional final pre-fight capture, user-confirmed authoritative)	preserved byte-for-byte; no recomputation	unchanged intentional August 15 final prediction
1786822892840-k2dfrm	Jeremiah Wells|Myktybek Orolbai	_provenance.sourceManifest.fighterBirthdates.feedsV2	true	true	refresh commit 65f32e1 (intentional final pre-fight capture, user-confirmed authoritative)	preserved byte-for-byte; no recomputation	unchanged intentional August 15 final prediction
1786822892840-k2dfrm	Jeremiah Wells|Myktybek Orolbai	_provenance.sourceManifest.fighterBirthdates.file	"src/fighterBirthdates.js"	"src/fighterBirthdates.js"	refresh commit 65f32e1 (intentional final pre-fight capture, user-confirmed authoritative)	preserved byte-for-byte; no recomputation	unchanged intentional August 15 final prediction
1786822892840-k2dfrm	Jeremiah Wells|Myktybek Orolbai	_provenance.sourceManifest.fighterBirthdates.generatedAt	"2026-08-13"	"2026-08-13"	refresh commit 65f32e1 (intentional final pre-fight capture, user-confirmed authoritative)	preserved byte-for-byte; no recomputation	unchanged intentional August 15 final prediction
1786822892840-k2dfrm	Jeremiah Wells|Myktybek Orolbai	_provenance.sourceManifest.fighterBirthdates.generatorVersion	"scripts/generate-fighter-birthdates.mjs @ 97d2379ea418148c1ce0a21deae0461310914844"	"scripts/generate-fighter-birthdates.mjs @ 97d2379ea418148c1ce0a21deae0461310914844"	refresh commit 65f32e1 (intentional final pre-fight capture, user-confirmed authoritative)	preserved byte-for-byte; no recomputation	unchanged intentional August 15 final prediction
1786822892840-k2dfrm	Jeremiah Wells|Myktybek Orolbai	_provenance.sourceManifest.fighterBirthdates.maxObservedEventDate	null	null	refresh commit 65f32e1 (intentional final pre-fight capture, user-confirmed authoritative)	preserved byte-for-byte; no recomputation	unchanged intentional August 15 final prediction
1786822892840-k2dfrm	Jeremiah Wells|Myktybek Orolbai	_provenance.sourceManifest.fighterBirthdates.note	"Canonical fighter name -> date of birth. Feeds the v2 'younger' feature and the v1 age differential/age-decay penalty via src/domain/age, which derives every age from DOB -- at app load for the roster, and at the bout date for a prediction. The integer AGE values in fightersData.js are now used only where no birth date exists here."	"Canonical fighter name -> date of birth. Feeds the v2 'younger' feature and the v1 age differential/age-decay penalty via src/domain/age, which derives every age from DOB -- at app load for the roster, and at the bout date for a prediction. The integer AGE values in fightersData.js are now used only where no birth date exists here."	refresh commit 65f32e1 (intentional final pre-fight capture, user-confirmed authoritative)	preserved byte-for-byte; no recomputation	unchanged intentional August 15 final prediction
1786822892840-k2dfrm	Jeremiah Wells|Myktybek Orolbai	_provenance.sourceManifest.fighterBirthdates.verificationMethod	"Recomputed the join from source while writing this manifest: read 2267 rows from fighters.json, of which 2207 carry a dob matching ^\\d{4}-\\d{2}-\\d{2}$; applied 1 name_aliases.json rewrites; produced 2207 canonical names, and the shipped artifact contains 2207 entries. The generator raises on any canonical name that would receive two DIFFERENT birth dates, so a silent bad join cannot ship. Keys are sorted by UTF-16 code point (not localeCompare), making regeneration byte-identical across machines and ICU builds; the scheduled workflow enforces this with a --check re-run. maxObservedEventDate is null by nature, not by omission: this artifact holds birth dates, which are not event-scoped, so there is no event date it could be current or stale relative to. Its freshness question is coverage, which is the measured count above."	"Recomputed the join from source while writing this manifest: read 2267 rows from fighters.json, of which 2207 carry a dob matching ^\\d{4}-\\d{2}-\\d{2}$; applied 1 name_aliases.json rewrites; produced 2207 canonical names, and the shipped artifact contains 2207 entries. The generator raises on any canonical name that would receive two DIFFERENT birth dates, so a silent bad join cannot ship. Keys are sorted by UTF-16 code point (not localeCompare), making regeneration byte-identical across machines and ICU builds; the scheduled workflow enforces this with a --check re-run. maxObservedEventDate is null by nature, not by omission: this artifact holds birth dates, which are not event-scoped, so there is no event date it could be current or stale relative to. Its freshness question is coverage, which is the measured count above."	refresh commit 65f32e1 (intentional final pre-fight capture, user-confirmed authoritative)	preserved byte-for-byte; no recomputation	unchanged intentional August 15 final prediction
1786822892840-k2dfrm	Jeremiah Wells|Myktybek Orolbai	_provenance.sourceManifest.fightersDataAggregates.contentHash	"51dc68372e9742be8602c43b0a9119ecc3e2c9eb5fa0b3c4a97980ab1e244aad"	"51dc68372e9742be8602c43b0a9119ecc3e2c9eb5fa0b3c4a97980ab1e244aad"	refresh commit 65f32e1 (intentional final pre-fight capture, user-confirmed authoritative)	preserved byte-for-byte; no recomputation	unchanged intentional August 15 final prediction
1786822892840-k2dfrm	Jeremiah Wells|Myktybek Orolbai	_provenance.sourceManifest.fightersDataAggregates.feedsV2	true	true	refresh commit 65f32e1 (intentional final pre-fight capture, user-confirmed authoritative)	preserved byte-for-byte; no recomputation	unchanged intentional August 15 final prediction
1786822892840-k2dfrm	Jeremiah Wells|Myktybek Orolbai	_provenance.sourceManifest.fightersDataAggregates.file	"src/fightersData.js"	"src/fightersData.js"	refresh commit 65f32e1 (intentional final pre-fight capture, user-confirmed authoritative)	preserved byte-for-byte; no recomputation	unchanged intentional August 15 final prediction
1786822892840-k2dfrm	Jeremiah Wells|Myktybek Orolbai	_provenance.sourceManifest.fightersDataAggregates.generatedAt	"2026-08-13"	"2026-08-13"	refresh commit 65f32e1 (intentional final pre-fight capture, user-confirmed authoritative)	preserved byte-for-byte; no recomputation	unchanged intentional August 15 final prediction
1786822892840-k2dfrm	Jeremiah Wells|Myktybek Orolbai	_provenance.sourceManifest.fightersDataAggregates.generatorRequiredInputs	["ufc_fight_results.csv", "ufc_event_details.csv", "ufc_fight_details.csv", "ufc_fight_stats.csv"]	["ufc_fight_results.csv", "ufc_event_details.csv", "ufc_fight_details.csv", "ufc_fight_stats.csv"]	refresh commit 65f32e1 (intentional final pre-fight capture, user-confirmed authoritative)	preserved byte-for-byte; no recomputation	unchanged intentional August 15 final prediction
1786822892840-k2dfrm	Jeremiah Wells|Myktybek Orolbai	_provenance.sourceManifest.fightersDataAggregates.generatorVersion	"update_fighters.py @ 97d2379ea418148c1ce0a21deae0461310914844"	"update_fighters.py @ 97d2379ea418148c1ce0a21deae0461310914844"	refresh commit 65f32e1 (intentional final pre-fight capture, user-confirmed authoritative)	preserved byte-for-byte; no recomputation	unchanged intentional August 15 final prediction
1786822892840-k2dfrm	Jeremiah Wells|Myktybek Orolbai	_provenance.sourceManifest.fightersDataAggregates.maxObservedEventDate	"2026-08-08"	"2026-08-08"	refresh commit 65f32e1 (intentional final pre-fight capture, user-confirmed authoritative)	preserved byte-for-byte; no recomputation	unchanged intentional August 15 final prediction
1786822892840-k2dfrm	Jeremiah Wells|Myktybek Orolbai	_provenance.sourceManifest.fightersDataAggregates.note	"Feeds ASL/ASP/ATL/ATP/ASA (sig_str_landed, sig_str_accuracy, sub_attempts, td_landed, td_accuracy) and TR (rounds) -- the highest-weight non-ELO v2 features."	"Feeds ASL/ASP/ATL/ATP/ASA (sig_str_landed, sig_str_accuracy, sub_attempts, td_landed, td_accuracy) and TR (rounds) -- the highest-weight non-ELO v2 features."	refresh commit 65f32e1 (intentional final pre-fight capture, user-confirmed authoritative)	preserved byte-for-byte; no recomputation	unchanged intentional August 15 final prediction
1786822892840-k2dfrm	Jeremiah Wells|Myktybek Orolbai	_provenance.sourceManifest.fightersDataAggregates.sourceInputs	["ufc_fight_results.csv", "ufc_event_details.csv", "ufc_fight_details.csv", "ufc_fight_stats.csv"]	["ufc_fight_results.csv", "ufc_event_details.csv", "ufc_fight_details.csv", "ufc_fight_stats.csv"]	refresh commit 65f32e1 (intentional final pre-fight capture, user-confirmed authoritative)	preserved byte-for-byte; no recomputation	unchanged intentional August 15 final prediction
1786822892840-k2dfrm	Jeremiah Wells|Myktybek Orolbai	_provenance.sourceManifest.fightersDataAggregates.verificationMethod	"Parsed DATE column of ufc_event_details.csv directly (783 rows); maximum event date found = 2026-08-08. Cross-checked ufc_fight_results.csv, ufc_fight_details.csv, ufc_fight_stats.csv for window-period event names: FOUND (see manual audit). This value is NOT derived from any file mtime, git commit date, or in-file header comment -- see research/source_integrity_audit.md for the original manual methodology this script automates."	"Parsed DATE column of ufc_event_details.csv directly (783 rows); maximum event date found = 2026-08-08. Cross-checked ufc_fight_results.csv, ufc_fight_details.csv, ufc_fight_stats.csv for window-period event names: FOUND (see manual audit). This value is NOT derived from any file mtime, git commit date, or in-file header comment -- see research/source_integrity_audit.md for the original manual methodology this script automates."	refresh commit 65f32e1 (intentional final pre-fight capture, user-confirmed authoritative)	preserved byte-for-byte; no recomputation	unchanged intentional August 15 final prediction
1786822892840-k2dfrm	Jeremiah Wells|Myktybek Orolbai	_provenance.sourceManifest.rankHistory.contentHash	"9a706f356ef41fa68b605dd9c52740dd370eda014dfb747b0cb8bdc6313ba244"	"9a706f356ef41fa68b605dd9c52740dd370eda014dfb747b0cb8bdc6313ba244"	refresh commit 65f32e1 (intentional final pre-fight capture, user-confirmed authoritative)	preserved byte-for-byte; no recomputation	unchanged intentional August 15 final prediction
1786822892840-k2dfrm	Jeremiah Wells|Myktybek Orolbai	_provenance.sourceManifest.rankHistory.feedsV2	false	false	refresh commit 65f32e1 (intentional final pre-fight capture, user-confirmed authoritative)	preserved byte-for-byte; no recomputation	unchanged intentional August 15 final prediction
1786822892840-k2dfrm	Jeremiah Wells|Myktybek Orolbai	_provenance.sourceManifest.rankHistory.file	"src/rankHistory.js"	"src/rankHistory.js"	refresh commit 65f32e1 (intentional final pre-fight capture, user-confirmed authoritative)	preserved byte-for-byte; no recomputation	unchanged intentional August 15 final prediction
1786822892840-k2dfrm	Jeremiah Wells|Myktybek Orolbai	_provenance.sourceManifest.rankHistory.generatedAt	"2026-08-13"	"2026-08-13"	refresh commit 65f32e1 (intentional final pre-fight capture, user-confirmed authoritative)	preserved byte-for-byte; no recomputation	unchanged intentional August 15 final prediction
1786822892840-k2dfrm	Jeremiah Wells|Myktybek Orolbai	_provenance.sourceManifest.rankHistory.generatorVersion	"regen_rankhistory.py (untracked in git -- present on disk, no commit history, no recoverable version)"	"regen_rankhistory.py (untracked in git -- present on disk, no commit history, no recoverable version)"	refresh commit 65f32e1 (intentional final pre-fight capture, user-confirmed authoritative)	preserved byte-for-byte; no recomputation	unchanged intentional August 15 final prediction
1786822892840-k2dfrm	Jeremiah Wells|Myktybek Orolbai	_provenance.sourceManifest.rankHistory.maxObservedEventDate	"2026-03-12"	"2026-03-12"	refresh commit 65f32e1 (intentional final pre-fight capture, user-confirmed authoritative)	preserved byte-for-byte; no recomputation	unchanged intentional August 15 final prediction
1786822892840-k2dfrm	Jeremiah Wells|Myktybek Orolbai	_provenance.sourceManifest.rankHistory.note	"Does not feed MODEL_V2 (no path into computeLogisticProb's 16 features, confirmed in research/source_integrity_audit.md). Tracked here for future model versions that might use it."	"Does not feed MODEL_V2 (no path into computeLogisticProb's 16 features, confirmed in research/source_integrity_audit.md). Tracked here for future model versions that might use it."	refresh commit 65f32e1 (intentional final pre-fight capture, user-confirmed authoritative)	preserved byte-for-byte; no recomputation	unchanged intentional August 15 final prediction
1786822892840-k2dfrm	Jeremiah Wells|Myktybek Orolbai	_provenance.sourceManifest.rankHistory.verificationMethod	"Raw source UFC_rankings_history.csv is not present on disk, so maxObservedEventDate is instead the maximum YYYYMMDD date literally embedded in the shipped rankHistory.js artifact's own HISTORICAL_RANKINGS data -- a defensible proxy (the artifact cannot reflect dates its regeneration process never saw), but distinct from the direct-CSV verification used for the three modules above."	"Raw source UFC_rankings_history.csv is not present on disk, so maxObservedEventDate is instead the maximum YYYYMMDD date literally embedded in the shipped rankHistory.js artifact's own HISTORICAL_RANKINGS data -- a defensible proxy (the artifact cannot reflect dates its regeneration process never saw), but distinct from the direct-CSV verification used for the three modules above."	refresh commit 65f32e1 (intentional final pre-fight capture, user-confirmed authoritative)	preserved byte-for-byte; no recomputation	unchanged intentional August 15 final prediction
1786822892840-k2dfrm	Jeremiah Wells|Myktybek Orolbai	_provenance.sourceManifest.rankings.contentHash	"48524131c5d78b0adc80d83fe27a2ef7c365c124f66eddab11e17487f7df41d0"	"48524131c5d78b0adc80d83fe27a2ef7c365c124f66eddab11e17487f7df41d0"	refresh commit 65f32e1 (intentional final pre-fight capture, user-confirmed authoritative)	preserved byte-for-byte; no recomputation	unchanged intentional August 15 final prediction
1786822892840-k2dfrm	Jeremiah Wells|Myktybek Orolbai	_provenance.sourceManifest.rankings.feedsV2	false	false	refresh commit 65f32e1 (intentional final pre-fight capture, user-confirmed authoritative)	preserved byte-for-byte; no recomputation	unchanged intentional August 15 final prediction
1786822892840-k2dfrm	Jeremiah Wells|Myktybek Orolbai	_provenance.sourceManifest.rankings.file	"src/rankingsData.js"	"src/rankingsData.js"	refresh commit 65f32e1 (intentional final pre-fight capture, user-confirmed authoritative)	preserved byte-for-byte; no recomputation	unchanged intentional August 15 final prediction
1786822892840-k2dfrm	Jeremiah Wells|Myktybek Orolbai	_provenance.sourceManifest.rankings.generatedAt	"2026-08-07T18:49:33Z"	"2026-08-07T18:49:33Z"	refresh commit 65f32e1 (intentional final pre-fight capture, user-confirmed authoritative)	preserved byte-for-byte; no recomputation	unchanged intentional August 15 final prediction
1786822892840-k2dfrm	Jeremiah Wells|Myktybek Orolbai	_provenance.sourceManifest.rankings.generatorVersion	"scripts/update_rankings.py @ 97d2379ea418148c1ce0a21deae0461310914844"	"scripts/update_rankings.py @ 97d2379ea418148c1ce0a21deae0461310914844"	refresh commit 65f32e1 (intentional final pre-fight capture, user-confirmed authoritative)	preserved byte-for-byte; no recomputation	unchanged intentional August 15 final prediction
1786822892840-k2dfrm	Jeremiah Wells|Myktybek Orolbai	_provenance.sourceManifest.rankings.inProductionBundle	true	true	refresh commit 65f32e1 (intentional final pre-fight capture, user-confirmed authoritative)	preserved byte-for-byte; no recomputation	unchanged intentional August 15 final prediction
1786822892840-k2dfrm	Jeremiah Wells|Myktybek Orolbai	_provenance.sourceManifest.rankings.maxObservedEventDate	"2026-08-04"	"2026-08-04"	refresh commit 65f32e1 (intentional final pre-fight capture, user-confirmed authoritative)	preserved byte-for-byte; no recomputation	unchanged intentional August 15 final prediction
1786822892840-k2dfrm	Jeremiah Wells|Myktybek Orolbai	_provenance.sourceManifest.rankings.note	"Current official rankings feed fighter-profile/UI rank badges only. Runtime artifact: this is the only rankings file in the production dependency graph. Historical series live in the separate rankingsHistory module below."	"Current official rankings feed fighter-profile/UI rank badges only. Runtime artifact: this is the only rankings file in the production dependency graph. Historical series live in the separate rankingsHistory module below."	refresh commit 65f32e1 (intentional final pre-fight capture, user-confirmed authoritative)	preserved byte-for-byte; no recomputation	unchanged intentional August 15 final prediction
1786822892840-k2dfrm	Jeremiah Wells|Myktybek Orolbai	_provenance.sourceManifest.rankings.officialSnapshots	["2026-08-01-meta.json", "2026-08-04-media.json"]	["2026-08-01-meta.json", "2026-08-04-media.json"]	refresh commit 65f32e1 (intentional final pre-fight capture, user-confirmed authoritative)	preserved byte-for-byte; no recomputation	unchanged intentional August 15 final prediction
1786822892840-k2dfrm	Jeremiah Wells|Myktybek Orolbai	_provenance.sourceManifest.rankings.verificationMethod	"Read directly from the generated artifacts and the committed history cache, all produced by scripts/update_rankings.py and regenerating byte-identically from the same inputs. upstreamContentSha256 is the SHA-256 of the Kaggle CSV the cache was built from. No git commit date, file mtime, or header comment is consulted, and a missing artifact, cache or snapshot set is a hard failure rather than a silent fallback."	"Read directly from the generated artifacts and the committed history cache, all produced by scripts/update_rankings.py and regenerating byte-identically from the same inputs. upstreamContentSha256 is the SHA-256 of the Kaggle CSV the cache was built from. No git commit date, file mtime, or header comment is consulted, and a missing artifact, cache or snapshot set is a hard failure rather than a silent fallback."	refresh commit 65f32e1 (intentional final pre-fight capture, user-confirmed authoritative)	preserved byte-for-byte; no recomputation	unchanged intentional August 15 final prediction
1786822892840-k2dfrm	Jeremiah Wells|Myktybek Orolbai	_provenance.sourceManifest.rankingsHistory.contentHash	"387363b7f1fda0f51757fd778ff969ce9fffe1d34d3c870437977db5e36003a3"	"387363b7f1fda0f51757fd778ff969ce9fffe1d34d3c870437977db5e36003a3"	refresh commit 65f32e1 (intentional final pre-fight capture, user-confirmed authoritative)	preserved byte-for-byte; no recomputation	unchanged intentional August 15 final prediction
1786822892840-k2dfrm	Jeremiah Wells|Myktybek Orolbai	_provenance.sourceManifest.rankingsHistory.feedsV2	false	false	refresh commit 65f32e1 (intentional final pre-fight capture, user-confirmed authoritative)	preserved byte-for-byte; no recomputation	unchanged intentional August 15 final prediction
1786822892840-k2dfrm	Jeremiah Wells|Myktybek Orolbai	_provenance.sourceManifest.rankingsHistory.file	"src/rankingsHistoryData.js"	"src/rankingsHistoryData.js"	refresh commit 65f32e1 (intentional final pre-fight capture, user-confirmed authoritative)	preserved byte-for-byte; no recomputation	unchanged intentional August 15 final prediction
1786822892840-k2dfrm	Jeremiah Wells|Myktybek Orolbai	_provenance.sourceManifest.rankingsHistory.generatedAt	"2026-08-07T18:49:33Z"	"2026-08-07T18:49:33Z"	refresh commit 65f32e1 (intentional final pre-fight capture, user-confirmed authoritative)	preserved byte-for-byte; no recomputation	unchanged intentional August 15 final prediction
1786822892840-k2dfrm	Jeremiah Wells|Myktybek Orolbai	_provenance.sourceManifest.rankingsHistory.generatorVersion	"scripts/update_rankings.py @ 97d2379ea418148c1ce0a21deae0461310914844"	"scripts/update_rankings.py @ 97d2379ea418148c1ce0a21deae0461310914844"	refresh commit 65f32e1 (intentional final pre-fight capture, user-confirmed authoritative)	preserved byte-for-byte; no recomputation	unchanged intentional August 15 final prediction
1786822892840-k2dfrm	Jeremiah Wells|Myktybek Orolbai	_provenance.sourceManifest.rankingsHistory.historyCacheSha256	"4f245240e2b53ee088d82f861aa0a718aef9f62bf15d62eb434d4628b3b6b3ad"	"4f245240e2b53ee088d82f861aa0a718aef9f62bf15d62eb434d4628b3b6b3ad"	refresh commit 65f32e1 (intentional final pre-fight capture, user-confirmed authoritative)	preserved byte-for-byte; no recomputation	unchanged intentional August 15 final prediction
1786822892840-k2dfrm	Jeremiah Wells|Myktybek Orolbai	_provenance.sourceManifest.rankingsHistory.historyUsedThrough	"2026-06-18"	"2026-06-18"	refresh commit 65f32e1 (intentional final pre-fight capture, user-confirmed authoritative)	preserved byte-for-byte; no recomputation	unchanged intentional August 15 final prediction
1786822892840-k2dfrm	Jeremiah Wells|Myktybek Orolbai	_provenance.sourceManifest.rankingsHistory.inProductionBundle	false	false	refresh commit 65f32e1 (intentional final pre-fight capture, user-confirmed authoritative)	preserved byte-for-byte; no recomputation	unchanged intentional August 15 final prediction
1786822892840-k2dfrm	Jeremiah Wells|Myktybek Orolbai	_provenance.sourceManifest.rankingsHistory.maxObservedEventDate	"2026-08-04"	"2026-08-04"	refresh commit 65f32e1 (intentional final pre-fight capture, user-confirmed authoritative)	preserved byte-for-byte; no recomputation	unchanged intentional August 15 final prediction
1786822892840-k2dfrm	Jeremiah Wells|Myktybek Orolbai	_provenance.sourceManifest.rankingsHistory.note	"Historical divisional rankings. RESEARCH ARTIFACT: no runtime consumer and no model consumer -- neither the deprecated v1 engine nor the frozen 16-feature MODEL_V2. Kept out of the browser bundle; enforced by src/domain/rankings/__tests__/boundary.test.js (import graph) and scripts/verify-bundle.mjs (emitted assets)."	"Historical divisional rankings. RESEARCH ARTIFACT: no runtime consumer and no model consumer -- neither the deprecated v1 engine nor the frozen 16-feature MODEL_V2. Kept out of the browser bundle; enforced by src/domain/rankings/__tests__/boundary.test.js (import graph) and scripts/verify-bundle.mjs (emitted assets)."	refresh commit 65f32e1 (intentional final pre-fight capture, user-confirmed authoritative)	preserved byte-for-byte; no recomputation	unchanged intentional August 15 final prediction
1786822892840-k2dfrm	Jeremiah Wells|Myktybek Orolbai	_provenance.sourceManifest.rankingsHistory.upstreamContentSha256	"2d27b34e64372520e9170cc30f1d1c59e795d046b6726de89db95b9535db9858"	"2d27b34e64372520e9170cc30f1d1c59e795d046b6726de89db95b9535db9858"	refresh commit 65f32e1 (intentional final pre-fight capture, user-confirmed authoritative)	preserved byte-for-byte; no recomputation	unchanged intentional August 15 final prediction
1786822892840-k2dfrm	Jeremiah Wells|Myktybek Orolbai	_provenance.sourceManifest.rankingsHistory.upstreamVersion	49	49	refresh commit 65f32e1 (intentional final pre-fight capture, user-confirmed authoritative)	preserved byte-for-byte; no recomputation	unchanged intentional August 15 final prediction
1786822892840-k2dfrm	Jeremiah Wells|Myktybek Orolbai	_provenance.sourceManifest.rankingsHistory.verificationMethod	"Read directly from the generated artifacts and the committed history cache, all produced by scripts/update_rankings.py and regenerating byte-identically from the same inputs. upstreamContentSha256 is the SHA-256 of the Kaggle CSV the cache was built from. No git commit date, file mtime, or header comment is consulted, and a missing artifact, cache or snapshot set is a hard failure rather than a silent fallback."	"Read directly from the generated artifacts and the committed history cache, all produced by scripts/update_rankings.py and regenerating byte-identically from the same inputs. upstreamContentSha256 is the SHA-256 of the Kaggle CSV the cache was built from. No git commit date, file mtime, or header comment is consulted, and a missing artifact, cache or snapshot set is a hard failure rather than a silent fallback."	refresh commit 65f32e1 (intentional final pre-fight capture, user-confirmed authoritative)	preserved byte-for-byte; no recomputation	unchanged intentional August 15 final prediction
1786822892840-k2dfrm	Jeremiah Wells|Myktybek Orolbai	_provenance.targetEventDate	"2026-08-15"	"2026-08-15"	refresh commit 65f32e1 (intentional final pre-fight capture, user-confirmed authoritative)	preserved byte-for-byte; no recomputation	unchanged intentional August 15 final prediction
1786822892840-k2dfrm	Jeremiah Wells|Myktybek Orolbai	actualFinish	""	""	grading commit 3a67be6	preserved byte-for-byte; no recomputation	preserved legitimate grading
1786822892840-k2dfrm	Jeremiah Wells|Myktybek Orolbai	actualWinner	"Jeremiah Wells"	"Jeremiah Wells"	grading commit 3a67be6	preserved byte-for-byte; no recomputation	preserved legitimate grading
1786822892840-k2dfrm	Jeremiah Wells|Myktybek Orolbai	bestBet	null	null	refresh commit 65f32e1 (intentional final pre-fight capture, user-confirmed authoritative)	preserved byte-for-byte; no recomputation	unchanged intentional August 15 final prediction
1786822892840-k2dfrm	Jeremiah Wells|Myktybek Orolbai	betAction	"NO BET"	"NO BET"	refresh commit 65f32e1 (intentional final pre-fight capture, user-confirmed authoritative)	preserved byte-for-byte; no recomputation	unchanged intentional August 15 final prediction
1786822892840-k2dfrm	Jeremiah Wells|Myktybek Orolbai	betRecommendedFighter	""	""	refresh commit 65f32e1 (intentional final pre-fight capture, user-confirmed authoritative)	preserved byte-for-byte; no recomputation	unchanged intentional August 15 final prediction
1786822892840-k2dfrm	Jeremiah Wells|Myktybek Orolbai	betRecommendedOdds	""	""	refresh commit 65f32e1 (intentional final pre-fight capture, user-confirmed authoritative)	preserved byte-for-byte; no recomputation	unchanged intentional August 15 final prediction
1786822892840-k2dfrm	Jeremiah Wells|Myktybek Orolbai	boutContext.division	"Welterweight"	"Welterweight"	refresh commit 65f32e1 (intentional final pre-fight capture, user-confirmed authoritative)	preserved byte-for-byte; no recomputation	unchanged intentional August 15 final prediction
1786822892840-k2dfrm	Jeremiah Wells|Myktybek Orolbai	boutContext.isTitleBout	false	false	refresh commit 65f32e1 (intentional final pre-fight capture, user-confirmed authoritative)	preserved byte-for-byte; no recomputation	unchanged intentional August 15 final prediction
1786822892840-k2dfrm	Jeremiah Wells|Myktybek Orolbai	boutContext.scheduledRounds	3	3	refresh commit 65f32e1 (intentional final pre-fight capture, user-confirmed authoritative)	preserved byte-for-byte; no recomputation	unchanged intentional August 15 final prediction
1786822892840-k2dfrm	Jeremiah Wells|Myktybek Orolbai	createdAt	"2026-08-15T19:41:32.840Z"	"2026-08-15T19:41:32.840Z"	refresh commit 65f32e1 (intentional final pre-fight capture, user-confirmed authoritative)	preserved byte-for-byte; no recomputation	unchanged intentional August 15 final prediction
1786822892840-k2dfrm	Jeremiah Wells|Myktybek Orolbai	division	"Welterweight"	"Welterweight"	refresh commit 65f32e1 (intentional final pre-fight capture, user-confirmed authoritative)	preserved byte-for-byte; no recomputation	unchanged intentional August 15 final prediction
1786822892840-k2dfrm	Jeremiah Wells|Myktybek Orolbai	edge	-0.08831486308558811	-0.08831486308558811	refresh commit 65f32e1 (intentional final pre-fight capture, user-confirmed authoritative)	preserved byte-for-byte; no recomputation	unchanged intentional August 15 final prediction
1786822892840-k2dfrm	Jeremiah Wells|Myktybek Orolbai	edgeA	0.08831486308558795	0.08831486308558795	refresh commit 65f32e1 (intentional final pre-fight capture, user-confirmed authoritative)	preserved byte-for-byte; no recomputation	unchanged intentional August 15 final prediction
1786822892840-k2dfrm	Jeremiah Wells|Myktybek Orolbai	edgeB	-0.08831486308558811	-0.08831486308558811	refresh commit 65f32e1 (intentional final pre-fight capture, user-confirmed authoritative)	preserved byte-for-byte; no recomputation	unchanged intentional August 15 final prediction
1786822892840-k2dfrm	Jeremiah Wells|Myktybek Orolbai	ev	-13.634348700245972	-13.634348700245972	refresh commit 65f32e1 (intentional final pre-fight capture, user-confirmed authoritative)	preserved byte-for-byte; no recomputation	unchanged intentional August 15 final prediction
1786822892840-k2dfrm	Jeremiah Wells|Myktybek Orolbai	evA	66.65189046847038	66.65189046847038	refresh commit 65f32e1 (intentional final pre-fight capture, user-confirmed authoritative)	preserved byte-for-byte; no recomputation	unchanged intentional August 15 final prediction
1786822892840-k2dfrm	Jeremiah Wells|Myktybek Orolbai	evB	-13.634348700245972	-13.634348700245972	refresh commit 65f32e1 (intentional final pre-fight capture, user-confirmed authoritative)	preserved byte-for-byte; no recomputation	unchanged intentional August 15 final prediction
1786822892840-k2dfrm	Jeremiah Wells|Myktybek Orolbai	eventDate	"2026-08-15"	"2026-08-15"	refresh commit 65f32e1 (intentional final pre-fight capture, user-confirmed authoritative)	preserved byte-for-byte; no recomputation	unchanged intentional August 15 final prediction
1786822892840-k2dfrm	Jeremiah Wells|Myktybek Orolbai	eventName	"UFC 330"	"UFC 330"	refresh commit 65f32e1 (intentional final pre-fight capture, user-confirmed authoritative)	preserved byte-for-byte; no recomputation	unchanged intentional August 15 final prediction
1786822892840-k2dfrm	Jeremiah Wells|Myktybek Orolbai	fairLine	"-380"	"-380"	refresh commit 65f32e1 (intentional final pre-fight capture, user-confirmed authoritative)	preserved byte-for-byte; no recomputation	unchanged intentional August 15 final prediction
1786822892840-k2dfrm	Jeremiah Wells|Myktybek Orolbai	fairLineA	"+380"	"+380"	refresh commit 65f32e1 (intentional final pre-fight capture, user-confirmed authoritative)	preserved byte-for-byte; no recomputation	unchanged intentional August 15 final prediction
1786822892840-k2dfrm	Jeremiah Wells|Myktybek Orolbai	fairLineB	"-380"	"-380"	refresh commit 65f32e1 (intentional final pre-fight capture, user-confirmed authoritative)	preserved byte-for-byte; no recomputation	unchanged intentional August 15 final prediction
1786822892840-k2dfrm	Jeremiah Wells|Myktybek Orolbai	fighterA	"Jeremiah Wells"	"Jeremiah Wells"	refresh commit 65f32e1 (intentional final pre-fight capture, user-confirmed authoritative)	preserved byte-for-byte; no recomputation	unchanged intentional August 15 final prediction
1786822892840-k2dfrm	Jeremiah Wells|Myktybek Orolbai	fighterAIsProspect	false	false	refresh commit 65f32e1 (intentional final pre-fight capture, user-confirmed authoritative)	preserved byte-for-byte; no recomputation	unchanged intentional August 15 final prediction
1786822892840-k2dfrm	Jeremiah Wells|Myktybek Orolbai	fighterAProb	0.21636275826783666	0.21636275826783666	refresh commit 65f32e1 (intentional final pre-fight capture, user-confirmed authoritative)	preserved byte-for-byte; no recomputation	unchanged intentional August 15 final prediction
1786822892840-k2dfrm	Jeremiah Wells|Myktybek Orolbai	fighterB	"Myktybek Orolbai"	"Myktybek Orolbai"	refresh commit 65f32e1 (intentional final pre-fight capture, user-confirmed authoritative)	preserved byte-for-byte; no recomputation	unchanged intentional August 15 final prediction
1786822892840-k2dfrm	Jeremiah Wells|Myktybek Orolbai	fighterBIsProspect	false	false	refresh commit 65f32e1 (intentional final pre-fight capture, user-confirmed authoritative)	preserved byte-for-byte; no recomputation	unchanged intentional August 15 final prediction
1786822892840-k2dfrm	Jeremiah Wells|Myktybek Orolbai	fighterBProb	0.7836372417321633	0.7836372417321633	refresh commit 65f32e1 (intentional final pre-fight capture, user-confirmed authoritative)	preserved byte-for-byte; no recomputation	unchanged intentional August 15 final prediction
1786822892840-k2dfrm	Jeremiah Wells|Myktybek Orolbai	id	"1786822892840-k2dfrm"	"1786822892840-k2dfrm"	refresh commit 65f32e1 (intentional final pre-fight capture, user-confirmed authoritative)	preserved byte-for-byte; no recomputation	unchanged intentional August 15 final prediction
1786822892840-k2dfrm	Jeremiah Wells|Myktybek Orolbai	includesProspect	false	false	refresh commit 65f32e1 (intentional final pre-fight capture, user-confirmed authoritative)	preserved byte-for-byte; no recomputation	unchanged intentional August 15 final prediction
1786822892840-k2dfrm	Jeremiah Wells|Myktybek Orolbai	kelly	0	0	refresh commit 65f32e1 (intentional final pre-fight capture, user-confirmed authoritative)	preserved byte-for-byte; no recomputation	unchanged intentional August 15 final prediction
1786822892840-k2dfrm	Jeremiah Wells|Myktybek Orolbai	kellyA	0.09521698638352911	0.09521698638352911	refresh commit 65f32e1 (intentional final pre-fight capture, user-confirmed authoritative)	preserved byte-for-byte; no recomputation	unchanged intentional August 15 final prediction
1786822892840-k2dfrm	Jeremiah Wells|Myktybek Orolbai	kellyB	0	0	refresh commit 65f32e1 (intentional final pre-fight capture, user-confirmed authoritative)	preserved byte-for-byte; no recomputation	unchanged intentional August 15 final prediction
1786822892840-k2dfrm	Jeremiah Wells|Myktybek Orolbai	marketOdds	"-1100"	"-1100"	refresh commit 65f32e1 (intentional final pre-fight capture, user-confirmed authoritative)	preserved byte-for-byte; no recomputation	unchanged intentional August 15 final prediction
1786822892840-k2dfrm	Jeremiah Wells|Myktybek Orolbai	modelUsed	"v2"	"v2"	refresh commit 65f32e1 (intentional final pre-fight capture, user-confirmed authoritative)	preserved byte-for-byte; no recomputation	unchanged intentional August 15 final prediction
1786822892840-k2dfrm	Jeremiah Wells|Myktybek Orolbai	notes	""	""	refresh commit 65f32e1 (intentional final pre-fight capture, user-confirmed authoritative)	preserved byte-for-byte; no recomputation	unchanged intentional August 15 final prediction
1786822892840-k2dfrm	Jeremiah Wells|Myktybek Orolbai	oddsA	"+700"	"+700"	refresh commit 65f32e1 (intentional final pre-fight capture, user-confirmed authoritative)	preserved byte-for-byte; no recomputation	unchanged intentional August 15 final prediction
1786822892840-k2dfrm	Jeremiah Wells|Myktybek Orolbai	oddsB	"-1100"	"-1100"	refresh commit 65f32e1 (intentional final pre-fight capture, user-confirmed authoritative)	preserved byte-for-byte; no recomputation	unchanged intentional August 15 final prediction
1786822892840-k2dfrm	Jeremiah Wells|Myktybek Orolbai	predictedProb	0.7836372417321633	0.7836372417321633	refresh commit 65f32e1 (intentional final pre-fight capture, user-confirmed authoritative)	preserved byte-for-byte; no recomputation	unchanged intentional August 15 final prediction
1786822892840-k2dfrm	Jeremiah Wells|Myktybek Orolbai	predictedWinner	"Myktybek Orolbai"	"Myktybek Orolbai"	refresh commit 65f32e1 (intentional final pre-fight capture, user-confirmed authoritative)	preserved byte-for-byte; no recomputation	unchanged intentional August 15 final prediction
1786822892840-k2dfrm	Jeremiah Wells|Myktybek Orolbai	projectedDEC	46	46	refresh commit 65f32e1 (intentional final pre-fight capture, user-confirmed authoritative)	preserved byte-for-byte; no recomputation	unchanged intentional August 15 final prediction
1786822892840-k2dfrm	Jeremiah Wells|Myktybek Orolbai	projectedFinish	"DEC"	"DEC"	refresh commit 65f32e1 (intentional final pre-fight capture, user-confirmed authoritative)	preserved byte-for-byte; no recomputation	unchanged intentional August 15 final prediction
1786822892840-k2dfrm	Jeremiah Wells|Myktybek Orolbai	projectedKO	31	31	refresh commit 65f32e1 (intentional final pre-fight capture, user-confirmed authoritative)	preserved byte-for-byte; no recomputation	unchanged intentional August 15 final prediction
1786822892840-k2dfrm	Jeremiah Wells|Myktybek Orolbai	projectedSUB	23	23	refresh commit 65f32e1 (intentional final pre-fight capture, user-confirmed authoritative)	preserved byte-for-byte; no recomputation	unchanged intentional August 15 final prediction
1786822892840-k2dfrm	Jeremiah Wells|Myktybek Orolbai	trackedProb	0.791685136914412	0.791685136914412	refresh commit 65f32e1 (intentional final pre-fight capture, user-confirmed authoritative)	preserved byte-for-byte; no recomputation	unchanged intentional August 15 final prediction
1786822892840-k2dfrm	Jeremiah Wells|Myktybek Orolbai	trackedSide	"Myktybek Orolbai"	"Myktybek Orolbai"	refresh commit 65f32e1 (intentional final pre-fight capture, user-confirmed authoritative)	preserved byte-for-byte; no recomputation	unchanged intentional August 15 final prediction
1786822892840-k2dfrm	Jeremiah Wells|Myktybek Orolbai	v2pA	0.20831486308558797	0.20831486308558797	refresh commit 65f32e1 (intentional final pre-fight capture, user-confirmed authoritative)	preserved byte-for-byte; no recomputation	unchanged intentional August 15 final prediction
1786822892840-k2dfrm	Jeremiah Wells|Myktybek Orolbai	v2pB	0.791685136914412	0.791685136914412	refresh commit 65f32e1 (intentional final pre-fight capture, user-confirmed authoritative)	preserved byte-for-byte; no recomputation	unchanged intentional August 15 final prediction
1786823202677-ahytyi	Islam Makhachev|Ian Machado Garry	<entire upcoming entry>	present in src/upcomingData.js	<removed>	grading handoff contract, src/data/migration/migrateV0ToV1.mjs:133	3a67be6 landed only the ROI half; removal completes the handoff	removal from Upcoming as grading handoff
1786823171429-hq4you	Mackenzie Dern|Gillian Robertson	<entire upcoming entry>	present in src/upcomingData.js	<removed>	grading handoff contract, src/data/migration/migrateV0ToV1.mjs:133	3a67be6 landed only the ROI half; removal completes the handoff	removal from Upcoming as grading handoff
1786823131332-dg1zxg	Jalin Turner|Kaue Fernandes	<entire upcoming entry>	present in src/upcomingData.js	<removed>	grading handoff contract, src/data/migration/migrateV0ToV1.mjs:133	3a67be6 landed only the ROI half; removal completes the handoff	removal from Upcoming as grading handoff
1786823094478-i6q6sa	Mansur Abdul-Malik|Dustin Stoltzfus	<entire upcoming entry>	present in src/upcomingData.js	<removed>	grading handoff contract, src/data/migration/migrateV0ToV1.mjs:133	3a67be6 landed only the ROI half; removal completes the handoff	removal from Upcoming as grading handoff
1786823062490-fbmbbj	Edson Barboza|Esteban Ribovics	<entire upcoming entry>	present in src/upcomingData.js	<removed>	grading handoff contract, src/data/migration/migrateV0ToV1.mjs:133	3a67be6 landed only the ROI half; removal completes the handoff	removal from Upcoming as grading handoff
1786823040114-fo1k6b	Chidi Njokuani|Joel Alvarez	<entire upcoming entry>	present in src/upcomingData.js	<removed>	grading handoff contract, src/data/migration/migrateV0ToV1.mjs:133	3a67be6 landed only the ROI half; removal completes the handoff	removal from Upcoming as grading handoff
1786823004768-lj5jjp	Donte Johnson|Eric McConico	<entire upcoming entry>	present in src/upcomingData.js	<removed>	grading handoff contract, src/data/migration/migrateV0ToV1.mjs:133	3a67be6 landed only the ROI half; removal completes the handoff	removal from Upcoming as grading handoff
1786822978190-jtaix9	Vicente Luque|Tresean Gore	<entire upcoming entry>	present in src/upcomingData.js	<removed>	grading handoff contract, src/data/migration/migrateV0ToV1.mjs:133	3a67be6 landed only the ROI half; removal completes the handoff	removal from Upcoming as grading handoff
1786822935624-ddtt76	Neil Magny|Ramiz Brahimaj	<entire upcoming entry>	present in src/upcomingData.js	<removed>	grading handoff contract, src/data/migration/migrateV0ToV1.mjs:133	3a67be6 landed only the ROI half; removal completes the handoff	removal from Upcoming as grading handoff
1786822892840-k2dfrm	Jeremiah Wells|Myktybek Orolbai	<entire upcoming entry>	present in src/upcomingData.js	<removed>	grading handoff contract, src/data/migration/migrateV0ToV1.mjs:133	3a67be6 landed only the ROI half; removal completes the handoff	removal from Upcoming as grading handoff
